ID_AMOSTRA,LINHA_BASE,ANO,PERIODO,CAMPANHA,ABA_ORIGEM,LINHA_ORIGEM,RNQA,HIDRO,ROTA,MUNICIPIO,CORPODAGUA,NUMERO_COLETA,NUMERO_LAUDO,DATA_COLETA,HORARIO_COLETA,NUMERO_MEDICAO,LATITUDE,LONGITUDE,CHOVEU_EM_24H,PROFUNDIDADE,VAZAO,TEMPERATURA_AR,TEMPERATURA_AGUA,PH,OXIGENIO_DISSOLVIDO,COND_ELETRICA_ESPECIFICA,TURBIDEZ,SALINIDADE,ALCALINIDADE,TRANSPARENCIA_AGUA,SOLIDOS_DISSOLVIDOS,SOLIDOS_SUSPENSOS,CLORETO_TOTAL,FLUORETO_TOTAL,BROMETO_TOTAL,NITRATO,NITRITO,SULFATO,FOSFATO_TOTAL,ORTOFOSFATO,FOSFORO_TOTAL,NITROGENIO_AMONIACAL,SITUACAO,OBSERVACOES,ORIG_FLUORETO_TOTAL,ORIG_BROMETO_TOTAL,ORIG_NITRATO,ORIG_NITRITO,ORIG_SULFATO,ORIG_FOSFATO_TOTAL,BACIA_ITAPECURU,CRITERIO_BACIA,FLAG_VALOR_INVALIDO,MOTIVO_VALOR_INVALIDO,VALIDO_PARA_CALCULO,OUTLIER_PROFUNDIDADE,OUTLIER_VAZAO,OUTLIER_TEMPERATURA_AR,OUTLIER_TEMPERATURA_AGUA,OUTLIER_PH,OUTLIER_OXIGENIO_DISSOLVIDO,OUTLIER_COND_ELETRICA_ESPECIFICA,OUTLIER_TURBIDEZ,OUTLIER_SALINIDADE,OUTLIER_ALCALINIDADE,OUTLIER_TRANSPARENCIA_AGUA,OUTLIER_SOLIDOS_DISSOLVIDOS,OUTLIER_SOLIDOS_SUSPENSOS,OUTLIER_CLORETO_TOTAL,OUTLIER_FLUORETO_TOTAL,OUTLIER_BROMETO_TOTAL,OUTLIER_NITRATO,OUTLIER_NITRITO,OUTLIER_SULFATO,OUTLIER_FOSFATO_TOTAL,OUTLIER_ORTOFOSFATO,OUTLIER_FOSFORO_TOTAL,OUTLIER_NITROGENIO_AMONIACAL,N_OUTLIERS_LINHA
ITA-0001,54,2017,,1.0,2017 REMQAS,54,MA-7191-IE-4,33698000.0,,ROSARIO,RIO ITAPECURU,,,2017-03-27,,,-2.90911,-44.2429,,,,26.4,27.96,6.35,5.7,65.6,57.84,,,,,,,,,,,,,,,,,,,,,,,,SIM,RIO PRINCIPAL DA BACIA,NAO,,True,,,False,False,False,False,False,False,,,,,,,,,,,,,,,,0
ITA-0002,55,2017,,1.0,2017 REMQAS,55,MA-7181-I-4,,,ROSARIO,RIO ITAPECURU,,,2017-03-27,,,-3.04538,-44.2365,,,,23.3,27.9,6.4,5.81,61.7,37.5,,,,,,,,,,,,,,,,NAO PREENCHIVEL: HIDRO AMBIGUO,,,,,,,,SIM,RIO PRINCIPAL DA BACIA,NAO,,True,,,False,False,False,False,False,False,,,,,,,,,,,,,,,,0
ITA-0003,56,2017,,1.0,2017 REMQAS,56,MA-7181-I-2,33693000.0,,SANTA RITA,RIO ITAPECURU,,,2017-01-27,,,-3.15473,-44.2809,,,,23.5,27.9,5.88,5.33,64.2,50.74,,,,,,,,,,,,,,,,,,,,,,,,SIM,RIO PRINCIPAL DA BACIA,NAO,,True,,,False,False,False,False,False,False,,,,,,,,,,,,,,,,0
ITA-0004,58,2017,,1.0,2017 REMQAS,58,MA-7164-I-19,33680001.0,,CANTANHEDE,RIO ITAPECURU,,,2017-03-29,,,-3.62778,-44.3792,,,,30.0,29.0,6.61,6.35,87.0,47.7,,,,,,,,,,,,,,,,,,,,,,,,SIM,RIO PRINCIPAL DA BACIA,NAO,,True,,,False,False,False,False,False,False,,,,,,,,,,,,,,,,0
ITA-0005,60,2017,,1.0,2017 REMQAS,60,MA-7181-I-1,33690000.0,,ITAPECURU-MIRIM,RIO ITAPECURU,,,2017-03-29,,,-3.37039,-44.3447,,,,30.0,29.8,6.6,6.43,87.0,47.8,,,,,,,,,,,,,,,,,,,,,,,,SIM,RIO PRINCIPAL DA BACIA,NAO,,True,,,False,False,False,False,False,False,,,,,,,,,,,,,,,,0
ITA-0006,61,2017,,1.0,2017 REMQAS,61,MA-7181-I-3,33685000.0,,ITAPECURU-MIRIM,RIO ITAPECURU,,,2017-03-28,,,-3.53386,-44.3959,,,,26.47,29.0,6.2,5.84,72.5,56.3,,,,,,,,,,,,,,,,,,,,,,,,SIM,RIO PRINCIPAL DA BACIA,NAO,,True,,,False,False,False,False,False,False,,,,,,,,,,,,,,,,0
ITA-0007,95,2017,,1.0,2017 REMQAS,95,MA-7187-I-4,,,COLINAS,RIO ITAPECURU,,,2017-04-24,,,,,,,,25.92,27.3,6.64,7.47,13.9,6.66,,,,,,,,,,,,,,,,HIDRO NAO INFORMADO NA ORIGEM (NAO POSSUI),,,,,,,,SIM,RIO PRINCIPAL DA BACIA,NAO,,True,,,False,False,False,False,False,False,,,,,,,,,,,,,,,,0
ITA-0008,96,2017,,1.0,2017 REMQAS,96,MA-7187-I-1,,,COLINAS,RIO ITAPECURU,,,2017-04-24,,,,,,,,27.44,27.44,6.24,7.25,33.4,68.84,,,,,,,,,,,,,,,,,,,,,,,,SIM,RIO PRINCIPAL DA BACIA,NAO,,True,,,False,False,False,False,False,False,,,,,,,,,,,,,,,,0
ITA-0009,103,2017,,1.0,2017 REMQAS,103,MA-7182-I-3,,,PIRAPEMAS,RIO PERITORO,,,2017-05-10,,,-3.86152,-44.2861,,,,29.93,28.31,7.55,5.5,100.5,17.85,,,,,,,,,,,,,,,,NAO PREENCHIVEL: HIDRO AMBIGUO,,,,,,,,SIM,AFLUENTE OFICIAL DO ITAPECURU (CODEVASF/IBGE; NUGEO-UEMA),NAO,,True,,,False,False,False,False,False,False,,,,,,,,,,,,,,,,0
ITA-0010,104,2017,,1.0,2017 REMQAS,104,MA-7182-I-2,,,PIRAPEMAS,RIO PERITORO,,,2017-05-10,,,-3.82522,-44.2871,,,,28.08,28.25,6.7,5.73,98.4,19.8,,,,,,,,,,,,,,,,NAO PREENCHIVEL: HIDRO AMBIGUO,,,,,,,,SIM,AFLUENTE OFICIAL DO ITAPECURU (CODEVASF/IBGE; NUGEO-UEMA),NAO,,True,,,False,False,False,False,False,False,,,,,,,,,,,,,,,,0
ITA-0011,106,2017,,1.0,2017 REMQAS,106,MA-7185-I-1,33661000.0,,PIRAPEMAS,RIACHO PERITORO,,,2017-05-10,,,-3.70913,-44.2874,,,,28.66,28.16,7.01,6.08,64.8,23.16,,,,,,,,,,,,,,,,,,,,,,,,SIM,AFLUENTE OFICIAL DO ITAPECURU (CODEVASF/IBGE; NUGEO-UEMA),NAO,,True,,,False,False,False,False,False,False,,,,,,,,,,,,,,,,0
ITA-0012,107,2017,,1.0,2017 REMQAS,107,MA-7185-I-3,,,SAO MATEUS DO MARANHAO,RIO TAPUIO,,,2017-05-10,,,-4.01658,-44.4441,,,,27.19,28.33,7.25,3.6,68.7,22.51,,,,,,,,,,,,,,,,NAO PREENCHIVEL: HIDRO AMBIGUO,,,,,,,,SIM,AFLUENTE OFICIAL DO ITAPECURU (CODEVASF/IBGE; NUGEO-UEMA),NAO,,True,,,False,False,False,False,False,False,,,,,,,,,,,,,,,,0
ITA-0013,177,2017,,2.0,2017.2 REMQAS,54,MA-7191-IE-4,33698000.0,,ROSARIO,RIO ITAPECURU,,,2017-07-04,,,,,,,,25.91,29.82,7.15,8.26,124.5,210.45,,,,,,,,,,,,,,,,,,,,,,,,SIM,RIO PRINCIPAL DA BACIA,NAO,,True,,,False,False,False,False,False,True,,,,,,,,,,,,,,,,1
ITA-0014,178,2017,,2.0,2017.2 REMQAS,55,MA-7181-I-4,,,ROSARIO,RIO ITAPECURU,,,2017-07-05,,,,,,,,26.16,30.32,8.23,6.43,57.1,10.67,,,,,,,,,,,,,,,,NAO PREENCHIVEL: HIDRO AMBIGUO,,,,,,,,SIM,RIO PRINCIPAL DA BACIA,NAO,,True,,,False,False,False,False,False,False,,,,,,,,,,,,,,,,0
ITA-0015,179,2017,,2.0,2017.2 REMQAS,56,MA-7181-I-2,33693000.0,,SANTA RITA,RIO ITAPECURU,,,2017-07-05,,,,,,,,25.93,30.26,8.08,7.17,82.4,18.41,,,,,,,,,,,,,,,,,,,,,,,,SIM,RIO PRINCIPAL DA BACIA,NAO,,True,,,False,False,False,False,False,False,,,,,,,,,,,,,,,,0
ITA-0016,181,2017,,2.0,2017.2 REMQAS,58,MA-7164-I-19,33680001.0,,CANTANHEDE,RIO ITAPECURU,,,2017-07-09,,,,,,,,24.25,28.57,7.52,7.05,79.6,84.6,,,,,,,,,,,,,,,,,,,,,,,,SIM,RIO PRINCIPAL DA BACIA,NAO,,True,,,False,False,False,False,False,False,,,,,,,,,,,,,,,,0
ITA-0017,183,2017,,2.0,2017.2 REMQAS,60,MA-7181-I-1,33690000.0,,ITAPECURU-MIRIM,RIO ITAPECURU,,,2017-07-05,,,,,,,,24.89,30.04,8.04,7.48,82.6,33.44,,,,,,,,,,,,,,,,,,,,,,,,SIM,RIO PRINCIPAL DA BACIA,NAO,,True,,,False,False,False,False,False,False,,,,,,,,,,,,,,,,0
ITA-0018,184,2017,,2.0,2017.2 REMQAS,61,MA-7181-I-3,33685000.0,,ITAPECURU-MIRIM,RIO ITAPECURU,,,2017-07-06,,,,,,,,24.75,29.52,7.77,7.72,80.2,47.43,,,,,,,,,,,,,,,,,,,,,,,,SIM,RIO PRINCIPAL DA BACIA,NAO,,True,,,False,False,False,False,False,False,,,,,,,,,,,,,,,,0
ITA-0019,218,2017,,2.0,2017.2 REMQAS,96,MA-7187-I-4,,,COLINAS,RIO ITAPECURU,,,2017-07-19,,,-6.01763,-44.3196,,,,22.65,23.65,7.13,8.14,9.9,3.49,,,,,,,,,,,,,,,,HIDRO NAO INFORMADO NA ORIGEM (NAO POSSUI),,,,,,,,SIM,RIO PRINCIPAL DA BACIA,NAO,,True,,,True,True,False,False,False,False,,,,,,,,,,,,,,,,2
ITA-0020,219,2017,,2.0,2017.2 REMQAS,97,MA-7187-I-1,,,COLINAS,RIO ITAPECURU,,,2017-07-19,,,-6.01161,-44.2381,,,,23.68,23.83,7.15,8.02,12.9,11.64,,,,,,,,,,,,,,,,,,,,,,,,SIM,RIO PRINCIPAL DA BACIA,NAO,,True,,,False,True,False,False,False,False,,,,,,,,,,,,,,,,1
ITA-0021,229,2017,,2.0,2017.2 REMQAS,107,MA-7185-I-1,33661000.0,,PIRAPEMAS,RIACHO PERITORO,,,,,,-3.70639,-44.2872,,,,26.61,27.76,5.54,6.8,214.0,33.85,,,,,,,,,,,,,,,,,,,,,,,,SIM,AFLUENTE OFICIAL DO ITAPECURU (CODEVASF/IBGE; NUGEO-UEMA),NAO,,True,,,False,False,False,False,False,False,,,,,,,,,,,,,,,,0
ITA-0022,230,2017,,2.0,2017.2 REMQAS,108,MA-7185-I-3,,,SAO MATEUS DO MARANHAO,RIO TAPUIO,,,,,,-4.01806,-44.4417,,,,,,,,,,,,,,,,,,,,,,,,,TEXTO: X; NAO PREENCHIVEL: HIDRO AMBIGUO,,,,,,,,SIM,AFLUENTE OFICIAL DO ITAPECURU (CODEVASF/IBGE; NUGEO-UEMA),NAO,,True,,,,,,,,,,,,,,,,,,,,,,,,0
ITA-0023,288,2017,1.0,,2017- 1° PERIODO,42,MA-7164-I-19,33680001.0,,CANTANHEDE,RIO ITAPECURU,,,2017-09-28,08:10:00,1.0,-3.628631,-44.37863,NAO,-0.79,,27.156,30.55,6.68,7.67,61.5,10.47,0.02,,,,,,,,,,,,,,,VALOR ATIPICO EM PROFUNDIDADE,,,,,,,,SIM,RIO PRINCIPAL DA BACIA,SIM,PROFUNDIDADE=-0.79 (NEGATIVO) | VALOR CONFERIDO NA ABA DE ORIGEM: JA CONSTA ASSIM NO DADO BRUTO,False,,,,,,,,,,,,,,,,,,,,,,,,0
ITA-0024,289,2017,1.0,,2017- 1° PERIODO,43,MA-7164-I-19,33680001.0,,CANTANHEDE,RIO ITAPECURU,,,2017-12-11,08:15:00,2.0,-3.629806,-44.378167,,,,27.5,29.1,6.2,7.6,79.0,29.0,0.03,,,,,,,,,,,,,,,,,,,,,,,SIM,RIO PRINCIPAL DA BACIA,NAO,,True,,,False,False,False,False,False,False,False,,,,,,,,,,,,,,,0
ITA-0025,294,2017,1.0,,2017- 1° PERIODO,48,MA-7181-I-1,33690000.0,,ITAPECURU-MIRIM,RIO ITAPECURU,,,,10:09:00,1.0,-3.371232,-44.344984,NAO,-0.76,,28.6,30.808,6.5,8.15,62.5,14.74,0.03,,,,,,,,,,,,,,,DATA NAO RECONHECIDA; VALOR ATIPICO EM PROFUNDIDADE,,,,,,,,SIM,RIO PRINCIPAL DA BACIA,SIM,PROFUNDIDADE=-0.76 (NEGATIVO) | VALOR CONFERIDO NA ABA DE ORIGEM: JA CONSTA ASSIM NO DADO BRUTO,False,,,,,,,,,,,,,,,,,,,,,,,,0
ITA-0026,295,2017,1.0,,2017- 1° PERIODO,49,MA-7181-I-1,33690000.0,,ITAPECURU-MIRIM,RIO ITAPECURU,,,2017-12-11,10:33:00,2.0,-3.379056,-44.349194,,,,26.15,29.0,6.82,7.45,49.7,16.3,0.03,,,,,,,,,,,,,,,,,,,,,,,SIM,RIO PRINCIPAL DA BACIA,NAO,,True,,,False,False,False,False,False,False,False,,,,,,,,,,,,,,,0
ITA-0027,296,2017,1.0,,2017- 1° PERIODO,50,MA-7181-I-2,33693000.0,,SANTA RITA,RIO ITAPECURU,,,2017-09-19,08:37:00,1.0,-3.158178,-44.287087,NAO,-0.62,,28.17,31.18,7.02,6.95,31.18,8.29,0.03,,,,,,,,,,,,,,,VALOR ATIPICO EM PROFUNDIDADE,,,,,,,,SIM,RIO PRINCIPAL DA BACIA,SIM,PROFUNDIDADE=-0.62 (NEGATIVO) | VALOR CONFERIDO NA ABA DE ORIGEM: JA CONSTA ASSIM NO DADO BRUTO,False,,,,,,,,,,,,,,,,,,,,,,,,0
ITA-0028,297,2017,1.0,,2017- 1° PERIODO,51,MA-7181-I-2,33693000.0,,SANTA RITA,RIO ITAPECURU,,,2017-12-18,09:28:00,2.0,-3.154,-44.28,,31.69,,26.12,29.13,5.59,6.32,50.9,20.05,0.02,,,,,,,,,,,,,,,,,,,,,,,SIM,RIO PRINCIPAL DA BACIA,NAO,,True,True,,False,False,False,False,False,False,False,,,,,,,,,,,,,,,1
ITA-0029,298,2017,1.0,,2017- 1° PERIODO,52,MA-7181-I-3,33685000.0,,ITAPECURU-MIRIM,RIO ITAPECURU,,,2017-09-28,08:45:00,1.0,-3.525876,-44.402093,NAO,-0.69,,28.024,30.786,6.64,8.13,60.5,12.03,0.02,,,,,,,,,,,,,,,VALOR ATIPICO EM PROFUNDIDADE,,,,,,,,SIM,RIO PRINCIPAL DA BACIA,SIM,PROFUNDIDADE=-0.69 (NEGATIVO) | VALOR CONFERIDO NA ABA DE ORIGEM: JA CONSTA ASSIM NO DADO BRUTO,False,,,,,,,,,,,,,,,,,,,,,,,,0
ITA-0030,299,2017,1.0,,2017- 1° PERIODO,53,MA-7181-I-3,33685000.0,,ITAPECURU-MIRIM,RIO ITAPECURU,,,2017-12-11,09:20:00,2.0,-3.540944,-44.396722,,,,,29.6,7.26,7.29,49.4,25.15,0.02,,,,,,,,,,,,,,,COLUNA DESLOCADA NA ORIGEM,,,,,,,,SIM,RIO PRINCIPAL DA BACIA,NAO,,True,,,,False,False,False,False,False,False,,,,,,,,,,,,,,,0
ITA-0031,302,2017,1.0,,2017- 1° PERIODO,56,MA-7185-I-3,33631001.0,,SAO MATEUS DO MARANHAO,RIO TAPUIO,,,2017-09-19,11:07:00,1.0,-3.880483,-44.614022,NAO,-0.46,,25.53,31.99,6.44,6.46,99.8,36.33,0.04,,,,,,,,,,,,,,,VALOR ATIPICO EM PROFUNDIDADE,,,,,,,,SIM,AFLUENTE OFICIAL DO ITAPECURU (CODEVASF/IBGE; NUGEO-UEMA),SIM,PROFUNDIDADE=-0.46 (NEGATIVO) | VALOR CONFERIDO NA ABA DE ORIGEM: JA CONSTA ASSIM NO DADO BRUTO,False,,,,,,,,,,,,,,,,,,,,,,,,0
ITA-0032,303,2017,1.0,,2017- 1° PERIODO,57,MA-7185-I-3,33631001.0,,SAO MATEUS DO MARANHAO,RIO TAPUIO,,,2017-11-18,12:00:00,2.0,-4.011,-44.441,,,,,,,,,,,,,,,,,,,,,,,,,,SECO,,,,,,,SIM,AFLUENTE OFICIAL DO ITAPECURU (CODEVASF/IBGE; NUGEO-UEMA),NAO,,True,,,,,,,,,,,,,,,,,,,,,,,,0
ITA-0033,304,2017,1.0,,2017- 1° PERIODO,58,MA-7191-IE-4,33698000.0,,ROSARIO,RIO ITAPECURU,,,2017-09-05,08:30:00,1.0,-2.909108,-44.242946,NAO,-1.01,,26.6,29.68,6.84,6.17,34046.0,113.41,19.33,,,,,,,,,,,,,,,VALOR ATIPICO EM PROFUNDIDADE,,,,,,,,SIM,RIO PRINCIPAL DA BACIA,SIM,PROFUNDIDADE=-1.01 (NEGATIVO) | VALOR CONFERIDO NA ABA DE ORIGEM: JA CONSTA ASSIM NO DADO BRUTO,False,,,,,,,,,,,,,,,,,,,,,,,,0
ITA-0034,305,2017,1.0,,2017- 1° PERIODO,59,MA-7191-IE-4,33698000.0,,ROSARIO,RIO ITAPECURU,,,2017-12-04,15:52:00,2.0,-2.901,-44.244,,31.16,,28.07,29.66,8.29,6.93,2270.0,349.29,0.99,,,,,,,,,,,,,,,,,,,,,,,SIM,RIO PRINCIPAL DA BACIA,NAO,,True,True,,False,False,False,False,True,True,True,,,,,,,,,,,,,,,4
ITA-0035,398,2018,2.0,,2018- 2° PERIODO,42,MA-7164-I-19,33680001.0,,CANTANHEDE,RIO ITAPECURU,,,2018-04-04,08:00:00,1.0,-3.630028,-44.378417,NAO,1.25,,26.36,27.0,6.54,5.64,58.1,64.26,0.02,,,,,,,,,,,,,,,,,,,,,,,SIM,RIO PRINCIPAL DA BACIA,NAO,,True,False,,False,False,False,False,False,False,False,,,,,,,,,,,,,,,0
ITA-0036,399,2018,2.0,,2018- 2° PERIODO,43,MA-7164-I-19,33680001.0,,CANTANHEDE,RIO ITAPECURU,,,2018-06-29,09:48:00,2.0,,,NAO,,,27.6,28.5,7.77,8.12,93.9,18.4,0.04,,,,,,,,,,,,,,,COORDENADA INVALIDA: 03°63258; COORDENADA INVALIDA: 44°37591,,,,,,,,SIM,RIO PRINCIPAL DA BACIA,NAO,,True,,,False,False,False,False,False,False,False,,,,,,,,,,,,,,,0
ITA-0037,404,2018,2.0,,2018- 2° PERIODO,48,MA-7181-I-1,33690000.0,,ITAPECURU-MIRIM,RIO ITAPECURU,,,2018-04-04,10:38:00,1.0,-3.379167,-44.349139,NAO,1.26,,25.7,27.125,6.55,5.57,54.4,72.87,0.02,,,,,,,,,,,,,,,,,,,,,,,SIM,RIO PRINCIPAL DA BACIA,NAO,,True,False,,False,False,False,False,False,False,False,,,,,,,,,,,,,,,0
ITA-0038,405,2018,2.0,,2018- 2° PERIODO,49,MA-7181-I-1,33690000.0,,ITAPECURU-MIRIM,RIO ITAPECURU,,,2018-06-29,11:50:00,2.0,,,NAO,,,26.93,29.6,8.71,9.72,102.7,15.02,0.04,,,,,,,,,,,,,,,COORDENADA INVALIDA: 03°37893; COORDENADA INVALIDA: 44°34906,,,,,,,,SIM,RIO PRINCIPAL DA BACIA,NAO,,True,,,False,False,True,False,False,False,False,,,,,,,,,,,,,,,1
ITA-0039,406,2018,2.0,,2018- 2° PERIODO,50,MA-7181-I-2,33693000.0,,SANTA RITA,RIO ITAPECURU,,,2018-03-20,06:25:00,1.0,-3.163111,-44.278806,NAO,31.22,,26.5,29.3,4.45,6.31,105.3,31.4,0.04,,,,,,,,,,,,,,,,,,,,,,,SIM,RIO PRINCIPAL DA BACIA,NAO,,True,True,,False,False,True,False,False,False,False,,,,,,,,,,,,,,,2
ITA-0040,407,2018,2.0,,2018- 2° PERIODO,51,MA-7181-I-2,33693000.0,,SANTA RITA,RIO ITAPECURU,,,2018-06-12,07:30:00,2.0,-3.162667,-44.280917,NAO,,,23.9,28.9,4.65,7.4,98.9,23.4,0.04,,,,,,,,,,,,,,,,,,,,,,,SIM,RIO PRINCIPAL DA BACIA,NAO,,True,,,False,False,True,False,False,False,False,,,,,,,,,,,,,,,1
ITA-0041,408,2018,2.0,,2018- 2° PERIODO,52,MA-7181-I-3,33685000.0,,ITAPECURU-MIRIM,RIO ITAPECURU,,,2018-04-04,09:35:00,1.0,-3.540889,-44.396611,NAO,1.23,,25.015,26.965,6.55,5.66,55.4,67.45,0.02,,,,,,,,,,,,,,,,,,,,,,,SIM,RIO PRINCIPAL DA BACIA,NAO,,True,False,,False,False,False,False,False,False,False,,,,,,,,,,,,,,,0
ITA-0042,409,2018,2.0,,2018- 2° PERIODO,53,MA-7181-I-3,33685000.0,,ITAPECURU-MIRIM,RIO ITAPECURU,,,2018-06-29,11:00:00,2.0,,,NAO,,,26.43,28.8,8.1,8.64,94.9,17.2,0.04,,,,,,,,,,,,,,,COORDENADA INVALIDA: 3°54098; COORDENADA INVALIDA: 44°39711,,,,,,,,SIM,RIO PRINCIPAL DA BACIA,NAO,,True,,,False,False,False,False,False,False,False,,,,,,,,,,,,,,,0
ITA-0043,412,2018,2.0,,2018- 2° PERIODO,56,MA-7185-I-3,33631001.0,,SAO MATEUS DO MARANHAO,RIO TAPUIO,,,2018-03-20,08:40:00,1.0,-4.011028,-44.440861,NAO,31.26,,27.1,30.02,4.18,2.15,106.3,10.92,0.004,,,,,,,,,,,,,,,,,,,,,,,SIM,AFLUENTE OFICIAL DO ITAPECURU (CODEVASF/IBGE; NUGEO-UEMA),NAO,,True,True,,False,False,True,True,False,False,False,,,,,,,,,,,,,,,3
ITA-0044,413,2018,2.0,,2018- 2° PERIODO,57,MA-7185-I-3,33631001.0,,SAO MATEUS DO MARANHAO,RIO TAPUIO,,,2018-06-12,10:00:00,2.0,-4.011056,-44.44075,NAO,,,30.5,28.7,7.13,4.74,139.3,24.1,0.06,,,,,,,,,,,,,,,,,,,,,,,SIM,AFLUENTE OFICIAL DO ITAPECURU (CODEVASF/IBGE; NUGEO-UEMA),NAO,,True,,,False,False,False,False,False,False,False,,,,,,,,,,,,,,,0
ITA-0045,414,2018,2.0,,2018- 2° PERIODO,58,MA-7191-IE-4,33698000.0,,ROSARIO,RIO ITAPECURU,,,2018-03-14,09:40:00,1.0,-2.902393,-44.244601,NAO,31.2,,28.0,29.397,3.39,5.69,103.5,41.11,0.05,,,,,,,,,,,,,,,,,,,,,,,SIM,RIO PRINCIPAL DA BACIA,NAO,,True,True,,False,False,True,False,False,False,False,,,,,,,,,,,,,,,2
ITA-0046,415,2018,2.0,,2018- 2° PERIODO,59,MA-7191-IE-4,33698000.0,,ROSARIO,RIO ITAPECURU,,,2018-06-05,08:05:00,2.0,-2.90195,-44.244278,NAO,30.23,,25.9,29.266,4.61,6.97,119.9,35.3,0.05,,,,,,,,,,,,,,,,,,,,,,,SIM,RIO PRINCIPAL DA BACIA,NAO,,True,True,,False,False,True,False,False,False,False,,,,,,,,,,,,,,,2
ITA-0047,514,2018,3.0,,2018-3° PERIODO,48,MA-7164-I-19,33680001.0,,CANTANHEDE,RIO ITAPECURU,,,2018-09-17,12:20:00,1.0,,,NAO,,,30.7,31.7,7.8,8.22,69.9,19.24,0.03,,,,,,,,,,,,,,,COORDENADA INVALIDA: 3°62944; COORDENADA INVALIDA: 44°37782,,,,,,,,SIM,RIO PRINCIPAL DA BACIA,NAO,,True,,,False,False,False,False,False,False,False,,,,,,,,,,,,,,,0
ITA-0048,515,2018,3.0,,2018-3° PERIODO,49,MA-7164-I-19,33680001.0,,CANTANHEDE,RIO ITAPECURU,,,2018-12-18,10:28:00,2.0,,,NAO,,,28.37,28.25,7.47,6.04,84.6,108.39,0.04,,,,,,,,,,,,,,,COORDENADA FORA DO MARANHAO,,,,,,,,SIM,RIO PRINCIPAL DA BACIA,NAO,,True,,,False,False,False,False,False,False,False,,,,,,,,,,,,,,,0
ITA-0049,522,2018,3.0,,2018-3° PERIODO,56,MA-7181-I-1,33690000.0,,ITAPECURU-MIRIM,RIO ITAPECURU,,,2018-09-17,14:28:00,1.0,,,NAO,,,29.8,32.3,8.0,7.88,70.3,17.12,0.03,,,,,,,,,,,,,,,COORDENADA INVALIDA: 3°37900; COORDENADA INVALIDA: 44°34918,,,,,,,,SIM,RIO PRINCIPAL DA BACIA,NAO,,True,,,False,False,False,False,False,False,False,,,,,,,,,,,,,,,0
ITA-0050,523,2018,3.0,,2018-3° PERIODO,57,MA-7181-I-1,33690000.0,,ITAPECURU-MIRIM,RIO ITAPECURU,,,2018-12-18,08:25:00,2.0,-3.651389,-44.702222,NAO,,,26.15,27.72,6.18,5.65,87.5,275.43,0.04,,,,,,,,,,,,,,,,,,,,,,,SIM,RIO PRINCIPAL DA BACIA,NAO,,True,,,False,False,False,False,False,True,False,,,,,,,,,,,,,,,1
ITA-0051,524,2018,3.0,,2018-3° PERIODO,58,MA-7181-I-2,33693000.0,,SANTA RITA,RIO ITAPECURU,,,2018-08-29,07:25:00,1.0,-3.154722,-44.280889,NAO,,,25.5,30.3,6.6,5.95,73.8,1.01,0.03,,,,,,,,,,,,,,,,,,,,,,,SIM,RIO PRINCIPAL DA BACIA,NAO,,True,,,False,False,False,False,False,False,False,,,,,,,,,,,,,,,0
ITA-0052,525,2018,3.0,,2018-3° PERIODO,59,MA-7181-I-2,33693000.0,,SANTA RITA,RIO ITAPECURU,,,2018-11-27,07:18:00,2.0,,,NAO,,,27.5,29.97,6.27,6.15,55.6,15.3,0.02,,,,,,,,,,,,,,,COORDENADA INVALIDA: 03°16136; COORDENADA INVALIDA: 44°28595,,,,,,,,SIM,RIO PRINCIPAL DA BACIA,NAO,,True,,,False,False,False,False,False,False,False,,,,,,,,,,,,,,,0
ITA-0053,526,2018,3.0,,2018-3° PERIODO,60,MA-7181-I-3,33685000.0,,ITAPECURU-MIRIM,RIO ITAPECURU,,,2018-09-17,12:46:00,1.0,,,NAO,,,33.3,32.3,8.44,8.3,72.7,21.35,0.03,,,,,,,,,,,,,,,COORDENADA INVALIDA: 3°59761; COORDENADA INVALIDA: 44°40035,,,,,,,,SIM,RIO PRINCIPAL DA BACIA,NAO,,True,,,True,False,False,False,False,False,False,,,,,,,,,,,,,,,1
ITA-0054,527,2018,3.0,,2018-3° PERIODO,61,MA-7181-I-3,33685000.0,,ITAPECURU-MIRIM,RIO ITAPECURU,,,2018-12-18,10:00:00,2.0,-4.158611,,NAO,,,27.56,28.08,7.25,6.28,81.4,109.8,0.04,,,,,,,,,,,,,,,COORDENADA FORA DO MARANHAO,,,,,,,,SIM,RIO PRINCIPAL DA BACIA,NAO,,True,,,False,False,False,False,False,False,False,,,,,,,,,,,,,,,0
ITA-0055,530,2018,3.0,,2018-3° PERIODO,64,MA-7185-I-3,33631001.0,,SAO MATEUS DO MARANHAO,RIO TAPUIO,,,2018-09-04,09:20:00,1.0,,,NAO,,,25.99,29.16,7.48,3.59,298.2,51.8,0.14,,,,,,,,,,,,,,,COORDENADA INVALIDA: 04°01093; COORDENADA INVALIDA: 44°44090,,,,,,,,SIM,AFLUENTE OFICIAL DO ITAPECURU (CODEVASF/IBGE; NUGEO-UEMA),NAO,,True,,,False,False,False,False,True,False,True,,,,,,,,,,,,,,,2
ITA-0056,531,2018,3.0,,2018-3° PERIODO,65,MA-7185-I-3,33631001.0,,SAO MATEUS DO MARANHAO,RIO TAPUIO,,,2018-12-04,10:05:00,2.0,,,NAO,,,,25.72,6.28,3.36,64.5,29.97,0.03,,,,,,,,,,,,,,,COORDENADA INVALIDA: 04°01096; COORDENADA INVALIDA: 44°44103; VALOR ATIPICO EM TEMPERATURA_AR; VALOR IMPOSSIVEL EM TEMPERATURA_AR,,,,,,,,SIM,AFLUENTE OFICIAL DO ITAPECURU (CODEVASF/IBGE; NUGEO-UEMA),NAO,,True,,,,False,False,True,False,False,False,,,,,,,,,,,,,,,1
ITA-0057,532,2018,3.0,,2018-3° PERIODO,66,MA-7191-IE-4,33698000.0,,ROSARIO,RIO ITAPECURU,,,2018-08-29,10:10:00,1.0,-2.902,-44.244278,NAO,,,28.5,28.9,7.6,5.85,28150.0,163.0,15.93,,,,,,,,,,,,,,,,,,,,,,,SIM,RIO PRINCIPAL DA BACIA,NAO,,True,,,False,False,False,False,True,True,True,,,,,,,,,,,,,,,3
ITA-0058,533,2018,3.0,,2018-3° PERIODO,67,MA-7191-IE-4,33698000.0,,ROSARIO,RIO ITAPECURU,,,2018-11-30,13:46:00,2.0,,,NAO,,,27.75,29.83,7.91,6.09,11071.3,91.43,6.28,,,,,,,,,,,,,,,COORDENADA INVALIDA: 02°90241; COORDENADA INVALIDA: 44°2261,,,,,,,,SIM,RIO PRINCIPAL DA BACIA,NAO,,True,,,False,False,False,False,True,False,True,,,,,,,,,,,,,,,2
ITA-0059,596,2018,3.0,,2018-3° PERIODO,130,MA-7183-I-3,33630000.0,,COROATA,RIO ITAPECURU,,,2018-08-27,11:30:00,1.0,,,NAO,,,26.86,30.85,7.94,8.32,34.8,21.29,0.01,,,,,,,,,,,,,,,COORDENADA INVALIDA: 04°12535; COORDENADA INVALIDA: 44°12988,,,,,,,,SIM,RIO PRINCIPAL DA BACIA,NAO,,True,,,False,False,False,False,False,False,False,,,,,,,,,,,,,,,0
ITA-0060,597,2018,3.0,,2018-3° PERIODO,131,MA-7183-I-3,33630000.0,,COROATA,RIO ITAPECURU,,,2018-11-27,14:50:00,2.0,,,NAO,,,28.15,31.3,7.58,8.27,51.4,21.4,0.02,,,,,,,,,,,,,,,COORDENADA INVALIDA: 04°12584; COORDENADA INVALIDA: 44°12792,,,,,,,,SIM,RIO PRINCIPAL DA BACIA,NAO,,True,,,False,False,False,False,False,False,False,,,,,,,,,,,,,,,0
ITA-0061,598,2018,3.0,,2018-3° PERIODO,132,MA-7185-I-5,33638000.0,,PIRAPEMAS,RIO PIRAPEMAS,,,2018-08-27,12:58:00,1.0,,,NAO,,,29.23,32.23,6.56,7.06,104.6,2.05,0.05,,,,,,,,,,,,,,,COORDENADA INVALIDA: 3°93604; COORDENADA INVALIDA: 44°01837,,,,,,,,SIM,AFLUENTE OFICIAL DO ITAPECURU (CODEVASF/IBGE; NUGEO-UEMA),NAO,,True,,,False,False,False,False,False,False,False,,,,,,,,,,,,,,,0
ITA-0062,599,2018,3.0,,2018-3° PERIODO,133,MA-7185-I-5,33638000.0,,PIRAPEMAS,RIO PIRAPEMAS,,,2018-11-27,15:22:00,2.0,,,NAO,,,31.6,31.2,7.3,9.22,480.0,105.8,0.2,,,,,,,,,,,,,,,COORDENADA INVALIDA: 03°93568; COORDENADA INVALIDA: 44°01882,,,,,,,,SIM,AFLUENTE OFICIAL DO ITAPECURU (CODEVASF/IBGE; NUGEO-UEMA),NAO,,True,,,True,False,False,False,True,False,True,,,,,,,,,,,,,,,3
ITA-0063,604,2018,3.0,,2018-3° PERIODO,138,MA-7185-I-12,,,CAXIAS,RIO ITAPECURU,,,2018-08-28,08:33:00,1.0,,-46.526,NAO,,,23.9,27.57,6.93,7.57,22.8,16.98,0.01,,,,,,,,,,,,,,,COORDENADA INVALIDA: 05°08420; HIDRO NAO INFORMADO NA ORIGEM (NAO POSSUI),,,,,,,,SIM,RIO PRINCIPAL DA BACIA,NAO,,True,,,False,False,False,False,False,False,False,,,,,,,,,,,,,,,0
ITA-0064,605,2018,3.0,,2018-3° PERIODO,139,MA-7185-I-12,,,CAXIAS,RIO ITAPECURU,,,2018-11-28,13:47:00,2.0,,,NAO,,,28.75,28.2,6.64,7.4,24.8,20.05,0.01,,,,,,,,,,,,,,,COORDENADA INVALIDA: 05°08418; COORDENADA INVALIDA: 43°46531; HIDRO NAO INFORMADO NA ORIGEM (NAO POSSUI),,,,,,,,SIM,RIO PRINCIPAL DA BACIA,NAO,,True,,,False,False,False,False,False,False,False,,,,,,,,,,,,,,,0
ITA-0065,606,2018,3.0,,2018-3° PERIODO,140,MA-7185-I-10,,,CAXIAS,RIO ITAPECURU,,,2018-08-28,11:15:00,1.0,,,NAO,,,24.38,28.74,7.07,7.74,37.9,21.5,0.02,,,,,,,,,,,,,,,COORDENADA INVALIDA: 04°67733; COORDENADA INVALIDA: 43°54264; HIDRO NAO INFORMADO NA ORIGEM (NAO POSSUI),,,,,,,,SIM,RIO PRINCIPAL DA BACIA,NAO,,True,,,False,False,False,False,False,False,False,,,,,,,,,,,,,,,0
ITA-0066,607,2018,3.0,,2018-3° PERIODO,141,MA-7185-I-10,,,CAXIAS,RIO ITAPECURU,,,2018-11-28,10:12:00,2.0,,,NAO,,,26.5,29.3,6.88,7.03,41.5,25.5,0.02,,,,,,,,,,,,,,,COORDENADA INVALIDA: 04°67929; COORDENADA INVALIDA: 43°52931; HIDRO NAO INFORMADO NA ORIGEM (NAO POSSUI),,,,,,,,SIM,RIO PRINCIPAL DA BACIA,NAO,,True,,,False,False,False,False,False,False,False,,,,,,,,,,,,,,,0
ITA-0067,608,2018,3.0,,2018-3° PERIODO,142,MA-7185-I-11,,,CAXIAS,RIO ITAPECURU,,,2018-08-28,12:45:00,1.0,,,NAO,,,25.98,29.08,7.11,7.74,32.5,17.66,0.02,,,,,,,,,,,,,,,COORDENADA INVALIDA: 04°793; COORDENADA INVALIDA: 43°39055; HIDRO NAO INFORMADO NA ORIGEM (NAO POSSUI),,,,,,,,SIM,RIO PRINCIPAL DA BACIA,NAO,,True,,,False,False,False,False,False,False,False,,,,,,,,,,,,,,,0
ITA-0068,609,2018,3.0,,2018-3° PERIODO,143,MA-7185-I-11,,,CAXIAS,RIO ITAPECURU,,,2018-11-28,09:20:00,2.0,,,NAO,,,25.63,28.88,7.16,6.95,34.7,21.84,0.01,,,,,,,,,,,,,,,COORDENADA INVALIDA: 04°79384; COORDENADA INVALIDA: 43°39046; HIDRO NAO INFORMADO NA ORIGEM (NAO POSSUI),,,,,,,,SIM,RIO PRINCIPAL DA BACIA,NAO,,True,,,False,False,False,False,False,False,False,,,,,,,,,,,,,,,0
ITA-0069,610,2018,3.0,,2018-3° PERIODO,144,MA-7185-I-1,33661000.0,,PIRAPEMAS,RIACHO PERITORO,,,2018-09-20,14:20:00,1.0,,,NAO,,,28.45,32.54,9.05,10.8,252.1,33.74,0.12,,,,,,,,,,,,,,,COORDENADA INVALIDA: 03°70913; COORDENADA INVALIDA: 44°28711,,,,,,,,SIM,AFLUENTE OFICIAL DO ITAPECURU (CODEVASF/IBGE; NUGEO-UEMA),NAO,,True,,,False,False,True,True,True,False,True,,,,,,,,,,,,,,,4
ITA-0070,611,2018,3.0,,2018-3° PERIODO,145,MA-7185-I-1,33661000.0,,PIRAPEMAS,RIACHO PERITORO,,,2018-11-29,15:23:00,2.0,,,NAO,,-0.0043,24.9,30.83,8.15,10.24,119.7,183.92,0.05,,,,,,,,,,,,,,,COORDENADA INVALIDA: 03°70922; COORDENADA INVALIDA: 44°28734,MEDICAO DE VAZAO SIMUTANEA,,,,,,,SIM,AFLUENTE OFICIAL DO ITAPECURU (CODEVASF/IBGE; NUGEO-UEMA),SIM,VAZAO=-0.0043 (NEGATIVO) | VALOR CONFERIDO NA ABA DE ORIGEM: JA CONSTA ASSIM NO DADO BRUTO,False,,,,,,,,,,,,,,,,,,,,,,,,0
ITA-0071,612,2018,3.0,,2018-3° PERIODO,146,MA-7185-I-7,33590000.0,,CODO,RIO ITAPECURU,,,2018-09-19,17:00:00,1.0,,,NAO,,32.48,32.7,32.25,7.21,7.38,37.1,24.86,0.02,,,,,,,,,,,,,,,COORDENADA INVALIDA: 4°4572805; COORDENADA INVALIDA: 43°8760100,MEDICAO DE VAZAO SIMUTANEA,,,,,,,SIM,RIO PRINCIPAL DA BACIA,NAO,,True,,False,True,False,False,False,False,False,False,,,,,,,,,,,,,,,1
ITA-0072,613,2018,3.0,,2018-3° PERIODO,147,MA-7185-I-7,33590000.0,,CODO,RIO ITAPECURU,,,2018-11-29,09:41:00,2.0,,,NAO,,34.218,29.52,31.05,7.1,7.22,45.5,55.4,0.02,,,,,,,,,,,,,,,COORDENADA INVALIDA: 04°45757; COORDENADA INVALIDA: 43°87592,MEDICAO DE VAZAO SIMUTANEA,,,,,,,SIM,RIO PRINCIPAL DA BACIA,NAO,,True,,False,False,False,False,False,False,False,False,,,,,,,,,,,,,,,0
ITA-0073,620,2018,3.0,,2018-3° PERIODO,154,MA-7183-I-4,,,COROATA,RIO ITAPECURU,,,2018-08-27,10:36:00,1.0,,,NAO,,,26.18,30.74,7.59,7.98,70.9,19.97,0.03,,,,,,,,,,,,,,,COORDENADA INVALIDA: 03°96486; COORDENADA INVALIDA: 44°18692; HIDRO NAO INFORMADO NA ORIGEM (NAO POSSUI),,,,,,,,SIM,RIO PRINCIPAL DA BACIA,NAO,,True,,,False,False,False,False,False,False,False,,,,,,,,,,,,,,,0
ITA-0074,621,2018,3.0,,2018-3° PERIODO,155,MA-7183-I-4,,,COROATA,RIO ITAPECURU,,,2018-11-27,12:45:00,2.0,,,NAO,,,31.6,30.6,7.3,7.6,53.0,20.5,0.02,,,,,,,,,,,,,,,COORDENADA INVALIDA: 03°97626; COORDENADA INVALIDA: 44°19828; HIDRO NAO INFORMADO NA ORIGEM (NAO POSSUI),,,,,,,,SIM,RIO PRINCIPAL DA BACIA,NAO,,True,,,True,False,False,False,False,False,False,,,,,,,,,,,,,,,1
ITA-0075,668,2019,4.0,,2019-4° PERIODO,48,MA-7164-I-19,33680001.0,,CANTANHEDE,RIO ITAPECURU,,,2019-05-29,08:00:00,1.0,,,NAO,,,28.23,28.78,6.85,6.8,120.7,42.07,0.06,,,,,,,,,,,,,,,COORDENADA INVALIDA: 3°62944; COORDENADA INVALIDA: 44°37782,,,,,,,,SIM,RIO PRINCIPAL DA BACIA,NAO,,True,,,False,False,False,False,False,False,False,,,,,,,,,,,,,,,0
ITA-0076,669,2019,4.0,,2019-4° PERIODO,49,MA-7164-I-19,33680001.0,,CANTANHEDE,RIO ITAPECURU,,,,08:05:00,2.0,-3.62778,-48.3792,NAO,,,25.56,29.92,7.21,7.5,70.1,13.82,0.03,,,,,,,,,,,,,,,DATA NAO RECONHECIDA,,,,,,,,SIM,RIO PRINCIPAL DA BACIA,NAO,,True,,,False,False,False,False,False,False,False,,,,,,,,,,,,,,,0
ITA-0077,676,2019,4.0,,2019-4° PERIODO,56,MA-7181-I-1,33690000.0,,ITAPECURU-MIRIM,RIO ITAPECURU,,,2019-05-29,09:55:00,1.0,,,NAO,,,26.33,28.65,7.26,6.76,113.1,37.82,0.05,,,,,,,,,,,,,,,COORDENADA INVALIDA: 3°37900; COORDENADA INVALIDA: 44°34918,,,,,,,,SIM,RIO PRINCIPAL DA BACIA,NAO,,True,,,False,False,False,False,False,False,False,,,,,,,,,,,,,,,0
ITA-0078,677,2019,4.0,,2019-4° PERIODO,57,MA-7181-I-1,33690000.0,,ITAPECURU-MIRIM,RIO ITAPECURU,,,2019-08-21,10:09:00,2.0,-3.37346,-44.34614,NAO,,,26.22,30.16,7.8,7.41,72.5,14.32,0.03,,,,,,,,,,,,,,,,,,,,,,,SIM,RIO PRINCIPAL DA BACIA,NAO,,True,,,False,False,False,False,False,False,False,,,,,,,,,,,,,,,0
ITA-0079,678,2019,4.0,,2019-4° PERIODO,58,MA-7181-I-2,33693000.0,,SANTA RITA,RIO ITAPECURU,,,2019-03-19,08:34:00,1.0,-3.16121,-44.28562,NAO,,,27.48,28.03,6.17,5.66,73.2,576.24,0.03,,,,,,,,,,,,,,,,,,,,,,,SIM,RIO PRINCIPAL DA BACIA,NAO,,True,,,False,False,False,False,False,True,False,,,,,,,,,,,,,,,1
ITA-0080,679,2019,4.0,,2019-4° PERIODO,59,MA-7181-I-2,33693000.0,,SANTA RITA,RIO ITAPECURU,,,2019-06-26,07:35:00,2.0,,,NAO,,,27.78,29.6,7.12,7.75,109.7,9.6,0.05,,,,,,,,,,,,,,,COORDENADA INVALIDA: 03°16136; COORDENADA INVALIDA: 44°28595,,,,,,,,SIM,RIO PRINCIPAL DA BACIA,NAO,,True,,,False,False,False,False,False,False,False,,,,,,,,,,,,,,,0
ITA-0081,680,2019,4.0,,2019-4° PERIODO,60,MA-7181-I-3,33685000.0,,ITAPECURU-MIRIM,RIO ITAPECURU,,,2019-05-29,08:30:00,1.0,,,NAO,,,27.45,28.77,7.11,6.8,119.7,36.9,0.05,,,,,,,,,,,,,,,COORDENADA INVALIDA: 3°59761; COORDENADA INVALIDA: 44°40035,,,,,,,,SIM,RIO PRINCIPAL DA BACIA,NAO,,True,,,False,False,False,False,False,False,False,,,,,,,,,,,,,,,0
ITA-0082,681,2019,4.0,,2019-4° PERIODO,61,MA-7181-I-3,33685000.0,,ITAPECURU-MIRIM,RIO ITAPECURU,,,2019-08-21,08:35:00,2.0,-3.53386,-44.3959,NAO,,,26.44,29.32,7.68,7.5,71.9,10.98,0.03,,,,,,,,,,,,,,,,,,,,,,,SIM,RIO PRINCIPAL DA BACIA,NAO,,True,,,False,False,False,False,False,False,False,,,,,,,,,,,,,,,0
ITA-0083,684,2019,4.0,,2019-4° PERIODO,64,MA-7185-I-3,33631001.0,,SAO MATEUS DO MARANHAO,RIO TAPUIO,,,2019-05-13,13:19:00,1.0,,,NAO,,,25.39,28.7,6.61,,105.7,17.05,0.05,,,,,,,,,,,,,,,COORDENADA INVALIDA: 04°01093; COORDENADA INVALIDA: 44°44090; VALOR ATIPICO EM OXIGENIO_DISSOLVIDO; VALOR IMPOSSIVEL EM OXIGENIO_DISSOLVIDO,,,,,,,,SIM,AFLUENTE OFICIAL DO ITAPECURU (CODEVASF/IBGE; NUGEO-UEMA),NAO,,True,,,False,False,False,,False,False,False,,,,,,,,,,,,,,,0
ITA-0084,685,2019,4.0,,2019-4° PERIODO,65,MA-7185-I-3,33631001.0,,SAO MATEUS DO MARANHAO,RIO TAPUIO,,,2019-08-06,15:25:00,2.0,-4.11005,-44.44086,NAO,,,24.74,27.81,5.35,3.29,211.0,30.5,0.1,,,,,,,,,,,,,,,,,,,,,,,SIM,AFLUENTE OFICIAL DO ITAPECURU (CODEVASF/IBGE; NUGEO-UEMA),NAO,,True,,,False,False,False,True,False,False,False,,,,,,,,,,,,,,,1
ITA-0085,686,2019,4.0,,2019-4° PERIODO,66,MA-7191-IE-4,33698000.0,,ROSARIO,RIO ITAPECURU,,,2019-03-19,16:00:00,1.0,-2.90237,-44.2446,NAO,,,25.9,27.9,6.49,5.65,68.3,83.4,0.03,,,,,,,,,,,,,,,,,,,,,,,SIM,RIO PRINCIPAL DA BACIA,NAO,,True,,,False,False,False,False,False,False,False,,,,,,,,,,,,,,,0
ITA-0086,687,2019,4.0,,2019-4° PERIODO,67,MA-7191-IE-4,33698000.0,,ROSARIO,RIO ITAPECURU,,,2019-06-26,14:15:00,2.0,,,NAO,,,27.4,30.4,7.3,7.51,167.3,14.4,0.08,,,,,,,,,,,,,,,COORDENADA INVALIDA: 02°90241; COORDENADA INVALIDA: 44°2261,,,,,,,,SIM,RIO PRINCIPAL DA BACIA,NAO,,True,,,False,False,False,False,False,False,False,,,,,,,,,,,,,,,0
ITA-0087,748,2019,4.0,,2019-4° PERIODO,128,MA-7181-I-4,,,ROSARIO,RIO ITAPECURU,,,2019-03-19,09:27:00,1.0,-3.05813,-44.2531,NAO,,,27.22,27.91,6.58,5.61,69.5,77.9,0.03,,,,,,,,,,,,,,,HIDRO NAO INFORMADO NA ORIGEM (NAO POSSUI),,,,,,,,SIM,RIO PRINCIPAL DA BACIA,NAO,,True,,,False,False,False,False,False,False,False,,,,,,,,,,,,,,,0
ITA-0088,749,2019,4.0,,2019-4° PERIODO,129,MA-7181-I-4,,,ROSARIO,RIO ITAPECURU,,,2019-06-26,08:50:00,2.0,,,NAO,,,25.13,9.74,7.34,7.19,106.7,8.29,0.05,,,,,,,,,,,,,,,COORDENADA INVALIDA: 03°05818; COORDENADA INVALIDA: 44°25297; HIDRO NAO INFORMADO NA ORIGEM (NAO POSSUI),,,,,,,,SIM,RIO PRINCIPAL DA BACIA,NAO,,True,,,False,True,False,False,False,False,False,,,,,,,,,,,,,,,1
ITA-0089,750,2019,4.0,,2019-4° PERIODO,130,MA-7183-I-3,33630000.0,,COROATA,RIO ITAPECURU,,,2019-05-30,14:30:00,1.0,-4.12564,-44.12983,NAO,,,25.0,29.49,7.25,6.96,127.8,49.68,0.06,,,,,,,,,,,,,,,,,,,,,,,SIM,RIO PRINCIPAL DA BACIA,NAO,,True,,,False,False,False,False,False,False,False,,,,,,,,,,,,,,,0
ITA-0090,751,2019,4.0,,2019-4° PERIODO,131,MA-7183-I-3,33630000.0,,COROATA,RIO ITAPECURU,,,2019-08-21,13:07:00,2.0,-4.12564,-44.12983,NAO,,,29.22,30.63,7.56,8.34,69.1,14.41,0.03,,,,,,,,,,,,,,,,,,,,,,,SIM,RIO PRINCIPAL DA BACIA,NAO,,True,,,False,False,False,False,False,False,False,,,,,,,,,,,,,,,0
ITA-0091,752,2019,4.0,,2019-4° PERIODO,132,MA-7185-I-5,33638000.0,,PIRAPEMAS,RIO PIRAPEMAS,,,2019-06-02,17:11:00,1.0,-3.93587,-44.01871,NAO,,,25.87,30.85,6.43,3.3,106.4,6.45,0.05,,,,,,,,,,,,,,,,,,,,,,,SIM,AFLUENTE OFICIAL DO ITAPECURU (CODEVASF/IBGE; NUGEO-UEMA),NAO,,True,,,False,False,False,True,False,False,False,,,,,,,,,,,,,,,1
ITA-0092,753,2019,4.0,,2019-4° PERIODO,133,MA-7185-I-5,33638000.0,,PIRAPEMAS,RIO PIRAPEMAS,,,2019-08-23,10:58:00,2.0,-3.93557,-44.01863,NAO,,,24.48,29.37,6.5,4.18,158.2,5.88,0.07,,,,,,,,,,,,,,,,,,,,,,,SIM,AFLUENTE OFICIAL DO ITAPECURU (CODEVASF/IBGE; NUGEO-UEMA),NAO,,True,,,False,False,False,False,False,False,False,,,,,,,,,,,,,,,0
ITA-0093,758,2019,4.0,,2019-4° PERIODO,138,MA-7185-I-12,,,CAXIAS,RIO ITAPECURU,,,2019-06-02,10:20:00,1.0,-5.08455,-43.46541,NAO,,,25.59,28.45,7.44,7.24,74.5,31.54,0.03,,,,,,,,,,,,,,,HIDRO NAO INFORMADO NA ORIGEM (NAO POSSUI),,,,,,,,SIM,RIO PRINCIPAL DA BACIA,NAO,,True,,,False,False,False,False,False,False,False,,,,,,,,,,,,,,,0
ITA-0094,759,2019,4.0,,2019-4° PERIODO,139,MA-7185-I-12,,,CAXIAS,RIO ITAPECURU,,,2019-08-22,13:50:00,2.0,-5.08415,-43.46533,NAO,,,26.88,29.07,7.41,8.0,27.7,15.55,0.01,,,,,,,,,,,,,,,HIDRO NAO INFORMADO NA ORIGEM (NAO POSSUI),,,,,,,,SIM,RIO PRINCIPAL DA BACIA,NAO,,True,,,False,False,False,False,False,False,False,,,,,,,,,,,,,,,0
ITA-0095,760,2019,4.0,,2019-4° PERIODO,140,MA-7185-I-10,33550010.0,,CAXIAS,RIO ITAPECURU,,,2019-05-29,13:10:00,1.0,-4.67738,-43.54258,NAO,,,26.02,29.1,7.4,7.28,79.4,26.34,0.04,,,,,,,,,,,,,,,,,,,,,,,SIM,RIO PRINCIPAL DA BACIA,NAO,,True,,,False,False,False,False,False,False,False,,,,,,,,,,,,,,,0
ITA-0096,761,2019,4.0,,2019-4° PERIODO,141,MA-7185-I-10,33550010.0,,CAXIAS,RIO ITAPECURU,,,2019-08-22,16:00:00,2.0,-4.67735,-43.54258,NAO,,,25.59,30.26,7.45,8.35,44.7,20.96,0.02,,,,,,,,,,,,,,,,,,,,,,,SIM,RIO PRINCIPAL DA BACIA,NAO,,True,,,False,False,False,False,False,False,False,,,,,,,,,,,,,,,0
ITA-0097,762,2019,4.0,,2019-4° PERIODO,142,MA-7185-I-11,33550020.0,,CAXIAS,RIO ITAPECURU,,,2019-06-02,14:00:00,1.0,-4.79404,-43.39007,NAO,,,25.65,29.0,7.39,7.04,93.8,29.83,0.04,,,,,,,,,,,,,,,,,,,,,,,SIM,RIO PRINCIPAL DA BACIA,NAO,,True,,,False,False,False,False,False,False,False,,,,,,,,,,,,,,,0
ITA-0098,763,2019,4.0,,2019-4° PERIODO,143,MA-7185-I-11,33550020.0,,CAXIAS,RIO ITAPECURU,,,2019-08-22,15:12:00,2.0,-4.79386,-43.39048,NAO,,,25.9,29.3,7.2,8.01,43.2,12.6,0.02,,,,,,,,,,,,,,,,,,,,,,,SIM,RIO PRINCIPAL DA BACIA,NAO,,True,,,False,False,False,False,False,False,False,,,,,,,,,,,,,,,0
ITA-0099,764,2019,4.0,,2019-4° PERIODO,144,MA-7185-I-1,33661000.0,,PIRAPEMAS,RIACHO PERITORO,,,2019-05-29,08:32:00,1.0,-3.70916,-44.28722,NAO,,,27.83,28.2,7.08,6.53,126.8,61.03,0.06,,,,,,,,,,,,,,,,,,,,,,,SIM,AFLUENTE OFICIAL DO ITAPECURU (CODEVASF/IBGE; NUGEO-UEMA),NAO,,True,,,False,False,False,False,False,False,False,,,,,,,,,,,,,,,0
ITA-0100,765,2019,4.0,,2019-4° PERIODO,145,MA-7185-I-1,33661000.0,,PIRAPEMAS,RIACHO PERITORO,,,2019-08-21,08:38:00,2.0,-3.70911,-44.28721,NAO,,,26.6,25.19,6.62,5.77,180.0,40.08,0.08,,,,,,,,,,,,,,,,,,,,,,,SIM,AFLUENTE OFICIAL DO ITAPECURU (CODEVASF/IBGE; NUGEO-UEMA),NAO,,True,,,False,True,False,False,False,False,False,,,,,,,,,,,,,,,1
ITA-0101,766,2019,4.0,,2019-4° PERIODO,146,MA-7185-I-7,33590000.0,,CODO,RIO ITAPECURU,,,2019-05-31,18:00:00,1.0,-4.45536,-43.87955,NAO,,,25.93,29.51,7.37,7.01,103.5,49.58,0.05,,,,,,,,,,,,,,,,,,,,,,,SIM,RIO PRINCIPAL DA BACIA,NAO,,True,,,False,False,False,False,False,False,False,,,,,,,,,,,,,,,0
ITA-0102,767,2019,4.0,,2019-4° PERIODO,147,MA-7185-I-7,33590000.0,,CODO,RIO ITAPECURU,,,2019-08-21,16:00:00,2.0,,-43.87978,NAO,,,26.82,30.84,7.35,8.18,47.2,20.38,0.02,,,,,,,,,,,,,,,COORDENADA FORA DO MARANHAO,,,,,,,,SIM,RIO PRINCIPAL DA BACIA,NAO,,True,,,False,False,False,False,False,False,False,,,,,,,,,,,,,,,0
ITA-0103,770,2019,4.0,,2019-4° PERIODO,150,MA-7182-I-3,33661020.0,,PIRAPEMAS,RIO PERITORO,,,2019-06-01,09:58:00,1.0,-3.862512,-44.287203,NAO,,,30.73,28.9,6.96,6.01,160.3,140.5,0.07,,,,,,,,,,,,,,,,,,,,,,,SIM,AFLUENTE OFICIAL DO ITAPECURU (CODEVASF/IBGE; NUGEO-UEMA),NAO,,True,,,False,False,False,False,False,True,False,,,,,,,,,,,,,,,1
ITA-0104,771,2019,4.0,,2019-4° PERIODO,151,MA-7182-I-3,33661020.0,,PIRAPEMAS,RIO PERITORO,,,2019-08-21,11:30:00,2.0,-3.86268,-44.28701,NAO,,,25.55,27.94,7.49,6.62,471.6,38.1,0.22,,,,,,,,,,,,,,,,,,,,,,,SIM,AFLUENTE OFICIAL DO ITAPECURU (CODEVASF/IBGE; NUGEO-UEMA),NAO,,True,,,False,False,False,False,True,False,True,,,,,,,,,,,,,,,2
ITA-0105,772,2019,4.0,,2019-4° PERIODO,152,MA-7182-I-2,33661010.0,,PIRAPEMAS,RIO PERITORO,,,2019-05-31,10:37:00,1.0,-3.82521,-44.28725,NAO,,,26.52,28.8,6.85,6.2,156.7,66.8,0.07,,,,,,,,,,,,,,,,,,,,,,,SIM,AFLUENTE OFICIAL DO ITAPECURU (CODEVASF/IBGE; NUGEO-UEMA),NAO,,True,,,False,False,False,False,False,False,False,,,,,,,,,,,,,,,0
ITA-0106,773,2019,4.0,,2019-4° PERIODO,153,MA-7182-I-2,33661010.0,,PIRAPEMAS,RIO PERITORO,,,2019-08-21,10:40:00,2.0,-3.82526,-44.28725,NAO,,,25.22,29.75,6.87,5.15,479.0,11.75,0.23,,,,,,,,,,,,,,,,,,,,,,,SIM,AFLUENTE OFICIAL DO ITAPECURU (CODEVASF/IBGE; NUGEO-UEMA),NAO,,True,,,False,False,False,False,True,False,True,,,,,,,,,,,,,,,2
ITA-0107,774,2019,4.0,,2019-4° PERIODO,154,MA-7183-I-4,33630010.0,,COROATA,RIO ITAPECURU,,,2019-05-29,12:04:00,1.0,-3.96535,-44.18743,NAO,,,28.52,29.48,7.17,6.95,130.5,50.14,0.06,,,,,,,,,,,,,,,,,,,,,,,SIM,RIO PRINCIPAL DA BACIA,NAO,,True,,,False,False,False,False,False,False,False,,,,,,,,,,,,,,,0
ITA-0108,775,2019,4.0,,2019-4° PERIODO,155,MA-7183-I-4,33630010.0,,COROATA,RIO ITAPECURU,,,2019-08-21,12:03:00,2.0,-3.96532,-44.18756,NAO,,,26.77,29.84,7.7,8.17,71.2,12.96,0.03,,,,,,,,,,,,,,,,,,,,,,,SIM,RIO PRINCIPAL DA BACIA,NAO,,True,,,False,False,False,False,False,False,False,,,,,,,,,,,,,,,0
ITA-0109,777,2019,5.0,1.0,2019- 5° PERIODO- 1A CAMPANHA,3,MA-7181-I-4,33698050.0,1.0,ROSARIO,RIO ITAPECURU,1023,232,2019-09-22,13:00:00,1.0,-3.05803,-44.25305,NAO,0.0,,26.94,30.44,7.79,7.71,68.8,23.2,0.03,6.0,1.0,,48.0,0.0005,,,,,,,,,,NAO MEDIDO,,,,,,,,SIM,RIO PRINCIPAL DA BACIA,NAO,,True,False,,False,False,False,False,False,False,False,False,True,,False,False,,,,,,,,,,1
ITA-0110,779,2019,5.0,1.0,2019- 5° PERIODO- 1A CAMPANHA,5,MA-7181-I-2,33693000.0,1.0,SANTA RITA,RIO ITAPECURU,1021,230,2019-09-16,11:50:00,1.0,-3.16125,-44.2857,NAO,0.21,,28.77,31.26,7.46,6.98,69.0,7.8,0.03,18.0,0.8,,4.5,0.0005,,,,,,,,,,NAO MEDIDO,,,,,,,,SIM,RIO PRINCIPAL DA BACIA,NAO,,True,False,,False,False,False,False,False,False,False,False,False,,False,False,,,,,,,,,,0
ITA-0111,781,2019,5.0,1.0,2019- 5° PERIODO- 1A CAMPANHA,7,MA-7181-I-3,33685000.0,1.0,ITAPECURU-MIRIM,RIO ITAPECURU,1022,231,2019-09-16,08:46:00,1.0,-3.59749,-44.39914,NAO,0.12,,28.19,30.47,6.85,7.35,65.8,10.6,0.03,20.0,0.6,,13.0,0.0015,,,,,,,,,,NAO MEDIDO,,,,,,,,SIM,RIO PRINCIPAL DA BACIA,NAO,,True,False,,False,False,False,False,False,False,False,False,False,,False,False,,,,,,,,,,0
ITA-0112,782,2019,5.0,1.0,2019- 5° PERIODO- 1A CAMPANHA,8,MA-7181-I-1,33690000.0,1.0,ITAPECURU-MIRIM,RIO ITAPECURU,1020,229,2019-09-16,10:32:00,1.0,-3.3737,-44.3461,NAO,0.07,,27.87,30.81,7.44,7.05,67.5,11.23,0.03,20.0,0.7,,12.0,0.0005,,,,,,,,,,NAO MEDIDO,,,,,,,,SIM,RIO PRINCIPAL DA BACIA,NAO,,True,False,,False,False,False,False,False,False,False,False,False,,False,False,,,,,,,,,,0
ITA-0113,788,2019,5.0,1.0,2019- 5° PERIODO- 1A CAMPANHA,14,MA-7191-IE-4,33698000.0,1.0,ROSARIO,RIO ITAPECURU,1039,248,2019-09-22,14:34:00,1.0,-2.9024,-44.2447,NAO,0.03,,26.94,29.91,7.84,7.09,2930.0,149.7,1.52,28.0,0.2,,,,,,,,,,,,,NAO MEDIDO,,,,,,,,SIM,RIO PRINCIPAL DA BACIA,NAO,,True,False,,False,False,False,False,True,True,True,False,False,,,,,,,,,,,,,3
ITA-0114,842,2019,5.0,1.0,2019- 5° PERIODO- 1A CAMPANHA,68,MA-7185-I-3,33631001.0,5.0,SAO MATEUS DO MARANHAO,RIO TAPUIO,1035,244,2019-10-17,10:45:00,1.0,-4.01114,-44.44087,NAO,0.0,,27.54,29.76,7.38,1.88,397.4,48.07,0.19,14.0,,,24.8,0.044,,,,,,,,,,NAO MEDIDO; NAO APLICAVEL,,,,,,,,SIM,AFLUENTE OFICIAL DO ITAPECURU (CODEVASF/IBGE; NUGEO-UEMA),NAO,,True,False,,False,False,False,True,True,False,True,False,,,False,False,,,,,,,,,,3
ITA-0115,855,2019,5.0,1.0,2019- 5° PERIODO- 1A CAMPANHA,81,MA-7185-I-9,33590010.0,6.0,CODO,RIO ITAPECURU,1038,247,2019-10-31,15:58:00,1.0,-4.48218,-43.79367,NAO,0.0,,29.47,33.07,8.46,8.31,40.0,27.11,0.02,8.0,0.4,,22.0,0.002,,,,,,,,,,NAO MEDIDO,,,,,,,,SIM,RIO PRINCIPAL DA BACIA,NAO,,True,False,,False,False,False,False,False,False,False,False,False,,False,False,,,,,,,,,,0
ITA-0116,856,2019,5.0,1.0,2019- 5° PERIODO- 1A CAMPANHA,82,MA-7185-I-5,33638000.0,6.0,COROATA,RIO PIRAPEMAS,1036,245,2019-11-01,17:40:00,1.0,-3.935876,-44.01802,NAO,0.0,,25.36,31.21,7.32,7.41,181.6,12.95,0.08,8.0,0.8,,11.2,0.046,,,,,,,,,,NAO MEDIDO,,,,,,,,SIM,AFLUENTE OFICIAL DO ITAPECURU (CODEVASF/IBGE; NUGEO-UEMA),NAO,,True,False,,False,False,False,False,False,False,False,False,False,,False,False,,,,,,,,,,0
ITA-0117,857,2019,5.0,1.0,2019- 5° PERIODO- 1A CAMPANHA,83,MA-7185-I-11,33550020.0,6.0,CAXIAS,RIO ITAPECURU,1032,241,2019-11-01,14:23:00,1.0,-4.79404,-43.39007,NAO,0.05,,27.72,30.65,7.28,6.85,36.9,127.46,0.02,6.0,0.2,,28.4,0.002,,,,,,,,,,NAO MEDIDO,,,,,,,,SIM,RIO PRINCIPAL DA BACIA,NAO,,True,False,,False,False,False,False,False,True,False,False,False,,False,False,,,,,,,,,,1
ITA-0118,859,2019,5.0,1.0,2019- 5° PERIODO- 1A CAMPANHA,85,MA-7183-I-4,33630010.0,6.0,COROATA,RIO ITAPECURU,1029,238,2019-10-31,11:46:00,1.0,-3.96535,-44.18743,NAO,0.0,,28.92,31.93,8.59,8.37,63.1,17.63,0.03,6.0,0.5,,2.8,0.008,,,,,,,,,,NAO MEDIDO,,,,,,,,SIM,RIO PRINCIPAL DA BACIA,NAO,,True,False,,False,False,True,False,False,False,False,False,False,,False,False,,,,,,,,,,1
ITA-0119,860,2019,5.0,1.0,2019- 5° PERIODO- 1A CAMPANHA,86,MA-7182-I-3,33661020.0,6.0,PIRAPEMAS,RIO PERITORO,1026,235,2019-10-31,10:03:00,1.0,-3.86328,-44.28696,NAO,0.14,,30.79,29.73,8.0,7.22,419.8,47.51,0.2,10.0,0.35,,38.0,0.101,,,,,,,,,,NAO MEDIDO,,,,,,,,SIM,AFLUENTE OFICIAL DO ITAPECURU (CODEVASF/IBGE; NUGEO-UEMA),NAO,,True,False,,False,False,False,False,True,False,True,False,False,,False,False,,,,,,,,,,2
ITA-0120,861,2019,5.0,1.0,2019- 5° PERIODO- 1A CAMPANHA,87,MA-7182-I-2,33661010.0,6.0,PIRAPEMAS,RIO PERITORO,1025,234,2019-10-31,09:27:00,1.0,-3.82537,-44.28721,NAO,0.03,,27.23,29.95,7.12,4.45,391.1,29.35,0.18,2.0,0.6,,28.8,0.099,,,,,,,,,,NAO MEDIDO,,,,,,,,SIM,AFLUENTE OFICIAL DO ITAPECURU (CODEVASF/IBGE; NUGEO-UEMA),NAO,,True,False,,False,False,False,False,True,False,True,False,False,,False,False,,,,,,,,,,2
ITA-0121,862,2019,5.0,1.0,2019- 5° PERIODO- 1A CAMPANHA,88,MA-7185-I-12,,6.0,CAXIAS,RIO ITAPECURU,1033,242,2019-11-01,11:41:00,1.0,-2.50286,-44.29269,NAO,0.04,,27.09,29.96,7.24,7.13,27.7,70.65,0.01,12.0,0.2,,35.6,0.002,,,,,,,,,,NAO MEDIDO; HIDRO NAO INFORMADO NA ORIGEM (AUSENTE),,,,,,,,SIM,RIO PRINCIPAL DA BACIA,NAO,,True,False,,False,False,False,False,False,False,False,False,False,,False,False,,,,,,,,,,0
ITA-0122,864,2019,5.0,1.0,2019- 5° PERIODO- 1A CAMPANHA,90,MA-7185-I-8,33550000.0,6.0,CAXIAS,RIO ITAPECURU,,,2019-11-01,10:28:00,,-4.865278,-43.358333,,,,,,,,,,,,,,,,,,,,,,,,,SECO,,,,,,,,SIM,RIO PRINCIPAL DA BACIA,NAO,,True,,,,,,,,,,,,,,,,,,,,,,,,0
ITA-0123,866,2019,5.0,2.0,2019-5° PERIODO- 2A CAMPANHA,3,MA-7181-I-4,33698050.0,1.0,ROSARIO,RIO ITAPECURU,1162,372,2019-11-14,09:00:00,2.0,-3.05814,-44.25304,NAO,0.0,,24.88,29.8,7.6,6.8,77.3,36.54,0.03,12.0,0.15,95240.0,4208.4,,,,,,,,,,,NAO MEDIDO; VALOR ATIPICO EM SOLIDOS_DISSOLVIDOS,,,,,,,,SIM,RIO PRINCIPAL DA BACIA,NAO,,True,False,,False,False,False,False,False,False,False,False,False,True,True,,,,,,,,,,,2
ITA-0124,868,2019,5.0,2.0,2019-5° PERIODO- 2A CAMPANHA,5,MA-7181-I-2,33693000.0,1.0,SANTA RITA,RIO ITAPECURU,1160,370,2019-11-14,10:06:00,2.0,-3.16121,-44.2857,NAO,0.0,,26.02,30.84,7.39,6.92,64.1,10.32,0.03,12.0,0.4,180.0,61.06,,,,,,,,,,,NAO MEDIDO,,,,,,,,SIM,RIO PRINCIPAL DA BACIA,NAO,,True,False,,False,False,False,False,False,False,False,False,False,False,False,,,,,,,,,,,0
ITA-0125,870,2019,5.0,2.0,2019-5° PERIODO- 2A CAMPANHA,7,MA-7181-I-3,33685000.0,1.0,ITAPECURU-MIRIM,RIO ITAPECURU,1140,350,2019-11-14,12:43:00,2.0,-3.59779,-44.39915,NAO,0.0,,31.03,31.79,7.64,7.58,61.6,14.19,0.03,6.0,0.4,96060.0,3903.2,,,,,,,,,,,NAO MEDIDO; VALOR ATIPICO EM SOLIDOS_DISSOLVIDOS,,,,,,,,SIM,RIO PRINCIPAL DA BACIA,NAO,,True,False,,False,False,False,False,False,False,False,False,False,True,True,,,,,,,,,,,2
ITA-0126,871,2019,5.0,2.0,2019-5° PERIODO- 2A CAMPANHA,8,MA-7181-I-1,33690000.0,1.0,ITAPECURU-MIRIM,RIO ITAPECURU,1159,369,2019-11-13,15:15:00,2.0,-3.37378,-44.3458,NAO,0.0,,28.5,31.43,7.68,7.65,63.8,16.5,0.03,4.0,0.5,89940.0,828.4,,,,,,,,,,,NAO MEDIDO; VALOR ATIPICO EM SOLIDOS_DISSOLVIDOS,,,,,,,,SIM,RIO PRINCIPAL DA BACIA,NAO,,True,False,,False,False,False,False,False,False,False,False,False,True,True,,,,,,,,,,,2
ITA-0127,877,2019,5.0,2.0,2019-5° PERIODO- 2A CAMPANHA,14,MA-7191-IE-4,33698000.0,1.0,ROSARIO,RIO ITAPECURU,1178,388,2019-11-14,07:14:00,2.0,-2.90245,-44.24472,NAO,0.0,,25.37,29.34,7.9,6.92,1405.0,66.8,0.7,5.0,0.2,92440.0,4043.2,,,,,,,,,,,NAO MEDIDO; VALOR ATIPICO EM SOLIDOS_DISSOLVIDOS,,,,,,,,SIM,RIO PRINCIPAL DA BACIA,NAO,,True,False,,False,False,False,False,True,False,True,False,False,True,True,,,,,,,,,,,4
ITA-0128,931,2019,5.0,2.0,2019-5° PERIODO- 2A CAMPANHA,68,MA-7185-I-3,33631001.0,5.0,SAO MATEUS DO MARANHAO,RIO TAPUIO,1174,384,2019-12-11,09:35:00,2.0,-4.01109,-44.44086,NAO,0.0,,28.52,29.6,4.26,2.03,483.4,47.1,0.23,20.0,,260.0,13.2,,,,,,,,,,,NAO MEDIDO,,,,,,,,SIM,AFLUENTE OFICIAL DO ITAPECURU (CODEVASF/IBGE; NUGEO-UEMA),NAO,,True,False,,False,False,True,True,True,False,True,False,,False,False,,,,,,,,,,,4
ITA-0129,944,2019,5.0,2.0,2019-5° PERIODO- 2A CAMPANHA,81,MA-7185-I-9,33590010.0,6.0,CODO,RIO ITAPECURU,1038,247,2019-12-17,14:46:00,2.0,-4.48193,-43.79354,NAO,0.04,,27.3,31.9,7.31,7.22,44.4,47.8,0.02,14.4,0.2,1380.0,53.6,,,,,,,,,,,NAO MEDIDO,,,,,,,,SIM,RIO PRINCIPAL DA BACIA,NAO,,True,False,,False,False,False,False,False,False,False,False,False,True,False,,,,,,,,,,,1
ITA-0130,945,2019,5.0,2.0,2019-5° PERIODO- 2A CAMPANHA,82,MA-7185-I-5,33638000.0,6.0,COROATA,RIO PIRAPEMAS,1036,245,2019-12-18,14:10:00,2.0,-3.93587,-44.01871,NAO,0.0,,30.15,32.09,6.95,7.63,201.8,4.91,0.09,12.0,0.8,120.0,18.8,,,,,,,,,,,NAO MEDIDO,,,,,,,,SIM,AFLUENTE OFICIAL DO ITAPECURU (CODEVASF/IBGE; NUGEO-UEMA),NAO,,True,False,,False,False,False,False,False,False,False,False,False,False,False,,,,,,,,,,,0
ITA-0131,946,2019,5.0,2.0,2019-5° PERIODO- 2A CAMPANHA,83,MA-7185-I-11,33550020.0,6.0,CAXIAS,RIO ITAPECURU,1032,241,2019-12-18,10:07:00,2.0,-4.79404,-43.39007,NAO,0.1,,27.22,30.12,6.91,7.26,36.9,27.87,0.02,6.0,0.5,2880.0,43.2,,,,,,,,,,,NAO MEDIDO,,,,,,,,SIM,RIO PRINCIPAL DA BACIA,NAO,,True,False,,False,False,False,False,False,False,False,False,False,True,False,,,,,,,,,,,1
ITA-0132,948,2019,5.0,2.0,2019-5° PERIODO- 2A CAMPANHA,85,MA-7183-I-4,33630010.0,6.0,COROATA,RIO ITAPECURU,1029,238,2019-12-17,11:18:00,2.0,-3.96487,-44.18779,NAO,0.02,,27.91,30.8,7.34,7.86,65.5,44.26,0.03,10.0,0.5,1380.0,296.4,,,,,,,,,,,NAO MEDIDO,,,,,,,,SIM,RIO PRINCIPAL DA BACIA,NAO,,True,False,,False,False,False,False,False,False,False,False,False,True,True,,,,,,,,,,,2
ITA-0133,949,2019,5.0,2.0,2019-5° PERIODO- 2A CAMPANHA,86,MA-7182-I-3,33661020.0,6.0,PIRAPEMAS,RIO PERITORO,,,2019-12-17,10:19:00,,-3.86287,-44.28686,NAO,,,,,,,,,,,,,,,,,,,,,,,,SECO,,,,,,,,SIM,AFLUENTE OFICIAL DO ITAPECURU (CODEVASF/IBGE; NUGEO-UEMA),NAO,,True,,,,,,,,,,,,,,,,,,,,,,,,0
ITA-0134,950,2019,5.0,2.0,2019-5° PERIODO- 2A CAMPANHA,87,MA-7182-I-2,33661010.0,6.0,PIRAPEMAS,RIO PERITORO,1025,234,2019-12-17,09:15:00,2.0,-3.82521,-44.28725,NAO,0.04,,26.96,29.68,6.28,2.33,388.6,29.68,0.18,26.0,0.8,100.0,37.6,,,,,,,,,,,NAO MEDIDO,,,,,,,,SIM,AFLUENTE OFICIAL DO ITAPECURU (CODEVASF/IBGE; NUGEO-UEMA),NAO,,True,False,,False,False,False,True,True,False,True,False,False,False,False,,,,,,,,,,,3
ITA-0135,951,2019,5.0,2.0,2019-5° PERIODO- 2A CAMPANHA,88,MA-7185-I-12,,6.0,CAXIAS,RIO ITAPECURU,1033,242,2019-12-18,08:15:00,2.0,-5.08462,-43.46547,NAO,0.05,,26.63,29.42,5.64,7.39,25.5,15.89,0.01,10.0,0.8,1340.0,18.8,,,,,,,,,,,NAO MEDIDO; HIDRO NAO INFORMADO NA ORIGEM (AUSENTE),,,,,,,,SIM,RIO PRINCIPAL DA BACIA,NAO,,True,False,,False,False,False,False,False,False,False,False,False,True,False,,,,,,,,,,,1
ITA-0136,952,2019,5.0,2.0,2019-5° PERIODO- 2A CAMPANHA,89,MA-7185-I-8,33550000.0,6.0,CAXIAS,RIO ITAPECURU,1007,216,2019-12-18,09:33:00,2.0,-4.86787,-43.36385,NAO,0.091,,26.16,29.71,6.75,7.17,35.1,20.53,0.01,6.0,0.6,100.0,15.6,,,,,,,,,,,NAO MEDIDO,,,,,,,,SIM,RIO PRINCIPAL DA BACIA,NAO,,True,False,,False,False,False,False,False,False,False,False,False,False,False,,,,,,,,,,,0
ITA-0137,954,2019,5.0,2.0,2019-5° PERIODO- 2A CAMPANHA,91,MA-7185-I-8,33550000.0,6.0,CAXIAS,RIO ITAPECURU,1007,216,2019-12-18,09:33:00,2.0,-4.86787,-43.36385,NAO,0.091,66.66,26.16,29.71,6.75,7.17,35.1,20.53,0.01,6.0,0.6,100.0,15.6,,,,,,,,,,,,,,,,,,,SIM,RIO PRINCIPAL DA BACIA,NAO,,True,False,False,False,False,False,False,False,False,False,False,False,False,False,,,,,,,,,,,0
ITA-0138,956,2020,6.0,1.0,2020- 6° PERIODO 1A CAMPANHA,3,MA-7181-I-4,33698050.0,1.0,ROSARIO,RIO ITAPECURU,,,,,,,,,,,,,,,,,,,,,,,,,,,,,,,,PONTO NAO VISITADO,,,,,,,,SIM,RIO PRINCIPAL DA BACIA,NAO,,True,,,,,,,,,,,,,,,,,,,,,,,,0
ITA-0139,958,2020,6.0,1.0,2020- 6° PERIODO 1A CAMPANHA,5,MA-7181-I-2,33693000.0,1.0,SANTA RITA,RIO ITAPECURU,,,,,,,,,,,,,,,,,,,,,,,,,,,,,,,,PONTO NAO VISITADO,,,,,,,,SIM,RIO PRINCIPAL DA BACIA,NAO,,True,,,,,,,,,,,,,,,,,,,,,,,,0
ITA-0140,960,2020,6.0,1.0,2020- 6° PERIODO 1A CAMPANHA,7,MA-7181-I-3,33685000.0,1.0,ITAPECURU-MIRIM,RIO ITAPECURU,,,,,,,,,,,,,,,,,,,,,,,,,,,,,,,,PONTO NAO VISITADO,,,,,,,,SIM,RIO PRINCIPAL DA BACIA,NAO,,True,,,,,,,,,,,,,,,,,,,,,,,,0
ITA-0141,961,2020,6.0,1.0,2020- 6° PERIODO 1A CAMPANHA,8,MA-7181-I-1,33690000.0,1.0,ITAPECURU-MIRIM,RIO ITAPECURU,,,,,,,,,,,,,,,,,,,,,,,,,,,,,,,,PONTO NAO VISITADO,,,,,,,,SIM,RIO PRINCIPAL DA BACIA,NAO,,True,,,,,,,,,,,,,,,,,,,,,,,,0
ITA-0142,967,2020,6.0,1.0,2020- 6° PERIODO 1A CAMPANHA,14,MA-7191-IE-4,33698000.0,1.0,ROSARIO,RIO ITAPECURU,,,,,,,,,,,,,,,,,,,,,,,,,,,,,,,,PONTO NAO VISITADO,,,,,,,,SIM,RIO PRINCIPAL DA BACIA,NAO,,True,,,,,,,,,,,,,,,,,,,,,,,,0
ITA-0143,970,2020,6.0,1.0,2020- 6° PERIODO 1A CAMPANHA,17,MA-7164-I-19,33680001.0,1.0,CANTANHEDE,RIO ITAPECURU,,,,,,,,,,,,,,,,,,,,,,,,,,,,,,,,PONTO NAO VISITADO,,,,,,,,SIM,RIO PRINCIPAL DA BACIA,NAO,,True,,,,,,,,,,,,,,,,,,,,,,,,0
ITA-0144,1024,2020,6.0,1.0,2020- 6° PERIODO 1A CAMPANHA,71,MA-7185-I-3,33631001.0,5.0,SAO MATEUS DO MARANHAO,RIO TAPUIO,95,95,2020-12-16,16:46:00,1.0,-4.01107,-44.44084,,,,28.1,29.27,6.18,4.3,144.0,54.85,0.07,16.0,,116.14,7.6,,,,,,,,,,,NAO MEDIDO,,,,,,,,SIM,AFLUENTE OFICIAL DO ITAPECURU (CODEVASF/IBGE; NUGEO-UEMA),NAO,,True,,,False,False,False,False,False,False,False,False,,False,False,,,,,,,,,,,0
ITA-0145,1040,2020,6.0,1.0,2020- 6° PERIODO 1A CAMPANHA,87,MA-7185-I-9,33590010.0,6.0,CODO,RIO ITAPECURU,138,141,2020-12-16,16:10:00,1.0,-4.48238,-44.79301,,0.06,,29.02,31.57,7.35,7.63,49.4,48.49,0.02,14.0,0.2,160.0,20.0,,,,,,,,,,,,,,,,,,,SIM,RIO PRINCIPAL DA BACIA,NAO,,True,False,,False,False,False,False,False,False,False,False,False,False,False,,,,,,,,,,,0
ITA-0146,1041,2020,6.0,1.0,2020- 6° PERIODO 1A CAMPANHA,88,MA-7185-I-5,33638000.0,6.0,COROATA,RIO PIRAPEMAS,137,140,2020-12-17,15:25:00,1.0,,,,0.14,,27.4,32.58,6.56,7.53,193.3,8.3,0.09,8.0,0.8,180.0,22.0,,,,,,,,,,,,,,,,,,,SIM,AFLUENTE OFICIAL DO ITAPECURU (CODEVASF/IBGE; NUGEO-UEMA),NAO,,True,False,,False,False,False,False,False,False,False,False,False,False,False,,,,,,,,,,,0
ITA-0147,1042,2020,6.0,1.0,2020- 6° PERIODO 1A CAMPANHA,89,MA-7185-I-11,33550020.0,6.0,CAXIAS,RIO ITAPECURU,142,145,2020-12-17,10:22:00,1.0,-4.79404,-43.39007,,0.27,,27.56,29.35,6.93,7.09,43.9,26.7,0.02,10.0,0.4,140.0,18.0,,,,,,,,,,,,,,,,,,,SIM,RIO PRINCIPAL DA BACIA,NAO,,True,False,,False,False,False,False,False,False,False,False,False,False,False,,,,,,,,,,,0
ITA-0148,1044,2020,6.0,1.0,2020- 6° PERIODO 1A CAMPANHA,91,MA-7183-I-4,33630010.0,6.0,COROATA,RIO ITAPECURU,135,138,2020-12-16,11:48:00,1.0,-3.96521,-44.18764,,0.17,,29.17,30.94,8.01,8.34,66.1,25.83,0.03,12.0,0.4,80.0,46.0,,,,,,,,,,,,,,,,,,,SIM,RIO PRINCIPAL DA BACIA,NAO,,True,False,,False,False,False,False,False,False,False,False,False,False,False,,,,,,,,,,,0
ITA-0149,1045,2020,6.0,1.0,2020- 6° PERIODO 1A CAMPANHA,92,MA-7182-I-3,33661020.0,6.0,PIRAPEMAS,RIO PERITORO,131,134,2020-12-16,10:06:00,1.0,-3.86269,-44.28784,,0.19,,29.26,30.21,8.93,9.53,294.1,43.74,0.14,16.0,0.2,260.0,36.0,,,,,,,,,,,,,,,,,,,SIM,AFLUENTE OFICIAL DO ITAPECURU (CODEVASF/IBGE; NUGEO-UEMA),NAO,,True,False,,False,False,True,False,True,False,True,False,False,False,False,,,,,,,,,,,3
ITA-0150,1046,2020,6.0,1.0,2020- 6° PERIODO 1A CAMPANHA,93,MA-7182-I-2,33661010.0,6.0,PIRAPEMAS,RIO PERITORO,132,135,2020-12-16,09:27:00,1.0,-3.8238,-44.2822,,0.35,,25.8,29.13,6.82,5.25,202.2,22.5,0.09,22.0,0.4,220.0,51.0,,,,,,,,,,,,,,,,,,,SIM,AFLUENTE OFICIAL DO ITAPECURU (CODEVASF/IBGE; NUGEO-UEMA),NAO,,True,False,,False,False,False,False,False,False,False,False,False,False,False,,,,,,,,,,,0
ITA-0151,1047,2020,6.0,1.0,2020- 6° PERIODO 1A CAMPANHA,94,MA-7185-I-12,,6.0,CAXIAS,RIO ITAPECURU,143,146,2021-03-17,08:40:00,1.0,-5.08419,-43.46525,,0.27,,25.48,28.99,7.29,7.28,31.8,24.48,0.01,24.0,0.4,60.0,12.0,,,,,,,,,,,HIDRO NAO INFORMADO NA ORIGEM (AUSENTE),,,,,,,,SIM,RIO PRINCIPAL DA BACIA,NAO,,True,False,,False,False,False,False,False,False,False,False,False,False,False,,,,,,,,,,,0
ITA-0152,1049,2020,6.0,1.0,2020- 6° PERIODO 1A CAMPANHA,96,MA-7185-I-8,33550000.0,6.0,CAXIAS,RIO ITAPECURU,144,147,2020-12-17,09:45:00,1.0,-4.86719,-43.36427,,0.302,40.12,25.23,29.16,6.94,7.17,41.5,23.31,0.02,8.0,0.6,40.0,10.0,,,,,,,,,,,,,,,,,,,SIM,RIO PRINCIPAL DA BACIA,NAO,,True,False,False,False,False,False,False,False,False,False,False,False,False,False,,,,,,,,,,,0
ITA-0153,1050,2020,6.0,1.0,2020- 6° PERIODO 1A CAMPANHA,97,MA-7185-I-1,33661000.0,6.0,PIRAPEMAS,RIACHO PERITORO,134,137,2020-12-16,08:15:00,1.0,-3.70911,-44.28676,,0.185,0.6,26.66,29.28,6.85,5.09,137.9,61.52,0.06,26.0,0.4,180.0,16.0,,,,,,,,,,,,,,,,,,,SIM,AFLUENTE OFICIAL DO ITAPECURU (CODEVASF/IBGE; NUGEO-UEMA),NAO,,True,False,False,False,False,False,False,False,False,False,False,False,False,False,,,,,,,,,,,0
ITA-0154,1051,2020,6.0,1.0,2020- 6° PERIODO 1A CAMPANHA,98,MA-7183-I-3,33630000.0,6.0,COROATA,RIO ITAPECURU,136,139,2020-12-16,13:55:00,1.0,-4.12778,-44.1278,,0.186,,27.58,30.9,7.52,8.33,64.8,45.66,0.03,10.0,0.6,120.0,29.0,,,,,,,,,,,SEM DADOS (PCD),,,,,,,,SIM,RIO PRINCIPAL DA BACIA,NAO,,True,False,,False,False,False,False,False,False,False,False,False,False,False,,,,,,,,,,,0
ITA-0155,1052,2020,6.0,1.0,2020- 6° PERIODO 1A CAMPANHA,99,MA-7185-I-7,33590000.0,6.0,CODO,RIO ITAPECURU,139,142,2020-12-16,15:10:00,1.0,-4.45466,-43.87893,,0.196,41.79,28.07,31.0,7.46,7.9,47.3,38.18,0.02,10.0,0.4,0.0,8.0,,,,,,,,,,,,,,,,,,,SIM,RIO PRINCIPAL DA BACIA,NAO,,True,False,False,False,False,False,False,False,False,False,False,False,False,False,,,,,,,,,,,0
ITA-0156,1053,2020,6.0,1.0,2020- 6° PERIODO 1A CAMPANHA,100,MA-7185-I-10,33550010.0,6.0,CAXIAS,RIO ITAPECURU,141,144,2020-12-17,11:20:00,1.0,-4.67706,-43.54256,,0.211,,27.35,29.63,7.08,7.43,45.6,25.52,0.02,8.0,0.4,40.0,11.0,,,,,,,,,,,,,,,,,,,SIM,RIO PRINCIPAL DA BACIA,NAO,,True,False,,False,False,False,False,False,False,False,False,False,False,False,,,,,,,,,,,0
ITA-0157,1055,2021,6.0,2.0,2021- 6° PERIODO 2A CAMPANHA,3,MA-7181-I-4,33698050.0,1.0,ROSARIO,RIO ITAPECURU,12,12,2021-03-04,08:40:00,2.0,-3.05814,-44.25304,,,,24.32,26.89,6.4,5.07,58.3,121.0,0.03,18.0,0.2,200.0,80.66,,,,,,,,,,,,,,,,,,,SIM,RIO PRINCIPAL DA BACIA,NAO,,True,,,False,False,False,False,False,True,False,False,False,False,False,,,,,,,,,,,1
ITA-0158,1057,2021,6.0,2.0,2021- 6° PERIODO 2A CAMPANHA,5,MA-7181-I-2,33693000.0,1.0,SANTA RITA,RIO ITAPECURU,13,13,2021-03-04,09:34:00,2.0,-3.16104,-44.865,,,,25.16,27.49,6.33,5.1,57.2,77.2,0.03,10.0,0.0,320.0,51.0,,,,,,,,,,,,,,,,,,,SIM,RIO PRINCIPAL DA BACIA,NAO,,True,,,False,False,False,False,False,False,False,False,False,False,False,,,,,,,,,,,0
ITA-0159,1059,2021,6.0,2.0,2021- 6° PERIODO 2A CAMPANHA,7,MA-7181-I-3,33685000.0,1.0,ITAPECURU-MIRIM,RIO ITAPECURU,16,16,2021-03-04,13:50:00,2.0,-3.59762,-44.40028,,,,26.56,26.95,6.41,5.35,62.4,78.95,0.03,18.0,0.2,160.0,39.6,,,,,,,,,,,,,,,,,,,SIM,RIO PRINCIPAL DA BACIA,NAO,,True,,,False,False,False,False,False,False,False,False,False,False,False,,,,,,,,,,,0
ITA-0160,1060,2021,6.0,2.0,2021- 6° PERIODO 2A CAMPANHA,8,MA-7181-I-1,33690000.0,1.0,ITAPECURU-MIRIM,RIO ITAPECURU,15,15,2021-03-04,11:10:00,2.0,-3.37329,-44.34638,,,,24.84,26.91,6.3,5.26,57.9,84.51,0.03,20.0,0.2,140.0,47.42,,,,,,,,,,,,,,,,,,,SIM,RIO PRINCIPAL DA BACIA,NAO,,True,,,False,False,False,False,False,False,False,False,False,False,False,,,,,,,,,,,0
ITA-0161,1066,2021,6.0,2.0,2021- 6° PERIODO 2A CAMPANHA,14,MA-7191-IE-4,33698000.0,1.0,ROSARIO,RIO ITAPECURU,9,9,2021-03-04,06:53:00,2.0,-2.90605,-44.25041,,,,24.0,26.7,6.02,5.04,85.6,26.7,0.04,18.0,0.2,160.0,64.0,,,,,,,,,,,,,,,,,,,SIM,RIO PRINCIPAL DA BACIA,NAO,,True,,,False,False,False,False,False,False,False,False,False,False,False,,,,,,,,,,,0
ITA-0162,1069,2021,6.0,2.0,2021- 6° PERIODO 2A CAMPANHA,17,MA-7164-I-19,33680001.0,1.0,CANTANHEDE,RIO ITAPECURU,14,14,2021-03-04,14:25:00,2.0,-3.62958,-44.37784,,,898.3,26.57,27.08,6.49,5.48,63.5,90.73,0.03,16.0,0.2,360.0,54.5,,,,,,,,,,,,,,,,,,,SIM,RIO PRINCIPAL DA BACIA,NAO,,True,,True,False,False,False,False,False,False,False,False,False,False,False,,,,,,,,,,,1
ITA-0163,1123,2021,6.0,2.0,2021- 6° PERIODO 2A CAMPANHA,71,MA-7185-I-3,33631001.0,5.0,SAO MATEUS DO MARANHAO,RIO TAPUIO,92,92,2021-05-27,10:18:00,2.0,-4.01076,-44.44241,,,,25.76,29.55,6.62,4.92,138.4,26.5,0.06,10.0,0.5,160.0,14.66,,,,,,,,,,,,,,,,,,,SIM,AFLUENTE OFICIAL DO ITAPECURU (CODEVASF/IBGE; NUGEO-UEMA),NAO,,True,,,False,False,False,False,False,False,False,False,False,False,False,,,,,,,,,,,0
ITA-0164,1139,2021,6.0,2.0,2021- 6° PERIODO 2A CAMPANHA,87,MA-7185-I-9,33590010.0,6.0,CODO,RIO ITAPECURU,112,112,2021-06-01,07:40:00,2.0,-4.4821,-43.79364,,,,24.6,28.2,6.6,7.35,77.1,24.3,0.04,12.0,0.4,240.0,7.2,,,,,,,,,,,,,,,,,,,SIM,RIO PRINCIPAL DA BACIA,NAO,,True,,,False,False,False,False,False,False,False,False,False,False,False,,,,,,,,,,,0
ITA-0165,1140,2021,6.0,2.0,2021- 6° PERIODO 2A CAMPANHA,88,MA-7185-I-5,33638000.0,6.0,COROATA,RIO PIRAPEMAS,111,111,2021-06-01,17:44:00,2.0,-3.93618,-44.01845,,,,25.5,32.25,6.52,5.2,109.0,6.04,0.05,16.0,0.8,220.0,7.6,,,,,,,,,,,,,,,,,,,SIM,AFLUENTE OFICIAL DO ITAPECURU (CODEVASF/IBGE; NUGEO-UEMA),NAO,,True,,,False,False,False,False,False,False,False,False,False,False,False,,,,,,,,,,,0
ITA-0166,1141,2021,6.0,2.0,2021- 6° PERIODO 2A CAMPANHA,89,MA-7185-I-11,33550020.0,6.0,CAXIAS,RIO ITAPECURU,116,116,2021-06-01,13:20:00,2.0,-4.79385,-43.39044,,,,27.95,28.4,7.52,7.25,74.1,22.98,0.03,10.0,0.6,120.0,7.6,,,,,,,,,,,,,,,,,,,SIM,RIO PRINCIPAL DA BACIA,NAO,,True,,,False,False,False,False,False,False,False,False,False,False,False,,,,,,,,,,,0
ITA-0167,1143,2021,6.0,2.0,2021- 6° PERIODO 2A CAMPANHA,91,MA-7183-I-4,33630010.0,6.0,COROATA,RIO ITAPECURU,109,109,2021-05-31,11:38:00,2.0,-3.96523,-44.18753,,,,28.25,30.46,8.04,8.26,115.7,18.5,0.05,12.0,0.6,160.0,6.0,,,,,,,,,,,,,,,,,,,SIM,RIO PRINCIPAL DA BACIA,NAO,,True,,,False,False,False,False,False,False,False,False,False,False,False,,,,,,,,,,,0
ITA-0168,1144,2021,6.0,2.0,2021- 6° PERIODO 2A CAMPANHA,92,MA-7182-I-3,33661020.0,6.0,PIRAPEMAS,RIO PERITORO,105,105,2021-05-31,09:52:00,2.0,-3.86289,-44.28726,,,,27.42,29.79,7.15,6.55,226.5,55.46,0.11,8.0,0.2,220.0,12.8,,,,,,,,,,,,,,,,,,,SIM,AFLUENTE OFICIAL DO ITAPECURU (CODEVASF/IBGE; NUGEO-UEMA),NAO,,True,,,False,False,False,False,True,False,True,False,False,False,False,,,,,,,,,,,2
ITA-0169,1145,2021,6.0,2.0,2021- 6° PERIODO 2A CAMPANHA,93,MA-7182-I-2,33661010.0,6.0,PIRAPEMAS,RIO PERITORO,106,106,2021-05-31,09:22:00,2.0,-3.8121,-44.2575,,,,30.1,29.52,7.18,6.54,222.6,47.7,0.1,24.0,0.6,220.0,10.8,,,,,,,,,,,,,,,,,,,SIM,AFLUENTE OFICIAL DO ITAPECURU (CODEVASF/IBGE; NUGEO-UEMA),NAO,,True,,,False,False,False,False,False,False,False,False,False,False,False,,,,,,,,,,,0
ITA-0170,1146,2021,6.0,2.0,2021- 6° PERIODO 2A CAMPANHA,94,MA-7185-I-12,,6.0,CAXIAS,RIO ITAPECURU,117,117,2021-06-01,10:58:00,2.0,-5.08417,-43.4653,,,,24.89,27.97,7.41,7.39,59.0,23.39,0.03,20.0,0.4,80.0,12.4,,,,,,,,,,,HIDRO NAO INFORMADO NA ORIGEM (AUSENTE),,,,,,,,SIM,RIO PRINCIPAL DA BACIA,NAO,,True,,,False,False,False,False,False,False,False,False,False,False,False,,,,,,,,,,,0
ITA-0171,1148,2021,6.0,2.0,2021- 6° PERIODO 2A CAMPANHA,96,MA-7185-I-8,33550000.0,6.0,CAXIAS,RIO ITAPECURU,118,118,2021-06-01,12:00:00,2.0,-4.86732,-43.37428,,,44.5,25.75,28.26,7.42,7.26,72.0,23.31,0.03,12.0,0.6,60.0,30.0,,,,,,,,,,,,,,,,,,,SIM,RIO PRINCIPAL DA BACIA,NAO,,True,,False,False,False,False,False,False,False,False,False,False,False,False,,,,,,,,,,,0
ITA-0172,1149,2021,6.0,2.0,2021- 6° PERIODO 2A CAMPANHA,97,MA-7185-I-1,33661000.0,6.0,PIRAPEMAS,RIACHO PERITORO,108,108,2021-05-31,07:59:00,2.0,-3.70923,-44.28725,,,10.1,27.67,28.8,7.53,6.71,174.4,37.3,0.08,24.0,0.4,240.0,18.8,,,,,,,,,,,,,,,,,,,SIM,AFLUENTE OFICIAL DO ITAPECURU (CODEVASF/IBGE; NUGEO-UEMA),NAO,,True,,False,False,False,False,False,False,False,False,False,False,False,False,,,,,,,,,,,0
ITA-0173,1150,2021,6.0,2.0,2021- 6° PERIODO 2A CAMPANHA,98,MA-7183-I-3,33630000.0,6.0,COROATA,RIO ITAPECURU,110,110,2021-05-31,13:45:00,2.0,-4.12531,-44.12985,,,54.8,25.97,30.46,7.84,8.04,112.4,15.26,0.02,10.0,0.6,140.0,8.0,,,,,,,,,,,,,,,,,,,SIM,RIO PRINCIPAL DA BACIA,NAO,,True,,False,False,False,False,False,False,False,False,False,False,False,False,,,,,,,,,,,0
ITA-0174,1151,2021,6.0,2.0,2021- 6° PERIODO 2A CAMPANHA,99,MA-7185-I-7,33590000.0,6.0,CODO,RIO ITAPECURU,113,113,2021-05-31,15:05:00,2.0,-4.45527,-43.87951,,,62.1,26.6,30.38,7.64,7.61,81.3,32.98,0.04,12.0,0.4,80.0,34.4,,,,,,,,,,,,,,,,,,,SIM,RIO PRINCIPAL DA BACIA,NAO,,True,,False,False,False,False,False,False,False,False,False,False,False,False,,,,,,,,,,,0
ITA-0175,1152,2021,6.0,2.0,2021- 6° PERIODO 2A CAMPANHA,100,MA-7185-I-10,33550010.0,6.0,CAXIAS,RIO ITAPECURU,115,115,2021-06-01,14:14:00,2.0,-4.67734,-43.5426,,,,25.91,29.28,7.58,7.45,71.6,23.87,0.03,8.0,0.4,140.0,9.2,,,,,,,,,,,,,,,,,,,SIM,RIO PRINCIPAL DA BACIA,NAO,,True,,,False,False,False,False,False,False,False,False,False,False,False,,,,,,,,,,,0
ITA-0176,1154,2021,7.0,1.0,2021 -7° PERIODO 1A CAMPANHA,3,MA-7181-I-4,33698050.0,1.0,ROSARIO,RIO ITAPECURU,161,161,2021-11-25,14:25:00,1.0,-3.05814,-44.25304,NAO,0.0,,27.0,31.05,7.36,6.87,74.0,47.5,0.03,16.0,0.5,40.0,30.0,343.42,,,4.74,,,,0.0,1.52,0.08,,,,,,,,,SIM,RIO PRINCIPAL DA BACIA,NAO,,True,False,,False,False,False,False,False,False,False,False,False,False,False,True,,,False,,,,False,False,False,1
ITA-0177,1156,2021,7.0,1.0,2021 -7° PERIODO 1A CAMPANHA,5,MA-7181-I-2,33693000.0,1.0,SANTA RITA,RIO ITAPECURU,163,163,2021-11-25,13:22:00,1.0,-3.16122,-44.2864,NAO,0.0,,26.9,31.59,7.25,7.06,68.8,51.7,0.03,18.0,0.3,40.0,25.33,2.97,,,3.68,,,,0.0,1.02,0.02,,,,,,,,,SIM,RIO PRINCIPAL DA BACIA,NAO,,True,False,,False,False,False,False,False,False,False,False,False,False,False,False,,,False,,,,False,False,False,0
ITA-0178,1158,2021,7.0,1.0,2021 -7° PERIODO 1A CAMPANHA,7,MA-7181-I-3,33685000.0,1.0,ITAPECURU-MIRIM,RIO ITAPECURU,165,165,2021-11-25,09:51:00,1.0,-3.59755,-44.40045,NAO,0.0,,28.83,30.38,7.04,6.68,79.7,120.7,0.04,12.0,0.25,60.0,29.6,3.96,,,13.06,,,,0.0,1.02,0.3,,,,,,,,,SIM,RIO PRINCIPAL DA BACIA,NAO,,True,False,,False,False,False,False,False,True,False,False,False,False,False,False,,,True,,,,False,False,False,2
ITA-0179,1159,2021,7.0,1.0,2021 -7° PERIODO 1A CAMPANHA,8,MA-7181-I-1,33690000.0,1.0,ITAPECURU-MIRIM,RIO ITAPECURU,166,166,2021-11-25,11:16:00,1.0,-3.3745,-44.34607,NAO,0.0,,29.02,30.24,7.07,6.48,72.6,135.7,0.03,16.0,0.2,40.0,32.4,8.91,,,6.6,,,,1.4,0.0,0.02,,,,,,,,,SIM,RIO PRINCIPAL DA BACIA,NAO,,True,False,,False,False,False,False,False,True,False,False,False,False,False,False,,,True,,,,False,False,False,2
ITA-0180,1165,2021,7.0,1.0,2021 -7° PERIODO 1A CAMPANHA,14,MA-7191-IE-4,33698000.0,1.0,ROSARIO,RIO ITAPECURU,172,172,2021-11-25,15:39:00,1.0,-2.9007,-44.24333,NAO,0.0,,25.3,30.46,7.77,7.25,256.8,112.9,0.12,14.0,0.2,140.0,54.0,9.9,,,1.46,,,,0.0,0.38,0.3,,,,,,,,,SIM,RIO PRINCIPAL DA BACIA,NAO,,True,False,,False,False,False,False,True,True,True,False,False,False,False,False,,,False,,,,False,False,False,3
ITA-0181,1168,2021,7.0,1.0,2021 -7° PERIODO 1A CAMPANHA,17,MA-7164-I-19,33680001.0,1.0,CANTANHEDE,RIO ITAPECURU,175,175,2021-11-25,09:11:00,1.0,-3.63234,-44.37604,NAO,0.0,50.93,27.95,30.15,7.45,6.7,84.6,119.3,0.04,16.0,0.25,60.0,37.23,20.78,,,13.9,,,,0.0,0.0,0.16,,,,,,,,,SIM,RIO PRINCIPAL DA BACIA,NAO,,True,False,False,False,False,False,False,False,True,False,False,False,False,False,False,,,True,,,,False,False,False,2
ITA-0182,1231,2021,7.0,1.0,2021 -7° PERIODO 1A CAMPANHA,80,MA-7185-I-3,33631001.0,5.0,SAO MATEUS DO MARANHAO,RIO TAPUIO,238,238,2021-12-01,10:45:00,1.0,-4.01091,-44.44142,NAO,0.0,,28.26,29.48,6.64,2.36,183.9,50.97,0.09,10.0,,119.55,11.33,19.8,,,2.21,,,,0.0,0.22,0.4,NAO MEDIDO,,,,,,,,SIM,AFLUENTE OFICIAL DO ITAPECURU (CODEVASF/IBGE; NUGEO-UEMA),NAO,,True,False,,False,False,False,True,False,False,False,False,,False,False,False,,,False,,,,False,False,False,1
ITA-0183,1242,2021,7.0,1.0,2021 -7° PERIODO 1A CAMPANHA,91,MA-7185-I-5,33638000.0,6.0,COROATA,RIO PIRAPEMAS,254,254,2021-12-01,14:27:00,1.0,-3.93618,-44.01845,NAO,0.634,,30.73,32.33,6.62,6.76,188.7,4.01,0.09,16.0,0.4,120.0,3.6,59.38,,,0.4,,,,3.06,0.72,0.04,,,,,,,,,SIM,AFLUENTE OFICIAL DO ITAPECURU (CODEVASF/IBGE; NUGEO-UEMA),NAO,,True,False,,False,False,False,False,False,False,False,False,False,False,False,True,,,False,,,,False,False,False,1
ITA-0184,1243,2021,7.0,1.0,2021 -7° PERIODO 1A CAMPANHA,92,MA-7185-I-11,33550020.0,6.0,CAXIAS,RIO ITAPECURU,259,259,2021-12-02,09:32:00,1.0,-4.79385,-43.39044,NAO,0.675,,27.45,28.89,7.07,6.77,69.9,47.14,0.03,22.0,0.3,20.0,18.2,14.85,,,1.73,,,,0.96,2.01,0.0,,,,,,,,,SIM,RIO PRINCIPAL DA BACIA,NAO,,True,False,,False,False,False,False,False,False,False,False,False,False,False,False,,,False,,,,False,True,False,1
ITA-0185,1245,2021,7.0,1.0,2021 -7° PERIODO 1A CAMPANHA,94,MA-7183-I-4,33630010.0,6.0,COROATA,RIO ITAPECURU,252,252,2021-12-01,11:31:00,1.0,-3.96523,-44.18753,NAO,0.716,,30.92,30.84,7.24,6.93,76.0,57.41,0.03,22.0,0.3,80.0,16.2,14.85,,,18.55,,,,1.57,0.49,0.25,,,,,,,,,SIM,RIO PRINCIPAL DA BACIA,NAO,,True,False,,False,False,False,False,False,False,False,False,False,False,False,False,,,True,,,,False,False,False,1
ITA-0186,1246,2021,7.0,1.0,2021 -7° PERIODO 1A CAMPANHA,95,MA-7182-I-3,33661020.0,6.0,PIRAPEMAS,RIO PERITORO,248,248,2021-12-01,10:14:00,1.0,-3.86289,-44.28726,NAO,0.72,,28.16,29.89,7.08,5.85,123.4,123.82,0.06,20.0,0.2,360.0,34.0,28.7,,,0.89,,,,18.68,0.64,0.04,,,,,,,,,SIM,AFLUENTE OFICIAL DO ITAPECURU (CODEVASF/IBGE; NUGEO-UEMA),NAO,,True,False,,False,False,False,False,False,True,False,False,False,False,False,False,,,False,,,,True,False,False,2
ITA-0187,1247,2021,7.0,1.0,2021 -7° PERIODO 1A CAMPANHA,96,MA-7182-I-2,33661010.0,6.0,PIRAPEMAS,RIO PERITORO,149,149,2021-12-01,09:35:00,1.0,-3.8121,-44.2575,NAO,0.765,,27.53,29.83,7.02,4.94,116.7,129.81,0.05,30.0,0.2,120.0,34.5,31.67,,,5.71,,,,0.33,1.23,0.1,,,,,,,,,SIM,AFLUENTE OFICIAL DO ITAPECURU (CODEVASF/IBGE; NUGEO-UEMA),NAO,,True,False,,False,False,False,False,False,True,False,False,False,False,False,False,,,True,,,,False,False,False,2
ITA-0188,1248,2021,7.0,1.0,2021 -7° PERIODO 1A CAMPANHA,97,MA-7185-I-12,33482100.0,6.0,CAXIAS,RIO ITAPECURU,260,260,2021-12-02,11:27:00,1.0,-5.0842,-43.46532,NAO,0.68,,26.29,29.02,7.08,6.82,65.3,37.35,0.03,20.0,0.4,40.0,12.2,16.82,,,6.07,,,,2.05,0.0,0.0,,,,,,,,,SIM,RIO PRINCIPAL DA BACIA,NAO,,True,False,,False,False,False,False,False,False,False,False,False,False,False,False,,,True,,,,False,False,False,1
ITA-0189,1250,2021,7.0,1.0,2021 -7° PERIODO 1A CAMPANHA,99,MA-7185-I-8,33550000.0,6.0,CAXIAS,RIO ITAPECURU,261,261,2021-12-02,10:16:00,1.0,-4.86732,-43.37428,NAO,0.669,59.74,26.48,29.05,7.1,6.8,69.0,41.95,0.03,22.0,0.3,20.0,14.2,15.85,,,3.1,,,,0.0,1.83,0.0,,,,,,,,,SIM,RIO PRINCIPAL DA BACIA,NAO,,True,False,False,False,False,False,False,False,False,False,False,False,False,False,False,,,False,,,,False,False,False,0
ITA-0190,1251,2021,7.0,1.0,2021 -7° PERIODO 1A CAMPANHA,100,MA-7185-I-1,33661000.0,6.0,PIRAPEMAS,RIACHO PERITORO,251,251,2021-12-01,08:25:00,1.0,-3.70923,-44.28725,NAO,0.893,,28.83,29.86,6.85,5.62,163.6,136.75,0.08,18.0,0.2,260.0,34.4,35.63,,,9.3,,,,1.61,1.36,0.0,SEM DADOS,,,,,,,,SIM,AFLUENTE OFICIAL DO ITAPECURU (CODEVASF/IBGE; NUGEO-UEMA),NAO,,True,False,,False,False,False,False,False,True,False,False,False,False,False,False,,,True,,,,False,False,False,2
ITA-0191,1252,2021,7.0,1.0,2021 -7° PERIODO 1A CAMPANHA,101,MA-7183-I-3,33630000.0,6.0,COROATA,RIO ITAPECURU,253,253,2021-12-01,12:52:00,1.0,-4.12531,-44.12985,NAO,0.726,54.78,33.55,30.82,7.2,7.04,72.2,0.03,0.03,20.0,0.4,120.0,32.8,14.85,,,0.31,,,,1.31,0.92,0.27,,,,,,,,,SIM,RIO PRINCIPAL DA BACIA,NAO,,True,False,False,True,False,False,False,False,False,False,False,False,False,False,False,,,False,,,,False,False,False,1
ITA-0192,1253,2021,7.0,1.0,2021 -7° PERIODO 1A CAMPANHA,102,MA-7185-I-7,33590000.0,6.0,CODO,RIO ITAPECURU,256,256,2021-12-01,15:52:00,1.0,-4.45527,-43.87951,NAO,0.74,,28.89,30.75,7.9,7.04,65.7,52.67,0.03,18.0,0.2,0.0,46.7,11.88,,,18.95,,,,0.66,0.65,0.33,SEM DADOS,,,,,,,,SIM,RIO PRINCIPAL DA BACIA,NAO,,True,False,,False,False,False,False,False,False,False,False,False,False,False,False,,,True,,,,False,False,False,1
ITA-0193,1254,2021,7.0,1.0,2021 -7° PERIODO 1A CAMPANHA,103,MA-7185-I-10,33550010.0,6.0,CAXIAS,RIO ITAPECURU,258,258,2021-12-02,08:35:00,1.0,-4.67734,-43.5426,NAO,0.686,,26.58,28.87,7.02,6.66,67.8,57.14,0.03,12.0,0.3,80.0,33.4,14.85,,,0.0,,,,0.0,0.64,0.0,,,,,,,,,SIM,RIO PRINCIPAL DA BACIA,NAO,,True,False,,False,False,False,False,False,False,False,False,False,False,False,False,,,False,,,,False,False,False,0
ITA-0194,1255,2021,7.0,1.0,2021 -7° PERIODO 1A CAMPANHA,104,MA-7185-I-6,33530000.0,6.0,GOVERNADOR EUGENIO BARROS,RIO ITAPECURU,262,262,2021-12-02,12:53:00,1.0,-5.33974,-43.88464,NAO,0.607,59.2,27.47,28.82,7.0,6.62,63.1,32.55,0.03,16.0,0.4,60.0,8.0,23.75,,,0.0,,,,0.0,0.86,0.18,,,,,,,,,SIM,RIO PRINCIPAL DA BACIA,NAO,,True,False,False,False,False,False,False,False,False,False,False,False,False,False,False,,,False,,,,False,False,False,0
ITA-0195,1256,2021,7.0,1.0,2021 -7° PERIODO 1A CAMPANHA,105,MA-7184-I-1,,6.0,GONCALVES DIAS,RIO CODOZINHO,263,263,2021-12-02,15:08:00,1.0,-5.15973,-44.07358,NAO,0.55,,32.55,29.78,6.48,1.59,289.8,129.67,0.14,38.0,0.3,40.0,31.4,56.71,,,0.0,,,,0.3,0.97,0.15,HIDRO NAO INFORMADO NA ORIGEM (NAO POSSUI),,,,,,,,SIM,AFLUENTE OFICIAL DO ITAPECURU (CODEVASF/IBGE; NUGEO-UEMA),NAO,,True,False,,True,False,False,True,True,True,True,False,False,False,False,True,,,False,,,,False,False,False,6
ITA-0196,1258,2022,7.0,2.0,2022-7° PERIODO 2ª CAMPANHA,3,MA-7181-I-4,33698050.0,1.0,ROSARIO,RIO ITAPECURU,117/2022,117,2022-05-04,17:56:00,2.0,-3.05814,-44.25304,SIM,,,24.77,28.3,6.74,5.81,86.8,42.2,0.04,20.0,0.8,56.04,3.5,15.0,,,0.0,,,,0.0,0.0,0.12,NAO APLICAVEL,,,,,,,,SIM,RIO PRINCIPAL DA BACIA,NAO,,True,,,False,False,False,False,False,False,False,False,False,False,False,False,,,False,,,,False,False,False,0
ITA-0197,1260,2022,7.0,2.0,2022-7° PERIODO 2ª CAMPANHA,5,MA-7181-I-2,33693000.0,1.0,SANTA RITA,RIO ITAPECURU,119/2022,119,2022-05-04,16:45:00,2.0,-3.16104,-44.865,SIM,,,26.28,28.25,6.78,6.11,91.3,61.77,0.04,28.0,,59.37,3.5,139.97,,,0.0,,,,0.0,0.0,0.18,NAO APLICAVEL,,,,,,,,SIM,RIO PRINCIPAL DA BACIA,NAO,,True,,,False,False,False,False,False,False,False,False,,False,False,True,,,False,,,,False,False,False,1
ITA-0198,1262,2022,7.0,2.0,2022-7° PERIODO 2ª CAMPANHA,7,MA-7181-I-3,33685000.0,1.0,ITAPECURU-MIRIM,RIO ITAPECURU,121/2022,121,2022-05-04,10:52:00,2.0,-3.59762,-44.40028,SIM,,,28.4,28.27,6.89,6.28,97.4,59.86,0.04,28.0,0.2,63.3,3.0,15.0,,,0.0,,,,0.0,0.0,0.0,NAO APLICAVEL,,,,,,,,SIM,RIO PRINCIPAL DA BACIA,NAO,,True,,,False,False,False,False,False,False,False,False,False,False,False,False,,,False,,,,False,False,False,0
ITA-0199,1263,2022,7.0,2.0,2022-7° PERIODO 2ª CAMPANHA,8,MA-7181-I-1,33690000.0,1.0,ITAPECURU-MIRIM,RIO ITAPECURU,122/2022,122,2022-05-04,14:34:00,2.0,-3.37329,-44.34638,SIM,0.45,,28.2,28.48,6.83,,92.8,52.4,0.04,24.0,0.3,60.74,9.0,17.0,,,4.43,,,,0.75,0.05,0.0,VALOR ATIPICO EM OXIGENIO_DISSOLVIDO; VALOR IMPOSSIVEL EM OXIGENIO_DISSOLVIDO,,,,,,,,SIM,RIO PRINCIPAL DA BACIA,NAO,,True,False,,False,False,False,,False,False,False,False,False,False,False,False,,,False,,,,False,False,False,0
ITA-0200,1269,2022,7.0,2.0,2022-7° PERIODO 2ª CAMPANHA,14,MA-7191-IE-4,33698000.0,1.0,ROSARIO,RIO ITAPECURU,128/2022,128,2022-05-04,19:42:00,2.0,-2.90605,-44.25041,SIM,,,24.0,28.23,6.83,5.65,92.9,42.6,0.04,32.0,0.2,60.68,5.0,14.0,,,8.86,,,,1.27,0.16,0.12,NAO APLICAVEL,,,,,,,,SIM,RIO PRINCIPAL DA BACIA,NAO,,True,,,False,False,False,False,False,False,False,False,False,False,False,False,,,True,,,,False,False,False,1
ITA-0201,1272,2022,7.0,2.0,2022-7° PERIODO 2ª CAMPANHA,17,MA-7164-I-19,33680001.0,1.0,CANTANHEDE,RIO ITAPECURU,131/2022,131,2022-05-04,12:26:00,2.0,-3.62958,-44.37784,SIM,,,30.0,28.5,6.8,5.85,128.5,41.4,0.05,26.0,0.2,240.0,5.0,16.0,,,8.86,,,,0.0,0.0,0.0,NAO APLICAVEL,,,,,,,,SIM,RIO PRINCIPAL DA BACIA,NAO,,True,,,False,False,False,False,False,False,False,False,False,False,False,False,,,True,,,,False,False,False,1
ITA-0202,1335,2022,7.0,2.0,2022-7° PERIODO 2ª CAMPANHA,80,MA-7185-I-3,33631001.0,5.0,SAO MATEUS DO MARANHAO,RIO TAPUIO,91,91,2022-05-27,09:38:00,,-4.011,-44.44151,SIM,,,25.77,28.42,6.35,2.35,82.7,8.26,0.04,12.0,1.0,-1100.0,-23.2,11.88,,,5.31,,,,1.12,0.16,0.07,NAO APLICAVEL; VALOR ATIPICO EM SOLIDOS_DISSOLVIDOS; VALOR ATIPICO EM SOLIDOS_SUSPENSOS,,,,,,,,SIM,AFLUENTE OFICIAL DO ITAPECURU (CODEVASF/IBGE; NUGEO-UEMA),SIM,SOLIDOS_DISSOLVIDOS=-1100 (NEGATIVO); SOLIDOS_SUSPENSOS=-23.2 (NEGATIVO) | VALOR CONFERIDO NA ABA DE ORIGEM: JA CONSTA ASSIM NO DADO BRUTO,False,,,,,,,,,,,,,,,,,,,,,,,,0
ITA-0203,1346,2022,7.0,2.0,2022-7° PERIODO 2ª CAMPANHA,91,MA-7185-I-5,33638000.0,6.0,COROATA,RIO PIRAPEMAS,48,48,2022-04-01,16:59:00,,-3.93593,-44.01861,SIM,0.072,,25.95,28.81,6.13,3.26,77.5,32.18,0.03,23.0,0.45,220.0,6.4,21.77,,,0.0,,,,0.06,0.16,0.06,,,,,,,,,SIM,AFLUENTE OFICIAL DO ITAPECURU (CODEVASF/IBGE; NUGEO-UEMA),NAO,,True,False,,False,False,False,True,False,False,False,False,False,False,False,False,,,False,,,,False,False,False,1
ITA-0204,1347,2022,7.0,2.0,2022-7° PERIODO 2ª CAMPANHA,92,MA-7185-I-11,33550020.0,6.0,CAXIAS,RIO ITAPECURU,49,49,2022-03-31,13:43:00,,-4.79397,-43.39048,NAO,0.0,,25.94,27.94,7.37,6.38,127.1,39.23,0.06,23.0,0.3,180.0,3.6,13.86,,,0.0,,,,0.0,0.0,0.12,,,,,,,,,SIM,RIO PRINCIPAL DA BACIA,NAO,,True,False,,False,False,False,False,False,False,False,False,False,False,False,False,,,False,,,,False,False,False,0
ITA-0205,1349,2022,7.0,2.0,2022-7° PERIODO 2ª CAMPANHA,94,MA-7183-I-4,33630010.0,6.0,COROATA,RIO ITAPECURU,51,51,2022-03-30,12:29:00,,-3.96515,-44.18762,NAO,0.087,,26.2,28.12,7.06,,109.6,43.26,0.05,22.0,0.3,180.0,4.8,16.82,,,0.18,,,,0.0,0.0,0.12,VALOR ATIPICO EM OXIGENIO_DISSOLVIDO; VALOR IMPOSSIVEL EM OXIGENIO_DISSOLVIDO,,,,,,,,SIM,RIO PRINCIPAL DA BACIA,NAO,,True,False,,False,False,False,,False,False,False,False,False,False,False,False,,,False,,,,False,False,False,0
ITA-0206,1350,2022,7.0,2.0,2022-7° PERIODO 2ª CAMPANHA,95,MA-7182-I-3,33661020.0,6.0,PIRAPEMAS,RIO PERITORO,52,52,2022-03-30,10:40:00,,-3.86289,-44.28726,SIM,0.124,,27.17,27.95,6.48,,7.95,32.3,0.04,20.0,0.75,120.0,9.2,14.85,,,0.27,,,,0.0,0.0,0.08,VALOR ATIPICO EM OXIGENIO_DISSOLVIDO; VALOR IMPOSSIVEL EM OXIGENIO_DISSOLVIDO,,,,,,,,SIM,AFLUENTE OFICIAL DO ITAPECURU (CODEVASF/IBGE; NUGEO-UEMA),NAO,,True,False,,False,False,False,,False,False,False,False,False,False,False,False,,,False,,,,False,False,False,0
ITA-0207,1351,2022,7.0,2.0,2022-7° PERIODO 2ª CAMPANHA,96,MA-7182-I-2,33661010.0,6.0,PIRAPEMAS,RIO PERITORO,53,53,2022-03-30,09:55:00,,-3.82374,-44.28681,NAO,0.094,,26.91,27.92,6.45,4.37,76.2,18.15,0.03,15.0,0.6,160.0,7.2,14.85,,,0.22,,,,1.49,0.28,0.11,,,,,,,,,SIM,AFLUENTE OFICIAL DO ITAPECURU (CODEVASF/IBGE; NUGEO-UEMA),NAO,,True,False,,False,False,False,False,False,False,False,False,False,False,False,False,,,False,,,,False,False,False,0
ITA-0208,1352,2022,7.0,2.0,2022-7° PERIODO 2ª CAMPANHA,97,MA-7185-I-12,33482100.0,6.0,CAXIAS,RIO ITAPECURU,54,54,2022-03-31,10:33:00,,-5.09124,-43.46959,NAO,0.0,,29.24,28.36,7.3,5.88,131.0,20.68,0.06,26.0,0.6,80.0,8.8,15.84,,,0.13,,,,0.0,0.0,0.0,,,,,,,,,SIM,RIO PRINCIPAL DA BACIA,NAO,,True,False,,False,False,False,False,False,False,False,False,False,False,False,False,,,False,,,,False,False,False,0
ITA-0209,1354,2022,7.0,2.0,2022-7° PERIODO 2ª CAMPANHA,99,MA-7185-I-8,33550000.0,6.0,CAXIAS,RIO ITAPECURU,56,56,2022-05-01,11:39:00,,-4.86754,-43.3641,NAO,0.0,,31.35,28.41,7.33,6.05,141.0,32.01,0.06,32.0,0.3,240.0,14.8,26.72,,,0.13,,,,0.0,0.0,0.24,,,,,,,,,SIM,RIO PRINCIPAL DA BACIA,NAO,,True,False,,False,False,False,False,False,False,False,False,False,False,False,False,,,False,,,,False,False,False,0
ITA-0210,1355,2022,7.0,2.0,2022-7° PERIODO 2ª CAMPANHA,100,MA-7185-I-1,33661000.0,6.0,PIRAPEMAS,RIACHO PERITORO,57,57,2022-03-30,08:27:00,,-3.70709,-44.28666,SIM,0.37,,27.51,27.79,6.44,4.43,66.0,19.33,0.03,20.0,0.9,160.0,17.2,9.9,,,0.4,,,,0.0,0.0,0.12,,,,,,,,,SIM,AFLUENTE OFICIAL DO ITAPECURU (CODEVASF/IBGE; NUGEO-UEMA),NAO,,True,False,,False,False,False,False,False,False,False,False,False,False,False,False,,,False,,,,False,False,False,0
ITA-0211,1356,2022,7.0,2.0,2022-7° PERIODO 2ª CAMPANHA,101,MA-7183-I-3,33630000.0,6.0,COROATA,RIO ITAPECURU,58,58,2022-03-30,14:31:00,,-4.12553,-44.12989,SIM,0.2,,28.17,28.24,7.07,5.97,111.1,47.93,0.05,25.0,0.3,72.41,61.6,17.81,,,1.02,,,,0.0,0.0,0.16,,,,,,,,,SIM,RIO PRINCIPAL DA BACIA,NAO,,True,False,,False,False,False,False,False,False,False,False,False,False,False,False,,,False,,,,False,False,False,0
ITA-0212,1357,2022,7.0,2.0,2022-7° PERIODO 2ª CAMPANHA,102,MA-7185-I-7,33590000.0,6.0,CODO,RIO ITAPECURU,59,59,2022-03-30,15:50:00,,-4.45535,-43.8796,SIM,0.0,,26.15,28.06,7.27,6.72,119.1,37.86,0.05,20.0,0.3,200.0,46.4,18.8,,,0.27,,,,0.0,0.0,0.12,,,,,,,,,SIM,RIO PRINCIPAL DA BACIA,NAO,,True,False,,False,False,False,False,False,False,False,False,False,False,False,False,,,False,,,,False,False,False,0
ITA-0213,1358,2022,7.0,2.0,2022-7° PERIODO 2ª CAMPANHA,103,MA-7185-I-10,33550010.0,6.0,CAXIAS,RIO ITAPECURU,60,60,2022-03-31,15:30:00,,-4.67747,-43.54262,SIM,0.0,,25.0,27.37,6.87,6.84,86.9,29.64,0.04,25.0,0.3,260.0,33.6,17.81,,,0.22,,,,1.49,0.24,0.0,,,,,,,,,SIM,RIO PRINCIPAL DA BACIA,NAO,,True,False,,False,False,False,False,False,False,False,False,False,False,False,False,,,False,,,,False,False,False,0
ITA-0214,1359,2022,7.0,2.0,2022-7° PERIODO 2ª CAMPANHA,104,MA-7185-I-6,33530000.0,6.0,GOVERNADOR EUGENIO BARROS,RIO ITAPECURU,61,61,2022-04-01,09:17:00,,-5.33974,-43.88464,SIM,0.67,,26.53,27.82,7.07,5.12,133.0,23.38,0.06,17.0,0.8,180.0,9.2,16.82,,,0.4,,,,2.99,0.33,0.24,,,,,,,,,SIM,RIO PRINCIPAL DA BACIA,NAO,,True,False,,False,False,False,False,False,False,False,False,False,False,False,False,,,False,,,,False,False,False,0
ITA-0215,1360,2022,7.0,2.0,2022-7° PERIODO 2ª CAMPANHA,105,MA-7184-I-1,,6.0,GONCALVES DIAS,RIO CODOZINHO,62,62,2022-04-01,11:49:00,,-5.15768,-44.06981,NAO,0.0,,31.8,29.19,6.6,4.09,111.6,64.49,0.05,16.0,1.0,180.0,13.2,13.86,,,0.35,,,,18.68,0.49,0.22,HIDRO NAO INFORMADO NA ORIGEM (NAO POSSUI),,,,,,,,SIM,AFLUENTE OFICIAL DO ITAPECURU (CODEVASF/IBGE; NUGEO-UEMA),NAO,,True,False,,True,False,False,False,False,False,False,False,True,False,False,False,,,False,,,,True,False,False,3
ITA-0216,1362,2022,8.0,1.0,2022- 8 PERIODO 1A CAMPANHA,3,MA-7181-I-4,33698050.0,1.0,ROSARIO,RIO ITAPECURU,226,226,2022-09-28,14:58:00,1.0,-3.05433,-44.25168,NAO,0.73,,27.5,30.5,7.29,6.54,70.6,14.99,0.03,44.0,0.5,6.54,27.1,54.13,0.05,0.05,0.05,0.05,9.52,0.05,,,,,,"<0,1","<0,1","<0,1","<0,1",,"<0,1",SIM,RIO PRINCIPAL DA BACIA,NAO,,True,False,,False,False,False,False,False,False,False,False,False,False,False,True,False,False,False,False,True,False,,,,2
ITA-0217,1364,2022,8.0,1.0,2022- 8 PERIODO 1A CAMPANHA,5,MA-7181-I-2,33693000.0,1.0,SANTA RITA,RIO ITAPECURU,227,227,2022-09-28,13:43:00,1.0,-3.16136,-44.28601,NAO,0.72,,26.4,31.3,7.51,6.48,70.4,17.2,0.03,40.0,0.8,40.0,1.0,7.68,0.05,0.05,0.05,0.05,3.53,0.05,,,,,,"<0,1","<0,1","<0,1","<0,1",,"<0,1",SIM,RIO PRINCIPAL DA BACIA,NAO,,True,False,,False,False,False,False,False,False,False,False,False,False,False,False,False,False,False,False,False,False,,,,0
ITA-0218,1366,2022,8.0,1.0,2022- 8 PERIODO 1A CAMPANHA,7,MA-7181-I-3,33685000.0,1.0,ITAPECURU-MIRIM,RIO ITAPECURU,223,223,2022-09-28,10:38:00,1.0,-3.59747,-44.39912,NAO,0.45,,27.03,30.92,8.72,8.26,67.5,19.45,0.03,40.0,0.8,40.0,13.3,51.62,0.05,0.05,0.05,0.05,9.18,0.05,,,,,,"<0,1","<0,1","<0,1","<0,1",,"<0,1",SIM,RIO PRINCIPAL DA BACIA,NAO,,True,False,,False,False,True,False,False,False,False,False,False,False,False,True,False,False,False,False,True,False,,,,3
ITA-0219,1367,2022,8.0,1.0,2022- 8 PERIODO 1A CAMPANHA,8,MA-7181-I-1,33690000.0,1.0,ITAPECURU-MIRIM,RIO ITAPECURU,225,225,2022-09-28,11:39:00,1.0,-3.37437,-44.34619,NAO,0.67,,28.0,31.09,8.72,8.35,69.3,18.3,0.03,40.0,0.5,20.0,16.9,10.46,0.05,0.05,0.05,0.05,3.89,0.05,,,,,,"<0,1","<0,1","<0,1","<0,1",,"<0,1",SIM,RIO PRINCIPAL DA BACIA,NAO,,True,False,,False,False,True,False,False,False,False,False,False,False,False,False,False,False,False,False,False,False,,,,1
ITA-0220,1373,2022,8.0,1.0,2022- 8 PERIODO 1A CAMPANHA,14,MA-7191-IE-4,33698000.0,1.0,ROSARIO,RIO ITAPECURU,221,221,2022-09-28,16:31:00,1.0,-2.90067,-44.24334,NAO,0.8,,25.16,30.23,8.03,7.4,400.9,48.5,0.19,48.0,0.5,520.0,59.0,298.13,0.05,0.83,0.05,0.05,41.93,0.05,,,,,,"<0,1",,"<0,1","<0,1",,"<0,1",SIM,RIO PRINCIPAL DA BACIA,NAO,,True,False,,False,False,False,False,True,False,True,False,False,False,False,True,False,True,False,False,True,False,,,,5
ITA-0221,1376,2022,8.0,1.0,2022- 8 PERIODO 1A CAMPANHA,17,MA-7164-I-19,33680001.0,1.0,CANTANHEDE,RIO ITAPECURU,224,224,2022-09-28,09:40:00,1.0,-3.63287,-44.37655,NAO,0.33,31.91,29.8,30.68,8.4,7.86,68.0,64.5,0.03,36.0,0.5,100.0,16.0,7.97,0.05,0.05,0.05,0.05,3.66,0.05,,,,,,"<0,1","<0,1","<0,1","<0,1",,"<0,1",SIM,RIO PRINCIPAL DA BACIA,NAO,,True,False,False,False,False,False,False,False,False,False,False,False,False,False,False,False,False,False,False,False,False,,,,0
ITA-0222,1439,2022,8.0,1.0,2022- 8 PERIODO 1A CAMPANHA,80,MA-7185-I-3,33631001.0,5.0,SAO MATEUS DO MARANHAO,RIO TAPUIO,,,,,,,,,,,,,,,,,,,,,,,,,,,,,,,,PONTO NAO VISITADO; NAO MEDIDO,,,,,,,,SIM,AFLUENTE OFICIAL DO ITAPECURU (CODEVASF/IBGE; NUGEO-UEMA),NAO,,True,,,,,,,,,,,,,,,,,,,,,,,,0
ITA-0223,1450,2022,8.0,1.0,2022- 8 PERIODO 1A CAMPANHA,91,MA-7185-I-5,33638000.0,6.0,COROATA,RIO PIRAPEMAS,148,148,2022-08-10,14:14:00,1.0,-3.935833,-44.018611,NAO,,,27.11,32.26,6.77,7.95,182.6,53.92,0.08,0.14,0.15,180.0,35.0,44.73,0.1,0.06,0.1,0.1,0.18,0.1,,,,,,"<0,2",,"<0,2","<0,2",,"<0,2",SIM,AFLUENTE OFICIAL DO ITAPECURU (CODEVASF/IBGE; NUGEO-UEMA),NAO,,True,,,False,False,False,False,False,False,False,False,False,False,False,False,False,False,False,False,False,False,,,,0
ITA-0224,1451,2022,8.0,1.0,2022- 8 PERIODO 1A CAMPANHA,92,MA-7185-I-11,33550020.0,6.0,CAXIAS,RIO ITAPECURU,149,149,2022-08-11,12:39:00,1.0,-4.793889,-43.389722,NAO,,,25.81,28.12,7.22,8.12,53.6,25.03,0.02,0.11,0.5,180.0,45.0,5.8,0.1,0.1,0.31,0.1,2.13,0.1,,,,,,"<0,2","<0,2",,"<0,2",,"<0,2",SIM,RIO PRINCIPAL DA BACIA,NAO,,True,,,False,False,False,False,False,False,False,False,False,False,False,False,False,False,False,False,False,False,,,,0
ITA-0225,1453,2022,8.0,1.0,2022- 8 PERIODO 1A CAMPANHA,94,MA-7183-I-4,33630010.0,6.0,COROATA,RIO ITAPECURU,151,151,2022-08-10,11:40:00,1.0,-3.965278,-44.1875,NAO,,,27.05,30.2,7.62,8.95,82.3,17.59,0.04,0.16,0.5,180.0,74.0,9.2,0.1,0.1,0.91,0.1,4.04,0.1,,,,,,"<0,2","<0,2",,"<0,2",,"<0,2",SIM,RIO PRINCIPAL DA BACIA,NAO,,True,,,False,False,False,False,False,False,False,False,False,False,False,False,False,False,False,False,False,False,,,,0
ITA-0226,1454,2022,8.0,1.0,2022- 8 PERIODO 1A CAMPANHA,95,MA-7182-I-3,33661020.0,6.0,PIRAPEMAS,RIO PERITORO,152,152,2022-08-10,09:49:00,1.0,-3.862778,-44.287222,NAO,,,27.8,28.9,6.92,6.18,444.5,64.8,0.21,0.2,0.3,2360.0,35.0,120.57,0.1,0.19,0.1,0.1,1.92,0.1,,,,,,"<0,2",,"<0,2","<0,2",,"<0,2",SIM,AFLUENTE OFICIAL DO ITAPECURU (CODEVASF/IBGE; NUGEO-UEMA),NAO,,True,,,False,False,False,False,True,False,True,False,False,True,False,True,False,True,False,False,False,False,,,,5
ITA-0227,1455,2022,8.0,1.0,2022- 8 PERIODO 1A CAMPANHA,96,MA-7182-I-2,33661010.0,6.0,PIRAPEMAS,RIO PERITORO,153,153,2022-08-10,09:24:00,1.0,-3.823333,-44.286944,NAO,,,28.2,28.8,6.92,5.41,447.7,51.5,0.21,0.24,,520.0,63.0,118.26,0.1,0.18,0.1,0.1,1.95,0.1,,,,NAO MEDIDO,,"<0,2",,"<0,2","<0,2",,"<0,2",SIM,AFLUENTE OFICIAL DO ITAPECURU (CODEVASF/IBGE; NUGEO-UEMA),NAO,,True,,,False,False,False,False,True,False,True,False,,False,False,True,False,True,False,False,False,False,,,,4
ITA-0228,1456,2022,8.0,1.0,2022- 8 PERIODO 1A CAMPANHA,97,MA-7185-I-12,33482100.0,6.0,CAXIAS,RIO ITAPECURU,154,154,2022-08-11,16:00:00,1.0,-5.084167,-43.465278,NAO,,,26.27,28.52,7.22,8.27,41.1,32.4,0.02,0.18,0.3,200.0,45.0,5.14,0.1,0.1,0.08,0.1,0.6,0.1,,,,,,"<0,2","<0,2",,"<0,2",,"<0,2",SIM,RIO PRINCIPAL DA BACIA,NAO,,True,,,False,False,False,False,False,False,False,False,False,False,False,False,False,False,False,False,False,False,,,,0
ITA-0229,1458,2022,8.0,1.0,2022- 8 PERIODO 1A CAMPANHA,99,MA-7185-I-8,33550000.0,6.0,CAXIAS,RIO ITAPECURU,156,156,2022-08-11,14:43:00,1.0,-4.866944,-43.365,NAO,,42.43,25.29,28.62,7.25,8.24,50.7,30.3,0.02,0.18,0.3,160.0,283.0,5.74,0.1,0.1,0.38,0.1,1.74,0.1,,,,,,"<0,2","<0,2",,"<0,2",,"<0,2",SIM,RIO PRINCIPAL DA BACIA,NAO,,True,,False,False,False,False,False,False,False,False,False,False,False,True,False,False,False,False,False,False,False,,,,1
ITA-0230,1459,2022,8.0,1.0,2022- 8 PERIODO 1A CAMPANHA,100,MA-7185-I-1,33661000.0,6.0,PIRAPEMAS,RIACHO PERITORO,157,157,2022-08-10,08:10:00,1.0,-3.709167,-44.286944,NAO,,,28.09,29.14,7.08,6.81,,29.4,0.1,0.2,0.3,340.0,52.0,48.69,0.1,0.1,0.05,0.1,1.22,0.1,,,,SEM DADOS (PCD); NAO APLICAVEL,,"<0,2","<0,2",,"<0,2",,"<0,2",SIM,AFLUENTE OFICIAL DO ITAPECURU (CODEVASF/IBGE; NUGEO-UEMA),NAO,,True,,,False,False,False,False,,False,False,False,False,False,False,True,False,False,False,False,False,False,,,,1
ITA-0231,1460,2022,8.0,1.0,2022- 8 PERIODO 1A CAMPANHA,101,MA-7183-I-3,33630000.0,6.0,COROATA,RIO ITAPECURU,158,158,2022-08-10,12:42:00,1.0,-4.125833,-44.129167,NAO,,47.5,29.3,30.38,7.78,8.79,82.5,18.44,0.04,0.2,0.5,160.0,36.0,9.39,0.1,0.1,0.58,0.1,4.27,0.1,,,,,,"<0,2","<0,2",,"<0,2",,"<0,2",SIM,RIO PRINCIPAL DA BACIA,NAO,,True,,False,False,False,False,False,False,False,False,False,False,False,False,False,False,False,False,False,False,False,,,,0
ITA-0232,1461,2022,8.0,1.0,2022- 8 PERIODO 1A CAMPANHA,102,MA-7185-I-7,33590000.0,6.0,CODO,RIO ITAPECURU,159,159,2022-08-10,15:30:00,1.0,-4.455278,-43.879444,NAO,,42.53,26.8,29.7,7.27,8.46,60.8,30.7,0.03,0.18,0.45,240.0,79.0,6.83,0.1,0.1,0.12,0.1,1.99,0.1,,,,,,"<0,2","<0,2",,"<0,2",,"<0,2",SIM,RIO PRINCIPAL DA BACIA,NAO,,True,,False,False,False,False,False,False,False,False,False,False,False,False,False,False,False,False,False,False,False,,,,0
ITA-0233,1462,2022,8.0,1.0,2022- 8 PERIODO 1A CAMPANHA,103,MA-7185-I-10,33550010.0,6.0,CAXIAS,RIO ITAPECURU,160,160,2022-08-11,11:50:00,1.0,-4.677778,-43.540833,NAO,,,24.13,28.54,7.17,8.21,53.0,42.58,0.02,0.14,0.3,100.0,38.0,5.82,0.1,0.1,0.21,0.1,1.61,0.1,,,,,,"<0,2","<0,2",,"<0,2",,"<0,2",SIM,RIO PRINCIPAL DA BACIA,NAO,,True,,,False,False,False,False,False,False,False,False,False,False,False,False,False,False,False,False,False,False,,,,0
ITA-0234,1463,2022,8.0,1.0,2022- 8 PERIODO 1A CAMPANHA,104,MA-7185-I-6,33530000.0,6.0,GOVERNADOR EUGENIO BARROS,RIO ITAPECURU,161,161,2022-08-12,09:27:00,1.0,-5.339722,-43.884722,NAO,,37.97,22.19,26.74,6.92,8.15,38.7,39.3,0.02,0.18,0.3,160.0,44.0,73.32,0.1,0.18,0.1,0.1,0.1,0.1,,,,,,"<0,2",,"<0,2","<0,2","<0,2","<0,2",SIM,RIO PRINCIPAL DA BACIA,NAO,,True,,False,True,False,False,False,False,False,False,False,False,False,False,True,False,True,False,False,False,False,,,,3
ITA-0235,1464,2022,8.0,1.0,2022- 8 PERIODO 1A CAMPANHA,105,MA-7184-I-1,,6.0,GONCALVES DIAS,RIO CODOZINHO,162,162,2022-08-12,10:36:00,1.0,-5.159722,-44.073333,NAO,,,25.05,26.32,6.5,2.24,338.5,50.21,0.16,0.22,0.25,200.0,33.0,6.15,0.1,0.1,0.3,0.1,2.2,0.1,,,,HIDRO NAO INFORMADO NA ORIGEM (NAO POSSUI),,"<0,2","<0,2",,"<0,2",,"<0,2",SIM,AFLUENTE OFICIAL DO ITAPECURU (CODEVASF/IBGE; NUGEO-UEMA),NAO,,True,,,False,False,False,True,True,False,True,False,False,False,False,False,False,False,False,False,False,False,,,,3
ITA-0236,1466,2023,8.0,2.0,2023- 8 PERIODO 2A CAMPANHA,3,MA-7181-I-4,33698050.0,1.0,ROSARIO,RIO ITAPECURU,89,89,2023-02-13,13:52:00,,-3.05489,-44.25091,SIM,,,26.57,27.89,6.24,8.57,1.0,197.8,0.0,24.0,,440.0,29.0,,,,,,,,,,,NAO APLICAVEL,,,,,,,,SIM,RIO PRINCIPAL DA BACIA,NAO,,True,,,False,False,False,False,False,True,False,False,,False,False,,,,,,,,,,,1
ITA-0237,1468,2023,8.0,2.0,2023- 8 PERIODO 2A CAMPANHA,5,MA-7181-I-2,33693000.0,1.0,SANTA RITA,RIO ITAPECURU,91,91,2023-02-13,12:52:00,,-3.162,-44.2871,SIM,,,27.23,27.26,5.12,8.67,0.4,230.86,0.0,32.0,0.15,2320.0,54.0,,,,,,,,,,,NAO APLICAVEL,,,,,,,,SIM,RIO PRINCIPAL DA BACIA,NAO,,True,,,False,False,True,False,False,True,False,False,False,True,False,,,,,,,,,,,3
ITA-0238,1470,2023,8.0,2.0,2023- 8 PERIODO 2A CAMPANHA,7,MA-7181-I-3,33685000.0,1.0,ITAPECURU-MIRIM,RIO ITAPECURU,93,93,2023-02-13,09:52:00,,-3.59924,-44.40041,SIM,,,28.15,27.14,5.19,8.69,0.3,167.77,0.0,40.0,0.15,300.0,4.0,,,,,,,,,,,NAO APLICAVEL,,,,,,,,SIM,RIO PRINCIPAL DA BACIA,NAO,,True,,,False,False,True,False,False,True,False,False,False,False,False,,,,,,,,,,,2
ITA-0239,1471,2023,8.0,2.0,2023- 8 PERIODO 2A CAMPANHA,8,MA-7181-I-1,33690000.0,1.0,ITAPECURU-MIRIM,RIO ITAPECURU,94,94,2023-02-13,11:05:00,,-3.37429,-44.34672,SIM,,,28.23,27.28,5.14,8.67,0.3,276.9,0.0,30.0,0.15,400.0,87.0,,,,,,,,,,,NAO APLICAVEL,,,,,,,,SIM,RIO PRINCIPAL DA BACIA,NAO,,True,,,False,False,True,False,False,True,False,False,False,False,False,,,,,,,,,,,2
ITA-0240,1477,2023,8.0,2.0,2023- 8 PERIODO 2A CAMPANHA,14,MA-7191-IE-4,33698000.0,1.0,ROSARIO,RIO ITAPECURU,100,100,2023-02-13,14:45:00,,-2.90077,-44.2431,SIM,,,26.37,27.24,5.11,8.68,0.3,241.6,0.0,32.0,0.2,60.0,42.0,,,,,,,,,,,NAO APLICAVEL,,,,,,,,SIM,RIO PRINCIPAL DA BACIA,NAO,,True,,,False,False,True,False,False,True,False,False,False,False,False,,,,,,,,,,,2
ITA-0241,1480,2023,8.0,2.0,2023- 8 PERIODO 2A CAMPANHA,17,MA-7164-I-19,33680001.0,1.0,CANTANHEDE,RIO ITAPECURU,103,103,2023-02-13,08:33:00,,-3.63285,-44.37635,SIM,,263.92,28.15,27.24,5.15,8.67,0.3,165.5,0.0,28.0,0.15,40.0,74.0,,,,,,,,,,,NAO APLICAVEL,,,,,,,,SIM,RIO PRINCIPAL DA BACIA,NAO,,True,,True,False,False,True,False,False,True,False,False,False,False,False,,,,,,,,,,,3
ITA-0242,1543,2023,8.0,2.0,2023- 8 PERIODO 2A CAMPANHA,80,MA-7185-I-3,33631001.0,5.0,SAO MATEUS DO MARANHAO,RIO TAPUIO,17,17,2023-01-06,13:00:00,2.0,-4.010939,-44.440881,,,,27.27,28.23,7.21,4.03,186.6,48.28,0.09,64.0,0.1,1040.0,24.5,24.24,0.05,0.05,0.05,0.05,0.05,0.05,,,,,,"<0,1","<0,1","<0,1","<0,1","<0,1","<0,1",SIM,AFLUENTE OFICIAL DO ITAPECURU (CODEVASF/IBGE; NUGEO-UEMA),NAO,,True,,,False,False,False,False,False,False,False,False,False,True,False,False,False,False,False,False,False,False,,,,1
ITA-0243,1554,2023,8.0,2.0,2023- 8 PERIODO 2A CAMPANHA,91,MA-7185-I-5,33638000.0,6.0,COROATA,RIO PIRAPEMAS,2,2,2023-01-03,13:00:00,2.0,-3.569093,-44.17337,NAO,,,32.04,30.59,6.5,7.43,209.1,21.7,0.1,16.0,1.5,120.0,8.0,,,,,,,,,,,NAO APLICAVEL,,,,,,,,SIM,AFLUENTE OFICIAL DO ITAPECURU (CODEVASF/IBGE; NUGEO-UEMA),NAO,,True,,,True,False,False,False,False,False,False,False,True,False,False,,,,,,,,,,,2
ITA-0244,1555,2023,8.0,2.0,2023- 8 PERIODO 2A CAMPANHA,92,MA-7185-I-11,33550020.0,6.0,CAXIAS,RIO ITAPECURU,3,3,2023-01-04,08:46:00,2.0,-4.473779,-43.232553,NAO,,,24.4,25.72,5.88,7.46,87.3,136.66,0.04,34.0,0.1,60.0,3.0,,,,,,,,,,,NAO APLICAVEL,,,,,,,,SIM,RIO PRINCIPAL DA BACIA,NAO,,True,,,False,False,False,False,False,True,False,False,False,False,False,,,,,,,,,,,1
ITA-0245,1557,2023,8.0,2.0,2023- 8 PERIODO 2A CAMPANHA,94,MA-7183-I-4,33630010.0,6.0,COROATA,RIO ITAPECURU,5,5,2023-01-03,10:37:00,2.0,-3.96535,-44.18752,NAO,,,28.3,27.38,6.7,6.66,117.6,130.29,0.05,38.0,0.1,100.0,22.0,,,,,,,,,,,NAO APLICAVEL,,,,,,,,SIM,RIO PRINCIPAL DA BACIA,NAO,,True,,,False,False,False,False,False,True,False,False,False,False,False,,,,,,,,,,,1
ITA-0246,1558,2023,8.0,2.0,2023- 8 PERIODO 2A CAMPANHA,95,MA-7182-I-3,33661020.0,6.0,PIRAPEMAS,RIO PERITORO,6,6,2023-01-03,09:30:00,2.0,-3.862778,-44.287222,NAO,,,28.53,27.48,6.15,6.34,86.0,232.04,0.04,26.0,0.1,160.0,64.0,,,,,,,,,,,NAO APLICAVEL,,,,,,,,SIM,AFLUENTE OFICIAL DO ITAPECURU (CODEVASF/IBGE; NUGEO-UEMA),NAO,,True,,,False,False,False,False,False,True,False,False,False,False,False,,,,,,,,,,,1
ITA-0247,1559,2023,8.0,2.0,2023- 8 PERIODO 2A CAMPANHA,96,MA-7182-I-2,33661010.0,6.0,PIRAPEMAS,RIO PERITORO,7,7,2023-01-03,09:04:00,2.0,-3.82429,-44.2865,NAO,,,27.25,38.53,6.65,6.16,51.6,198.2,0.02,22.0,0.1,120.0,43.0,,,,,,,,,,,NAO APLICAVEL,,,,,,,,SIM,AFLUENTE OFICIAL DO ITAPECURU (CODEVASF/IBGE; NUGEO-UEMA),NAO,,True,,,False,True,False,False,False,True,False,False,False,False,False,,,,,,,,,,,2
ITA-0248,1560,2023,8.0,2.0,2023- 8 PERIODO 2A CAMPANHA,97,MA-7185-I-12,33482100.0,6.0,CAXIAS,RIO ITAPECURU,8,8,2023-01-04,13:28:00,2.0,-5.528247,-43.281059,NAO,,,28.1,26.75,6.36,8.0,84.6,91.46,0.04,36.0,0.25,20.0,6.0,,,,,,,,,,,NAO APLICAVEL,,,,,,,,SIM,RIO PRINCIPAL DA BACIA,NAO,,True,,,False,False,False,False,False,False,False,False,False,False,False,,,,,,,,,,,0
ITA-0249,1562,2023,8.0,2.0,2023- 8 PERIODO 2A CAMPANHA,99,MA-7185-I-8,33550000.0,6.0,CAXIAS,RIO ITAPECURU,9,9,2023-01-04,10:35:00,2.0,-4.520312,-43.215286,NAO,,146.57,,,,,,,,44.0,,60.0,3.0,,,,,,,,,,,NAO APLICAVEL,,,,,,,,SIM,RIO PRINCIPAL DA BACIA,NAO,,True,,True,,,,,,,,False,,False,False,,,,,,,,,,,1
ITA-0250,1563,2023,8.0,2.0,2023- 8 PERIODO 2A CAMPANHA,100,MA-7185-I-1,33661000.0,6.0,PIRAPEMAS,RIACHO PERITORO,10,10,2023-01-03,07:45:00,2.0,-3.423301,-44.171394,NAO,,,28.18,28.36,6.84,6.45,81.8,148.61,0.04,38.0,0.1,60.0,2.0,,,,,,,,,,,SEM DADOS (PCD); NAO APLICAVEL,,,,,,,,SIM,AFLUENTE OFICIAL DO ITAPECURU (CODEVASF/IBGE; NUGEO-UEMA),NAO,,True,,,False,False,False,False,False,True,False,False,False,False,False,,,,,,,,,,,1
ITA-0251,1564,2023,8.0,2.0,2023- 8 PERIODO 2A CAMPANHA,101,MA-7183-I-3,33630000.0,6.0,COROATA,RIO ITAPECURU,11,11,2023-01-03,11:49:00,2.0,-4.731526,-44.746323,NAO,,133.04,27.91,27.74,6.72,7.33,103.6,102.42,0.05,28.0,0.15,80.0,36.0,,,,,,,,,,,NAO APLICAVEL,,,,,,,,SIM,RIO PRINCIPAL DA BACIA,NAO,,True,,True,False,False,False,False,False,False,False,False,False,False,False,,,,,,,,,,,1
ITA-0252,1565,2023,8.0,2.0,2023- 8 PERIODO 2A CAMPANHA,102,MA-7185-I-7,33590000.0,6.0,CODO,RIO ITAPECURU,12,12,2023-01-03,14:10:00,2.0,-4.271879,-43.524637,NAO,,113.1,28.55,28.01,6.68,7.69,96.5,90.64,0.04,22.0,0.1,60.0,14.0,,,,,,,,,,,NAO APLICAVEL,,,,,,,,SIM,RIO PRINCIPAL DA BACIA,NAO,,True,,True,False,False,False,False,False,False,False,False,False,False,False,,,,,,,,,,,1
ITA-0253,1566,2023,8.0,2.0,2023- 8 PERIODO 2A CAMPANHA,103,MA-7185-I-10,33550010.0,6.0,CAXIAS,RIO ITAPECURU,13,13,2023-01-04,09:37:00,2.0,-4.404001,-43.322755,NAO,,,26.34,26.35,5.83,7.93,92.7,130.1,0.04,34.0,0.1,20.0,74.0,,,,,,,,,,,NAO APLICAVEL,,,,,,,,SIM,RIO PRINCIPAL DA BACIA,NAO,,True,,,False,False,False,False,False,True,False,False,False,False,False,,,,,,,,,,,1
ITA-0254,1567,2023,8.0,2.0,2023- 8 PERIODO 2A CAMPANHA,104,MA-7185-I-6,33530000.0,6.0,GOVERNADOR EUGENIO BARROS,RIO ITAPECURU,14,14,2023-01-04,14:40:00,2.0,-5.202342,-43.534491,NAO,,67.89,28.1,,,,,,,36.0,0.3,20.0,2.0,,,,,,,,,,,NAO APLICAVEL,,,,,,,,SIM,RIO PRINCIPAL DA BACIA,NAO,,True,,False,False,,,,,,,False,False,False,False,,,,,,,,,,,0
ITA-0255,1568,2023,8.0,2.0,2023- 8 PERIODO 2A CAMPANHA,105,MA-7184-I-1,,6.0,GONCALVES DIAS,RIO CODOZINHO,15,15,2023-01-04,16:00:00,2.0,-5.159722,-44.073333,NAO,,,29.09,29.04,6.26,3.52,151.7,117.18,0.07,44.0,,120.0,78.0,,,,,,,,,,,NAO APLICAVEL; HIDRO NAO INFORMADO NA ORIGEM (NAO POSSUI),,,,,,,,SIM,AFLUENTE OFICIAL DO ITAPECURU (CODEVASF/IBGE; NUGEO-UEMA),NAO,,True,,,False,False,False,True,False,True,False,False,,False,False,,,,,,,,,,,2
ITA-0256,1570,2023,9.0,1.0,2023- 9 PERIODO 1A CAMPANHA,3,MA-7181-I-4,33698050.0,1.0,ROSARIO,RIO ITAPECURU,184,184,2023-07-17,14:00:00,1.0,-3.05489,-44.25091,,,,27.2,30.08,7.02,7.33,103.7,14.9,0.05,38.0,0.45,30280.0,46.67,,,,,,,,,,,NAO APLICAVEL,,,,,,,,SIM,RIO PRINCIPAL DA BACIA,NAO,,True,,,False,False,False,False,False,False,False,False,False,True,False,,,,,,,,,,,1
ITA-0257,1572,2023,9.0,1.0,2023- 9 PERIODO 1A CAMPANHA,5,MA-7181-I-2,33693000.0,1.0,SANTA RITA,RIO ITAPECURU,185,185,2023-07-17,13:12:00,1.0,-3.15473,-44.2809,,,,25.97,30.53,7.01,7.91,104.0,28.5,0.05,34.0,0.15,21060.0,64.0,,,,,,,,,,,NAO APLICAVEL,,,,,,,,SIM,RIO PRINCIPAL DA BACIA,NAO,,True,,,False,False,False,False,False,False,False,False,False,True,False,,,,,,,,,,,1
ITA-0258,1574,2023,9.0,1.0,2023- 9 PERIODO 1A CAMPANHA,7,MA-7181-I-3,33685000.0,1.0,ITAPECURU-MIRIM,RIO ITAPECURU,186,186,2023-07-17,10:48:00,1.0,-3.53386,-44.3995,,,,27.72,29.79,7.11,8.01,100.8,16.63,0.05,46.0,0.3,22180.0,265.56,,,,,,,,,,,NAO APLICAVEL,,,,,,,,SIM,RIO PRINCIPAL DA BACIA,NAO,,True,,,False,False,False,False,False,False,False,False,False,True,True,,,,,,,,,,,2
ITA-0259,1575,2023,9.0,1.0,2023- 9 PERIODO 1A CAMPANHA,8,MA-7181-I-1,33690000.0,1.0,ITAPECURU-MIRIM,RIO ITAPECURU,187,187,2023-07-17,09:35:00,1.0,-3.3737,-44.3461,,,,27.87,29.87,7.01,7.84,102.8,16.71,0.05,32.0,0.15,60.0,6.28,,,,,,,,,,,NAO APLICAVEL,,,,,,,,SIM,RIO PRINCIPAL DA BACIA,NAO,,True,,,False,False,False,False,False,False,False,False,False,False,False,,,,,,,,,,,0
ITA-0260,1581,2023,9.0,1.0,2023- 9 PERIODO 1A CAMPANHA,14,MA-7191-IE-4,33698000.0,1.0,ROSARIO,RIO ITAPECURU,183,183,2023-07-17,15:00:00,1.0,-2.90077,-44.2431,,,,27.93,30.91,7.39,8.28,118.5,19.1,0.05,48.0,0.3,180.0,30.67,,,,,,,,,,,NAO APLICAVEL,,,,,,,,SIM,RIO PRINCIPAL DA BACIA,NAO,,True,,,False,False,False,False,False,False,False,False,False,False,False,,,,,,,,,,,0
ITA-0261,1584,2023,9.0,1.0,2023- 9 PERIODO 1A CAMPANHA,17,MA-7164-I-19,33680001.0,1.0,CANTANHEDE,RIO ITAPECURU,181,181,2023-07-17,08:20:00,1.0,-3.63285,-44.37635,,,50.93,28.03,29.28,6.86,7.43,97.7,19.55,0.04,46.0,0.1,140.0,13.78,,,,,,,,,,,NAO APLICAVEL,,,,,,,,SIM,RIO PRINCIPAL DA BACIA,NAO,,True,,False,False,False,False,False,False,False,False,False,False,False,False,,,,,,,,,,,0
ITA-0262,1647,2023,9.0,1.0,2023- 9 PERIODO 1A CAMPANHA,80,MA-7185-I-3,33631001.0,5.0,SAO MATEUS DO MARANHAO,RIO TAPUIO,149,149,2023-07-04,10:30:00,1.0,-4.010972,-44.440801,,,,29.18,29.09,6.92,5.35,138.8,42.27,0.06,42.0,0.15,600.0,14.5,,,,,,,,,,,NAO APLICAVEL,,,,,,,,SIM,AFLUENTE OFICIAL DO ITAPECURU (CODEVASF/IBGE; NUGEO-UEMA),NAO,,True,,,False,False,False,False,False,False,False,False,False,True,False,,,,,,,,,,,1
ITA-0263,1658,2023,9.0,1.0,2023- 9 PERIODO 1A CAMPANHA,91,MA-7185-I-5,33638000.0,6.0,COROATA,RIO PIRAPEMAS,124 QL/2023,124 QL/2023,2023-06-13,13:45:00,1.0,,,,,,28.91,30.89,7.25,5.56,132.7,17.58,0.06,24.0,1.0,680.0,44.0,,,,,,,,,,,NAO APLICAVEL; COORDENADA FORA DO MARANHAO,,,,,,,,SIM,AFLUENTE OFICIAL DO ITAPECURU (CODEVASF/IBGE; NUGEO-UEMA),NAO,,True,,,False,False,False,False,False,False,False,False,True,True,False,,,,,,,,,,,2
ITA-0264,1659,2023,9.0,1.0,2023- 9 PERIODO 1A CAMPANHA,92,MA-7185-I-11,33550020.0,6.0,CAXIAS,RIO ITAPECURU,125 QL/2023,125 QL/2023,2023-06-14,08:19:00,1.0,,,,,,25.4,27.84,6.36,7.33,91.1,37.74,0.04,34.0,0.3,1320.0,47.0,,,,,,,,,,,NAO APLICAVEL; COORDENADA FORA DO MARANHAO,,,,,,,,SIM,RIO PRINCIPAL DA BACIA,NAO,,True,,,False,False,False,False,False,False,False,False,False,True,False,,,,,,,,,,,1
ITA-0265,1661,2023,9.0,1.0,2023- 9 PERIODO 1A CAMPANHA,94,MA-7183-I-4,33630010.0,6.0,COROATA,RIO ITAPECURU,127 QL/2023,127 QL/2023,2023-06-13,10:25:00,1.0,,,,,,28.92,29.6,7.27,7.4,125.7,29.89,0.06,36.0,0.2,1740.0,44.0,,,,,,,,,,,NAO APLICAVEL; COORDENADA FORA DO MARANHAO,,,,,,,,SIM,RIO PRINCIPAL DA BACIA,NAO,,True,,,False,False,False,False,False,False,False,False,False,True,False,,,,,,,,,,,1
ITA-0266,1662,2023,9.0,1.0,2023- 9 PERIODO 1A CAMPANHA,95,MA-7182-I-3,33661020.0,6.0,PIRAPEMAS,RIO PERITORO,128 QL/2023,128 QL/2023,2023-06-13,08:42:00,1.0,,,,,,28.89,29.2,6.93,6.23,284.3,65.0,0.13,18.0,0.15,1360.0,46.5,,,,,,,,,,,NAO APLICAVEL; COORDENADA FORA DO MARANHAO,,,,,,,,SIM,AFLUENTE OFICIAL DO ITAPECURU (CODEVASF/IBGE; NUGEO-UEMA),NAO,,True,,,False,False,False,False,True,False,True,False,False,True,False,,,,,,,,,,,3
ITA-0267,1663,2023,9.0,1.0,2023- 9 PERIODO 1A CAMPANHA,96,MA-7182-I-2,33661010.0,6.0,PIRAPEMAS,RIO PERITORO,129 QL/2023,129 QL/2023,2023-06-13,08:20:00,1.0,,,,,,27.51,29.34,7.01,5.77,260.5,68.9,0.12,22.0,0.15,1800.0,32.5,,,,,,,,,,,NAO APLICAVEL; COORDENADA FORA DO MARANHAO,,,,,,,,SIM,AFLUENTE OFICIAL DO ITAPECURU (CODEVASF/IBGE; NUGEO-UEMA),NAO,,True,,,False,False,False,False,True,False,True,False,False,True,False,,,,,,,,,,,3
ITA-0268,1664,2023,9.0,1.0,2023- 9 PERIODO 1A CAMPANHA,97,MA-7185-I-12,33482100.0,6.0,CAXIAS,RIO ITAPECURU,130 QL/2023,130 QL/2023,2023-06-14,13:06:00,1.0,-3.064,,,,,27.58,28.95,6.8,7.39,73.9,49.15,0.03,32.0,0.15,1540.0,34.5,,,,,,,,,,,NAO APLICAVEL; COORDENADA FORA DO MARANHAO,,,,,,,,SIM,RIO PRINCIPAL DA BACIA,NAO,,True,,,False,False,False,False,False,False,False,False,False,True,False,,,,,,,,,,,1
ITA-0269,1666,2023,9.0,1.0,2023- 9 PERIODO 1A CAMPANHA,99,MA-7185-I-8,33550000.0,6.0,CAXIAS,RIO ITAPECURU,132 QL/2023,132 QL/2023,2023-06-14,10:12:00,1.0,,,,,52.17,26.2,28.38,6.95,7.33,90.9,27.43,0.04,32.0,0.15,760.0,9.0,,,,,,,,,,,NAO APLICAVEL; COORDENADA FORA DO MARANHAO,,,,,,,,SIM,RIO PRINCIPAL DA BACIA,NAO,,True,,False,False,False,False,False,False,False,False,False,False,True,False,,,,,,,,,,,1
ITA-0270,1667,2023,9.0,1.0,2023- 9 PERIODO 1A CAMPANHA,100,MA-7185-I-1,33661000.0,6.0,PIRAPEMAS,RIACHO PERITORO,133 QL/2023,133 QL/2023,2023-06-13,07:20:00,1.0,-3.70923,-44.28725,,,,27.2,28.84,6.79,6.5,151.8,45.86,0.07,36.0,,1140.0,58.5,,,,,,,,,,,SEM DADOS (PCD); TEXTO: N. A.; NAO APLICAVEL,,,,,,,,SIM,AFLUENTE OFICIAL DO ITAPECURU (CODEVASF/IBGE; NUGEO-UEMA),NAO,,True,,,False,False,False,False,False,False,False,False,,True,False,,,,,,,,,,,1
ITA-0271,1668,2023,9.0,1.0,2023- 9 PERIODO 1A CAMPANHA,101,MA-7183-I-3,33630000.0,6.0,COROATA,RIO ITAPECURU,134 QL/2023,134 QL/2023,2023-06-13,12:29:00,1.0,,-46.685,,,,28.28,29.56,7.42,7.39,129.1,0.3,0.06,38.0,,1140.0,130.0,,,,,,,,,,,TEXTO: N. A.; NAO APLICAVEL; COORDENADA FORA DO MARANHAO,,,,,,,,SIM,RIO PRINCIPAL DA BACIA,NAO,,True,,,False,False,False,False,False,False,False,False,,True,True,,,,,,,,,,,2
ITA-0272,1669,2023,9.0,1.0,2023- 9 PERIODO 1A CAMPANHA,102,MA-7185-I-7,33590000.0,6.0,CODO,RIO ITAPECURU,135 QL/2023,135 QL/2023,2023-06-13,15:12:00,1.0,,-44.903,,,63.16,28.05,29.6,7.28,7.52,101.6,25.1,0.05,52.0,,1000.0,49.5,,,,,,,,,,,TEXTO: N. A.; NAO APLICAVEL; COORDENADA FORA DO MARANHAO,,,,,,,,SIM,RIO PRINCIPAL DA BACIA,NAO,,True,,False,False,False,False,False,False,False,False,False,,True,False,,,,,,,,,,,1
ITA-0273,1670,2023,9.0,1.0,2023- 9 PERIODO 1A CAMPANHA,103,MA-7185-I-10,33550010.0,6.0,CAXIAS,RIO ITAPECURU,136 QL/2023,136 QL/2023,2023-06-14,09:11:00,1.0,-4.178,,,,,25.9,28.41,6.59,7.21,91.9,51.8,0.04,36.0,0.3,460.0,54.5,,,,,,,,,,,NAO APLICAVEL; COORDENADA FORA DO MARANHAO,,,,,,,,SIM,RIO PRINCIPAL DA BACIA,NAO,,True,,,False,False,False,False,False,False,False,False,False,False,False,,,,,,,,,,,0
ITA-0274,1671,2023,9.0,1.0,2023- 9 PERIODO 1A CAMPANHA,104,MA-7185-I-6,33530000.0,6.0,GOVERNADOR EUGENIO BARROS,RIO ITAPECURU,137 QL/2023,137 QL/2023,2023-06-14,14:26:00,1.0,,,,,47.78,26.8,28.54,6.91,7.31,62.7,29.32,0.03,24.0,0.2,940.0,3.0,,,,,,,,,,,NAO APLICAVEL; COORDENADA FORA DO MARANHAO,,,,,,,,SIM,RIO PRINCIPAL DA BACIA,NAO,,True,,False,False,False,False,False,False,False,False,False,False,True,False,,,,,,,,,,,1
ITA-0275,1672,2023,9.0,1.0,2023- 9 PERIODO 1A CAMPANHA,105,MA-7184-I-1,,6.0,GONCALVES DIAS,RIO CODOZINHO,138 QL/2023,138 QL/2023,2023-06-14,15:21:00,1.0,,,,,,27.18,29.26,6.38,1.98,298.6,85.4,0.14,58.0,,920.0,120.0,,,,,,,,,,,TEXTO: N. A.; NAO APLICAVEL; COORDENADA FORA DO MARANHAO; HIDRO NAO INFORMADO NA ORIGEM (NAO POSSUI),,,,,,,,SIM,AFLUENTE OFICIAL DO ITAPECURU (CODEVASF/IBGE; NUGEO-UEMA),NAO,,True,,,False,False,False,True,True,False,True,False,,True,True,,,,,,,,,,,5
ITA-0276,1674,2023,9.0,2.0,2023- 9 PERIODO 2A CAMPANHA,3,MA-7181-I-4,33698050.0,1.0,ROSARIO,RIO ITAPECURU,215,215,2023-11-22,12:08:00,2.0,-3.05814,-44.25304,,,,27.31,30.62,7.58,7.01,72.01,21.84,0.03,56.0,0.4,1220.0,53.33,,,,,,,,,,,,,,,,,,,SIM,RIO PRINCIPAL DA BACIA,NAO,,True,,,False,False,False,False,False,False,False,False,False,True,False,,,,,,,,,,,1
ITA-0277,1676,2023,9.0,2.0,2023- 9 PERIODO 2A CAMPANHA,5,MA-7181-I-2,33693000.0,1.0,SANTA RITA,RIO ITAPECURU,211,211,2023-11-22,11:20:00,2.0,-3.16104,-44.865,,,,24.81,32.36,7.73,8.65,70.7,11.31,0.03,40.0,0.6,740.0,83.33,,,,,,,,,,,,,,,,,,,SIM,RIO PRINCIPAL DA BACIA,NAO,,True,,,False,False,False,False,False,False,False,False,False,True,False,,,,,,,,,,,1
ITA-0278,1678,2023,9.0,2.0,2023- 9 PERIODO 2A CAMPANHA,7,MA-7181-I-3,33685000.0,1.0,ITAPECURU-MIRIM,RIO ITAPECURU,210,210,2023-11-22,08:40:00,2.0,-3.59762,-44.40028,,,,26.94,30.32,7.44,7.26,64.0,20.4,0.03,56.0,0.3,260.0,20.0,,,,,,,,,,,,,,,,,,,SIM,RIO PRINCIPAL DA BACIA,NAO,,True,,,False,False,False,False,False,False,False,False,False,False,False,,,,,,,,,,,0
ITA-0279,1679,2023,9.0,2.0,2023- 9 PERIODO 2A CAMPANHA,8,MA-7181-I-1,33690000.0,1.0,ITAPECURU-MIRIM,RIO ITAPECURU,212,212,2023-11-22,09:50:00,2.0,-3.37329,-44.34638,,,,26.14,29.9,7.35,7.59,65.8,22.05,0.03,52.0,0.3,340.0,23.33,,,,,,,,,,,,,,,,,,,SIM,RIO PRINCIPAL DA BACIA,NAO,,True,,,False,False,False,False,False,False,False,False,False,False,False,,,,,,,,,,,0
ITA-0280,1685,2023,9.0,2.0,2023- 9 PERIODO 2A CAMPANHA,14,MA-7191-IE-4,33698000.0,1.0,ROSARIO,RIO ITAPECURU,213,213,2023-11-22,13:02:00,2.0,-2.90605,-44.25041,,,,26.75,31.47,8.11,7.47,292.4,96.47,0.14,64.0,0.15,1180.0,90.0,,,,,,,,,,,,,,,,,,,SIM,RIO PRINCIPAL DA BACIA,NAO,,True,,,False,False,False,False,True,False,True,False,False,True,False,,,,,,,,,,,3
ITA-0281,1688,2023,9.0,2.0,2023- 9 PERIODO 2A CAMPANHA,17,MA-7164-I-19,33680001.0,1.0,CANTANHEDE,RIO ITAPECURU,214,214,2023-11-22,08:20:00,2.0,-3.62958,-44.37784,,,26.7,28.94,30.33,7.38,6.93,64.1,28.72,0.03,48.0,0.4,1660.0,60.0,,,,,,,,,,,,,,,,,,,SIM,RIO PRINCIPAL DA BACIA,NAO,,True,,False,False,False,False,False,False,False,False,False,False,True,False,,,,,,,,,,,1
ITA-0282,1751,2023,9.0,2.0,2023- 9 PERIODO 2A CAMPANHA,80,MA-7185-I-3,33631001.0,6.0,SAO MATEUS DO MARANHAO,RIO TAPUIO,286,286,2023-10-16,10:08:00,2.0,-4.0108,-44.442,,,,26.72,30.42,6.99,5.09,279.1,91.78,0.13,78.0,0.15,180.0,15.67,,,,,,,,,,,,,,,,,,,SIM,AFLUENTE OFICIAL DO ITAPECURU (CODEVASF/IBGE; NUGEO-UEMA),NAO,,True,,,False,False,False,False,True,False,True,True,False,False,False,,,,,,,,,,,3
ITA-0283,1764,2023,9.0,2.0,2023- 9 PERIODO 2A CAMPANHA,93,MA-7185-I-5,33638000.0,7.0,COROATA,RIO PIRAPEMAS,300,300,2023-10-25,12:55:00,2.0,-3.9362,-44.0187,,,,26.84,33.78,7.04,7.72,338.6,40.31,0.16,38.0,0.3,80.0,14.75,,,,,,,,,,,,,,,,,,,SIM,AFLUENTE OFICIAL DO ITAPECURU (CODEVASF/IBGE; NUGEO-UEMA),NAO,,True,,,False,True,False,False,True,False,True,False,False,False,False,,,,,,,,,,,3
ITA-0284,1765,2023,9.0,2.0,2023- 9 PERIODO 2A CAMPANHA,94,MA-7185-I-11,33550020.0,7.0,CAXIAS,RIO ITAPECURU,301,301,2023-10-26,07:50:00,2.0,-4.7936,-43.3904,,,,25.01,30.12,6.39,7.06,45.3,27.95,0.02,18.0,0.4,120.0,47.56,,,,,,,,,,,,,,,,,,,SIM,RIO PRINCIPAL DA BACIA,NAO,,True,,,False,False,False,False,False,False,False,False,False,False,False,,,,,,,,,,,0
ITA-0285,1767,2023,9.0,2.0,2023- 9 PERIODO 2A CAMPANHA,96,MA-7183-I-4,33630010.0,7.0,COROATA,RIO ITAPECURU,303,303,2023-10-25,10:22:00,2.0,-3.9628,-44.1882,,,,27.48,31.62,7.37,8.17,71.8,21.54,0.03,30.0,0.2,0.0,14.9,,,,,,,,,,,,,,,,,,,SIM,RIO PRINCIPAL DA BACIA,NAO,,True,,,False,False,False,False,False,False,False,False,False,False,False,,,,,,,,,,,0
ITA-0286,1768,2023,9.0,2.0,2023- 9 PERIODO 2A CAMPANHA,97,MA-7182-I-3,33661020.0,7.0,PIRAPEMAS,RIO PERITORO,304,304,2023-10-25,09:16:00,2.0,-3.8627,-44.2878,,,,26.82,29.78,7.25,6.32,757.0,36.9,0.37,54.0,0.2,360.0,25.25,,,,,,,,,,,,,,,,,,,SIM,AFLUENTE OFICIAL DO ITAPECURU (CODEVASF/IBGE; NUGEO-UEMA),NAO,,True,,,False,False,False,False,True,False,True,False,False,False,False,,,,,,,,,,,2
ITA-0287,1769,2023,9.0,2.0,2023- 9 PERIODO 2A CAMPANHA,98,MA-7182-I-2,33661010.0,7.0,PIRAPEMAS,RIO PERITORO,305,305,2023-10-25,08:52:00,2.0,-3.7367,-44.2874,,,,25.35,30.29,7.1,4.63,741.0,83.84,0.36,68.0,0.2,340.0,18.25,,,,,,,,,,,,,,,,,,,SIM,AFLUENTE OFICIAL DO ITAPECURU (CODEVASF/IBGE; NUGEO-UEMA),NAO,,True,,,False,False,False,False,True,False,True,False,False,False,False,,,,,,,,,,,2
ITA-0288,1770,2023,9.0,2.0,2023- 9 PERIODO 2A CAMPANHA,99,MA-7185-I-12,33482100.0,7.0,CAXIAS,RIO ITAPECURU,306,306,2023-10-26,11:21:00,2.0,-4.8621,-43.4654,,,,27.82,30.85,6.69,7.63,33.3,26.5,0.01,22.0,0.3,20.0,25.75,,,,,,,,,,,,,,,,,,,SIM,RIO PRINCIPAL DA BACIA,NAO,,True,,,False,False,False,False,False,False,False,False,False,False,False,,,,,,,,,,,0
ITA-0289,1772,2023,9.0,2.0,2023- 9 PERIODO 2A CAMPANHA,101,MA-7185-I-8,33550000.0,7.0,CAXIAS,RIO ITAPECURU,308,308,2023-10-26,10:15:00,2.0,-4.8673,-43.3636,,,33.6,26.87,30.62,6.62,7.42,43.8,124.28,0.02,24.0,0.6,57760.0,19.8,,,,,,,,,,,,,,,,,,,SIM,RIO PRINCIPAL DA BACIA,NAO,,True,,False,False,False,False,False,False,True,False,False,False,True,False,,,,,,,,,,,2
ITA-0290,1773,2023,9.0,2.0,2023- 9 PERIODO 2A CAMPANHA,102,MA-7185-I-1,33661000.0,7.0,PIRAPEMAS,RIACHO PERITORO,309,309,2023-10-25,07:37:00,2.0,-3.7091,-44.2869,,,,25.32,28.16,7.63,6.22,403.7,21.77,0.19,82.0,0.3,260.0,19.5,,,,,,,,,,,SEM DADOS (PCD),,,,,,,,SIM,AFLUENTE OFICIAL DO ITAPECURU (CODEVASF/IBGE; NUGEO-UEMA),NAO,,True,,,False,False,False,False,True,False,True,True,False,False,False,,,,,,,,,,,3
ITA-0291,1774,2023,9.0,2.0,2023- 9 PERIODO 2A CAMPANHA,103,MA-7183-I-3,33630000.0,7.0,COROATA,RIO ITAPECURU,310,310,2023-10-25,11:24:00,2.0,-4.1243,-44.1298,,,13.6,30.15,31.94,7.59,8.48,67.6,21.62,0.03,28.0,0.3,140.0,39.0,,,,,,,,,,,,,,,,,,,SIM,RIO PRINCIPAL DA BACIA,NAO,,True,,False,False,False,False,False,False,False,False,False,False,False,False,,,,,,,,,,,0
ITA-0292,1775,2023,9.0,2.0,2023- 9 PERIODO 2A CAMPANHA,104,MA-7185-I-7,33590000.0,7.0,CODO,RIO ITAPECURU,311,311,2023-10-25,14:09:00,2.0,-4.4548,-43.8791,,,13.7,29.75,32.58,7.52,8.05,50.3,34.38,0.02,20.0,0.3,-60.0,24.25,,,,,,,,,,,VALOR ATIPICO EM SOLIDOS_DISSOLVIDOS,,,,,,,,SIM,RIO PRINCIPAL DA BACIA,SIM,SOLIDOS_DISSOLVIDOS=-60 (NEGATIVO) | VALOR CONFERIDO NA ABA DE ORIGEM: JA CONSTA ASSIM NO DADO BRUTO,False,,,,,,,,,,,,,,,,,,,,,,,,0
ITA-0293,1776,2023,9.0,2.0,2023- 9 PERIODO 2A CAMPANHA,105,MA-7185-I-10,33550010.0,7.0,CAXIAS,RIO ITAPECURU,312,312,2023-10-26,09:12:00,2.0,-4.6771,-43.5425,,,,24.75,30.16,6.65,7.29,46.2,29.38,0.02,20.0,0.3,60.0,28.54,,,,,,,,,,,,,,,,,,,SIM,RIO PRINCIPAL DA BACIA,NAO,,True,,,False,False,False,False,False,False,False,False,False,False,False,,,,,,,,,,,0
ITA-0294,1777,2023,9.0,2.0,2023- 9 PERIODO 2A CAMPANHA,106,MA-7185-I-6,33530000.0,7.0,GOVERNADOR EUGENIO BARROS,RIO ITAPECURU,313,313,2023-10-26,13:25:00,2.0,-5.3398,-43.8852,,,31.5,27.12,30.64,6.87,7.61,29.1,23.79,0.01,28.0,0.3,60.0,12.4,,,,,,,,,,,,,,,,,,,SIM,RIO PRINCIPAL DA BACIA,NAO,,True,,False,False,False,False,False,False,False,False,False,False,False,False,,,,,,,,,,,0
ITA-0295,1778,2023,9.0,2.0,2023- 9 PERIODO 2A CAMPANHA,107,MA-7184-I-1,,7.0,GONCALVES DIAS,RIO CODOZINHO,314,314,,,2.0,-5.15973,-44.07358,,,,,,,,,,,,,,,,,,,,,,,,,SECO; HIDRO NAO INFORMADO NA ORIGEM (NAO POSSUI),,,,,,,,SIM,AFLUENTE OFICIAL DO ITAPECURU (CODEVASF/IBGE; NUGEO-UEMA),NAO,,True,,,,,,,,,,,,,,,,,,,,,,,,0
ITA-0296,1796,2024,10.0,1.0,2024 10° PERIODO 1A CAMPANHA,3,MA-7181-I-4,33698050.0,1.0,ROSARIO,RIO ITAPECURU,85 QL/2024,85 QL/2024,2024-03-05,12:25:00,3.0,-3.15818,-44.28709,SIM,,,26.61,28.54,4.16,5.24,82.8,89.93,0.04,20.0,0.3,53.7,,,,,,,,,,,,NAO MEDIDO,,,,,,,,SIM,RIO PRINCIPAL DA BACIA,NAO,,True,,,False,False,True,False,False,False,False,False,False,False,,,,,,,,,,,,1
ITA-0297,1798,2024,10.0,1.0,2024 10° PERIODO 1A CAMPANHA,5,MA-7181-I-2,33693000.0,1.0,SANTA RITA,RIO ITAPECURU,87 QL/2024,87 QL/2024,2024-03-05,11:37:00,3.0,-3.15818,-44.34472,SIM,,,25.48,28.84,4.16,,91.4,55.45,0.04,42.0,0.3,59.08,,,,,,,,,,,,NAO MEDIDO; VALOR ATIPICO EM OXIGENIO_DISSOLVIDO; VALOR IMPOSSIVEL EM OXIGENIO_DISSOLVIDO,,,,,,,,SIM,RIO PRINCIPAL DA BACIA,NAO,,True,,,False,False,True,,False,False,False,False,False,False,,,,,,,,,,,,1
ITA-0298,1800,2024,10.0,1.0,2024 10° PERIODO 1A CAMPANHA,7,MA-7181-I-3,33685000.0,1.0,ITAPECURU-MIRIM,RIO ITAPECURU,89 QL/2024,89 QL/2024,2024-03-05,09:21:00,3.0,-3.59533,-44.40044,SIM,,,27.02,28.47,4.13,5.79,102.3,95.26,0.05,22.0,0.3,65.84,,,,,,,,,,,,NAO MEDIDO,,,,,,,,SIM,RIO PRINCIPAL DA BACIA,NAO,,True,,,False,False,True,False,False,False,False,False,False,False,,,,,,,,,,,,1
ITA-0299,1801,2024,10.0,1.0,2024 10° PERIODO 1A CAMPANHA,8,MA-7181-I-1,33690000.0,1.0,ITAPECURU-MIRIM,RIO ITAPECURU,90 QL/2024,90 QL/2024,2024-03-05,10:34:00,3.0,-3.37039,-44.34472,SIM,,,25.33,28.59,4.16,5.57,96.6,87.01,0.04,28.0,0.3,62.73,,,,,,,,,,,,NAO MEDIDO,,,,,,,,SIM,RIO PRINCIPAL DA BACIA,NAO,,True,,,False,False,True,False,False,False,False,False,False,False,,,,,,,,,,,,1
ITA-0300,1807,2024,10.0,1.0,2024 10° PERIODO 1A CAMPANHA,14,MA-7191-IE-4,33698000.0,1.0,ROSARIO,RIO ITAPECURU,96 QL/2024,96 QL/2024,2024-03-05,14:00:00,3.0,-2.90605,-44.25041,SIM,,,28.26,29.14,4.18,5.38,91.9,65.85,0.04,22.0,0.3,59.65,,,,,,,,,,,,NAO MEDIDO,,,,,,,,SIM,RIO PRINCIPAL DA BACIA,NAO,,True,,,False,False,True,False,False,False,False,False,False,False,,,,,,,,,,,,1
ITA-0301,1810,2024,10.0,1.0,2024 10° PERIODO 1A CAMPANHA,17,MA-7164-I-19,33680001.0,1.0,CANTANHEDE,RIO ITAPECURU,99 QL/2024,99 QL/2024,2024-03-05,08:40:00,3.0,-3.59533,-44.40044,SIM,,,26.57,28.32,4.14,5.45,100.2,73.5,0.05,20.0,0.3,65.12,,,,,,,,,,,,NAO MEDIDO,,,,,,,,SIM,RIO PRINCIPAL DA BACIA,NAO,,True,,,False,False,True,False,False,False,False,False,False,False,,,,,,,,,,,,1
ITA-0302,1873,2024,10.0,1.0,2024 10° PERIODO 1A CAMPANHA,80,MA-7185-I-3,33631001.0,6.0,SAO MATEUS DO MARANHAO,RIO TAPUIO,02 QL/2024,02 QL/2024,2024-01-17,15:44:00,3.0,-4.01,-44.4643,SIM,,,26.98,29.31,6.9,42.5,266.1,56.61,0.13,102.0,0.3,172.77,,,,,,,,,,,,NAO MEDIDO; VALOR ATIPICO EM OXIGENIO_DISSOLVIDO,,,,,,,,SIM,AFLUENTE OFICIAL DO ITAPECURU (CODEVASF/IBGE; NUGEO-UEMA),NAO,,True,,,False,False,False,True,True,False,True,True,False,False,,,,,,,,,,,,4
ITA-0303,1886,2024,10.0,1.0,2024 10° PERIODO 1A CAMPANHA,93,MA-7185-I-5,33638000.0,7.0,COROATA,RIO PIRAPEMAS,42 QL/2024,42 QL/2024,2024-02-07,16:01:00,3.0,-3.93619,-44.01861,,,,,32.2,5.55,6.62,253.6,9.97,0.12,56.0,,164.8,,,,,,,,,,,,NAO MEDIDO; TEXTO: N. A.,,,,,,,,SIM,AFLUENTE OFICIAL DO ITAPECURU (CODEVASF/IBGE; NUGEO-UEMA),NAO,,True,,,,False,False,False,True,False,True,False,,False,,,,,,,,,,,,2
ITA-0304,1887,2024,10.0,1.0,2024 10° PERIODO 1A CAMPANHA,94,MA-7185-I-11,33550020.0,7.0,CAXIAS,RIO ITAPECURU,43 QL/2024,43 QL/2024,2024-02-06,18:00:00,3.0,-4.79262,-43.38984,,,,30.78,,6.84,7.06,73.2,53.42,0.03,26.0,0.2,47.64,,,,,,,,,,,,NAO MEDIDO,,,,,,,,SIM,RIO PRINCIPAL DA BACIA,NAO,,True,,,False,,False,False,False,False,False,False,False,False,,,,,,,,,,,,0
ITA-0305,1889,2024,10.0,1.0,2024 10° PERIODO 1A CAMPANHA,96,MA-7183-I-4,33630010.0,7.0,COROATA,RIO ITAPECURU,45 QL/2024,45 QL/2024,2024-02-06,09:30:00,3.0,-3.96281,-44.18821,,,,27.1,29.78,3.96,7.21,97.1,47.2,0.04,40.0,0.1,63.26,,,,,,,,,,,,NAO MEDIDO,,,,,,,,SIM,RIO PRINCIPAL DA BACIA,NAO,,True,,,False,False,True,False,False,False,False,False,False,False,,,,,,,,,,,,1
ITA-0306,1890,2024,10.0,1.0,2024 10° PERIODO 1A CAMPANHA,97,MA-7182-I-3,33661020.0,7.0,PIRAPEMAS,RIO PERITORO,46 QL/2024,46 QL/2024,2024-02-06,08:20:00,3.0,-3.86274,-44.28723,,,,27.51,29.18,3.96,5.66,329.1,170.4,0.16,44.0,0.1,214.07,,,,,,,,,,,,NAO MEDIDO,,,,,,,,SIM,AFLUENTE OFICIAL DO ITAPECURU (CODEVASF/IBGE; NUGEO-UEMA),NAO,,True,,,False,False,True,False,True,True,True,False,False,False,,,,,,,,,,,,4
ITA-0307,1891,2024,10.0,1.0,2024 10° PERIODO 1A CAMPANHA,98,MA-7182-I-2,33661010.0,7.0,PIRAPEMAS,RIO PERITORO,47 QL/2024,47 QL/2024,2024-02-06,08:00:00,3.0,-3.82357,-44.28692,,,,26.44,29.13,3.94,5.16,283.7,154.5,0.13,24.0,0.1,184.62,,,,,,,,,,,,NAO MEDIDO,,,,,,,,SIM,AFLUENTE OFICIAL DO ITAPECURU (CODEVASF/IBGE; NUGEO-UEMA),NAO,,True,,,False,False,True,False,True,True,True,False,False,False,,,,,,,,,,,,4
ITA-0308,1892,2024,10.0,1.0,2024 10° PERIODO 1A CAMPANHA,99,MA-7185-I-12,33482100.0,7.0,CAXIAS,RIO ITAPECURU,48 QL/2024,48 QL/2024,2024-02-07,09:50:00,3.0,-5.08488,-43.46549,,,,,29.74,6.68,7.25,71.2,42.3,0.03,22.0,0.3,46.3,,,,,,,,,,,,NAO MEDIDO,,,,,,,,SIM,RIO PRINCIPAL DA BACIA,NAO,,True,,,,False,False,False,False,False,False,False,False,False,,,,,,,,,,,,0
ITA-0309,1894,2024,10.0,1.0,2024 10° PERIODO 1A CAMPANHA,101,MA-7185-I-8,33550000.0,7.0,CAXIAS,RIO ITAPECURU,50 QL/2024,50 QL/2024,2024-02-07,08:46:00,3.0,-4.86734,-43.36666,,,,26.49,29.75,6.7,7.13,72.8,43.61,0.03,36.0,0.15,47.31,,,,,,,,,,,,NAO MEDIDO,,,,,,,,SIM,RIO PRINCIPAL DA BACIA,NAO,,True,,,False,False,False,False,False,False,False,False,False,False,,,,,,,,,,,,0
ITA-0310,1895,2024,10.0,1.0,2024 10° PERIODO 1A CAMPANHA,102,MA-7185-I-1,33661000.0,7.0,PIRAPEMAS,RIACHO PERITORO,51 QL/2024,51 QL/2024,2024-02-06,07:12:00,3.0,-3.70915,-44.28714,,,,26.46,28.06,3.95,5.68,148.9,100.48,0.07,52.0,0.15,,,,,,,,,,,,,NAO MEDIDO,,,,,,,,SIM,AFLUENTE OFICIAL DO ITAPECURU (CODEVASF/IBGE; NUGEO-UEMA),NAO,,True,,,False,False,True,False,False,False,False,False,False,,,,,,,,,,,,,1
ITA-0311,1896,2024,10.0,1.0,2024 10° PERIODO 1A CAMPANHA,103,MA-7183-I-3,33630000.0,7.0,COROATA,RIO ITAPECURU,52 QL/2024,52 QL/2024,2024-02-06,10:03:00,3.0,-4.12416,-44.12984,,,,29.3,30.05,3.97,7.13,100.4,50.23,0.05,42.0,0.1,65.25,,,,,,,,,,,,NAO MEDIDO,,,,,,,,SIM,RIO PRINCIPAL DA BACIA,NAO,,True,,,False,False,True,False,False,False,False,False,False,False,,,,,,,,,,,,1
ITA-0312,1897,2024,10.0,1.0,2024 10° PERIODO 1A CAMPANHA,104,MA-7185-I-7,33590000.0,7.0,CODO,RIO ITAPECURU,53 QL/2024,53 QL/2024,2024-02-06,12:05:00,3.0,-4.45535,-43.8796,,,,27.73,31.02,3.98,7.3,82.8,47.2,0.04,32.0,0.6,53.9,,,,,,,,,,,,NAO MEDIDO,,,,,,,,SIM,RIO PRINCIPAL DA BACIA,NAO,,True,,,False,False,True,False,False,False,False,False,False,False,,,,,,,,,,,,1
ITA-0313,1898,2024,10.0,1.0,2024 10° PERIODO 1A CAMPANHA,105,MA-7185-I-10,33550010.0,7.0,CAXIAS,RIO ITAPECURU,54 QL/2024,54 QL/2024,2024-02-06,17:00:00,3.0,-4.67747,-43.54262,,,,27.77,35.22,6.88,6.87,77.2,68.77,0.03,28.0,0.1,50.17,,,,,,,,,,,,NAO MEDIDO,,,,,,,,SIM,RIO PRINCIPAL DA BACIA,NAO,,True,,,False,True,False,False,False,False,False,False,False,False,,,,,,,,,,,,1
ITA-0314,1899,2024,10.0,1.0,2024 10° PERIODO 1A CAMPANHA,106,MA-7185-I-6,33530000.0,7.0,GOVERNADOR EUGENIO BARROS,RIO ITAPECURU,55 QL/2024,55 QL/2024,2024-02-07,10:53:00,3.0,-5.33973,-43.88522,,,,26.3,29.68,5.95,7.25,58.0,33.03,0.03,62.0,0.15,37.7,,,,,,,,,,,,NAO MEDIDO,,,,,,,,SIM,RIO PRINCIPAL DA BACIA,NAO,,True,,,False,False,False,False,False,False,False,False,False,False,,,,,,,,,,,,0
ITA-0315,1900,2024,10.0,1.0,2024 10° PERIODO 1A CAMPANHA,107,MA-7184-I-1,,7.0,GONCALVES DIAS,RIO CODOZINHO,56 QL/2024,56 QL/2024,2024-02-07,11:45:00,3.0,-5.16061,-44.07315,,,,26.41,31.54,5.82,3.02,215.6,30.57,0.1,64.0,,140.22,,,,,,,,,,,,NAO MEDIDO; TEXTO: N. A.; HIDRO NAO INFORMADO NA ORIGEM (NAO POSSUI),,,,,,,,SIM,AFLUENTE OFICIAL DO ITAPECURU (CODEVASF/IBGE; NUGEO-UEMA),NAO,,True,,,False,False,False,True,False,False,False,False,,False,,,,,,,,,,,,1
ITA-0316,1956,2024,10.0,2.0,2024 10° PERIODO 2A CAMPANHA,41,MA-7185-I-1,33661000.0,4.0,PIRAPEMAS,RIACHO PERITORO,158 QL/2024,158 QL/2024,2024-08-19,08:34:00,4.0,-3.7092,-44.2877,NAO,,,26.3,28.71,6.66,5.91,254.8,37.35,0.12,50.0,0.6,165.74,,,,,,,,,,,,NAO MEDIDO,,,,,,,,SIM,AFLUENTE OFICIAL DO ITAPECURU (CODEVASF/IBGE; NUGEO-UEMA),NAO,,True,,,False,False,False,False,True,False,True,False,False,False,,,,,,,,,,,,2
ITA-0317,1958,2024,10.0,2.0,2024 10° PERIODO 2A CAMPANHA,43,MA-7182-I-2,33661010.0,4.0,PIRAPEMAS,RIO PERITORO,160 QL/2024,160 QL/2024,2024-08-19,09:32:00,4.0,-3.8231,-44.2874,NAO,,,25.99,28.87,6.66,5.93,524.0,35.01,0.25,36.0,0.3,340.68,,,,,,,,,,,,NAO MEDIDO,,,,,,,,SIM,AFLUENTE OFICIAL DO ITAPECURU (CODEVASF/IBGE; NUGEO-UEMA),NAO,,True,,,False,False,False,False,True,False,True,False,False,False,,,,,,,,,,,,2
ITA-0318,1959,2024,10.0,2.0,2024 10° PERIODO 2A CAMPANHA,44,MA-7182-I-3,33661020.0,4.0,PIRAPEMAS,RIO PERITORO,161 QL/2024,161 QL/2024,2024-08-19,09:52:00,4.0,-3.8628,-44.2879,NAO,,,26.15,27.83,6.49,5.97,522.0,54.86,0.25,46.0,0.3,339.24,,,,,,,,,,,,NAO MEDIDO,,,,,,,,SIM,AFLUENTE OFICIAL DO ITAPECURU (CODEVASF/IBGE; NUGEO-UEMA),NAO,,True,,,False,False,False,False,True,False,True,False,False,False,,,,,,,,,,,,2
ITA-0319,1960,2024,10.0,2.0,2024 10° PERIODO 2A CAMPANHA,45,MA-7183-I-4,33630010.0,4.0,COROATA,RIO ITAPECURU,162 QL/2024,162 QL/2024,2024-08-19,11:00:00,4.0,-3.9628,-44.1888,NAO,,,25.14,29.28,6.57,8.41,85.1,22.13,0.04,54.0,0.45,55.17,,,,,,,,,,,,NAO MEDIDO,,,,,,,,SIM,RIO PRINCIPAL DA BACIA,NAO,,True,,,False,False,False,False,False,False,False,False,False,False,,,,,,,,,,,,0
ITA-0320,1961,2024,10.0,2.0,2024 10° PERIODO 2A CAMPANHA,46,MA-7183-I-3,33630000.0,4.0,COROATA,RIO ITAPECURU,163 QL/2024,163 QL/2024,2024-08-19,12:05:00,4.0,-4.1242,-44.1298,NAO,,,26.12,29.67,7.04,8.16,82.0,23.49,0.04,50.0,0.6,51.02,,,,,,,,,,,,NAO MEDIDO,,,,,,,,SIM,RIO PRINCIPAL DA BACIA,NAO,,True,,,False,False,False,False,False,False,False,False,False,False,,,,,,,,,,,,0
ITA-0321,1962,2024,10.0,2.0,2024 10° PERIODO 2A CAMPANHA,47,MA-7185-I-5,33638000.0,4.0,COROATA,RIO PIRAPEMAS,164 QL/2024,164 QL/2024,2024-08-19,13:23:00,4.0,-3.9363,-44.0186,NAO,,,24.99,30.65,6.43,8.07,254.7,53.09,0.12,80.0,0.3,165.7,,,,,,,,,,,,NAO MEDIDO,,,,,,,,SIM,AFLUENTE OFICIAL DO ITAPECURU (CODEVASF/IBGE; NUGEO-UEMA),NAO,,True,,,False,False,False,False,True,False,True,True,False,False,,,,,,,,,,,,3
ITA-0322,1963,2024,10.0,2.0,2024 10° PERIODO 2A CAMPANHA,48,MA-7185-I-7,33590000.0,4.0,CODO,RIO ITAPECURU,165 QL/2024,165 QL/2024,2024-08-19,14:35:00,4.0,-4.4548,-43.8791,NAO,,,25.47,29.8,6.77,8.45,67.5,27.09,0.03,30.0,0.6,43.83,,,,,,,,,,,,NAO MEDIDO,,,,,,,,SIM,RIO PRINCIPAL DA BACIA,NAO,,True,,,False,False,False,False,False,False,False,False,False,False,,,,,,,,,,,,0
ITA-0323,1966,2024,10.0,2.0,2024 10° PERIODO 2A CAMPANHA,51,MA-7185-I-11,33550020.0,4.0,CAXIAS,RIO ITAPECURU,168 QL/2024,168 QL/2024,2024-08-20,07:48:00,4.0,-4.7936,-43.3903,NAO,,,22.73,26.9,6.47,7.73,61.0,26.0,0.03,32.0,0.3,39.66,,,,,,,,,,,,NAO MEDIDO,,,,,,,,SIM,RIO PRINCIPAL DA BACIA,NAO,,True,,,False,False,False,False,False,False,False,False,False,False,,,,,,,,,,,,0
ITA-0324,1967,2024,10.0,2.0,2024 10° PERIODO 2A CAMPANHA,52,MA-7185-I-10,33550010.0,4.0,CAXIAS,RIO ITAPECURU,169 QL/2024,169 QL/2024,2024-08-20,09:30:00,4.0,-4.6779,-43.5426,NAO,,,26.51,27.74,6.74,8.0,62.9,25.32,0.03,60.0,,40.89,,,,,,,,,,,,NAO MEDIDO; NAO APLICAVEL,,,,,,,,SIM,RIO PRINCIPAL DA BACIA,NAO,,True,,,False,False,False,False,False,False,False,False,,False,,,,,,,,,,,,0
ITA-0325,1968,2024,10.0,2.0,2024 10° PERIODO 2A CAMPANHA,53,MA-7185-I-8,33550000.0,4.0,CAXIAS,RIO ITAPECURU,170 QL/2024,170 QL/2024,2024-08-20,10:45:00,4.0,-4.8648,-43.367,NAO,,,26.09,27.42,7.04,7.95,58.2,21.96,0.03,28.0,0.6,37.81,,,,,,,,,,,,NAO MEDIDO,,,,,,,,SIM,RIO PRINCIPAL DA BACIA,NAO,,True,,,False,False,False,False,False,False,False,False,False,False,,,,,,,,,,,,0
ITA-0326,1969,2024,10.0,2.0,2024 10° PERIODO 2A CAMPANHA,54,MA-7185-I-12,33482100.0,4.0,CAXIAS,RIO ITAPECURU,171 QL/2024,171 QL/2024,2024-08-20,11:40:00,4.0,-5.0847,-43.4655,NAO,,,25.21,27.9,7.33,8.0,47.7,25.64,0.02,20.0,0.3,31.02,,,,,,,,,,,,NAO MEDIDO,,,,,,,,SIM,RIO PRINCIPAL DA BACIA,NAO,,True,,,False,False,False,False,False,False,False,False,False,False,,,,,,,,,,,,0
ITA-0327,1970,2024,10.0,2.0,2024 10° PERIODO 2A CAMPANHA,55,MA-7185-I-6,33530000.0,4.0,GOVERNADOR EUGENIO BARROS,RIO ITAPECURU,172 QL/2024,172 QL/2024,2024-08-20,14:00:00,4.0,-5.3398,-43.8853,NAO,,,28.48,28.03,7.44,7.77,40.3,39.08,0.02,18.0,0.3,26.2,,,,,,,,,,,,NAO MEDIDO,,,,,,,,SIM,RIO PRINCIPAL DA BACIA,NAO,,True,,,False,False,False,False,False,False,False,False,False,False,,,,,,,,,,,,0
ITA-0328,1971,2024,10.0,2.0,2024 10° PERIODO 2A CAMPANHA,56,MA-7184-I-1,,4.0,GONCALVES DIAS,RIO CODOZINHO,173 QL/2024,173 QL/2024,2024-08-20,14:40:00,4.0,-5.1601,-44.0733,NAO,,,,,,,,,,,,,,,,,,,,,,,,NAO MEDIDO; SECO; HIDRO NAO INFORMADO NA ORIGEM (NAO POSSUI),,,,,,,,SIM,AFLUENTE OFICIAL DO ITAPECURU (CODEVASF/IBGE; NUGEO-UEMA),NAO,,True,,,,,,,,,,,,,,,,,,,,,,,,0
ITA-0329,1987,2024,10.0,2.0,2024 10° PERIODO 2A CAMPANHA,72,MA-7164-I-19,33680001.0,6.0,CANTANHEDE,RIO ITAPECURU,189 QL/2024,189 QL/2024,2024-09-10,09:30:00,4.0,-3.62958,-44.37784,NAO,0.08,,26.86,30.08,7.11,7.31,82.6,15.8,0.04,40.0,0.3,53.74,,,,,,,,,,,,,,,,,,,,SIM,RIO PRINCIPAL DA BACIA,NAO,,True,False,,False,False,False,False,False,False,False,False,False,False,,,,,,,,,,,,0
ITA-0330,1988,2024,10.0,2.0,2024 10° PERIODO 2A CAMPANHA,73,MA-7181-I-3,33685000.0,6.0,ITAPECURU-MIRIM,RIO ITAPECURU,190 QL/2024,190 QL/2024,2024-09-10,09:50:00,4.0,-3.59762,-44.40028,NAO,0.123,,25.43,30.03,7.22,7.48,82.4,12.37,0.04,24.0,0.3,53.55,,,,,,,,,,,,NAO MEDIDO,,,,,,,,SIM,RIO PRINCIPAL DA BACIA,NAO,,True,False,,False,False,False,False,False,False,False,False,False,False,,,,,,,,,,,,0
ITA-0331,1989,2024,10.0,2.0,2024 10° PERIODO 2A CAMPANHA,74,MA-7181-I-1,33690000.0,6.0,ITAPECURU-MIRIM,RIO ITAPECURU,191 QL/2024,191 QL/2024,2024-09-10,10:10:00,4.0,-3.37329,-44.34638,NAO,0.204,,25.13,30.42,7.2,7.6,82.9,12.19,0.04,32.0,0.3,53.93,,,,,,,,,,,,NAO MEDIDO,,,,,,,,SIM,RIO PRINCIPAL DA BACIA,NAO,,True,False,,False,False,False,False,False,False,False,False,False,False,,,,,,,,,,,,0
ITA-0332,1990,2024,10.0,2.0,2024 10° PERIODO 2A CAMPANHA,75,MA-7181-I-2,33693000.0,6.0,SANTA RITA,RIO ITAPECURU,192 QL/2024,192 QL/2024,2024-09-10,11:15:00,4.0,-3.16104,-44.865,NAO,0.296,,25.77,32.71,6.79,7.43,90.5,11.82,0.04,28.0,0.3,58.91,,,,,,,,,,,,NAO MEDIDO,,,,,,,,SIM,RIO PRINCIPAL DA BACIA,NAO,,True,False,,False,False,False,False,False,False,False,False,False,False,,,,,,,,,,,,0
ITA-0333,1991,2024,10.0,2.0,2024 10° PERIODO 2A CAMPANHA,76,MA-7181-I-4,33698050.0,6.0,ROSARIO,RIO ITAPECURU,193 QL/2024,193 QL/2024,2024-09-10,12:50:00,4.0,-3.05814,-44.25304,NAO,0.193,,25.23,31.2,6.99,6.56,83.7,17.76,0.04,32.0,0.3,54.41,,,,,,,,,,,,NAO MEDIDO,,,,,,,,SIM,RIO PRINCIPAL DA BACIA,NAO,,True,False,,False,False,False,False,False,False,False,False,False,False,,,,,,,,,,,,0
ITA-0334,1992,2024,10.0,2.0,2024 10° PERIODO 2A CAMPANHA,77,MA-7191-IE-4,33698000.0,6.0,ROSARIO,RIO ITAPECURU,194 QL/2024,194 QL/2024,2024-09-10,13:40:00,4.0,-2.90605,-44.25041,NAO,0.206,,26.23,30.57,8.21,7.62,2157.0,67.49,1.09,44.0,0.3,1401.41,,,,,,,,,,,,NAO MEDIDO,,,,,,,,SIM,RIO PRINCIPAL DA BACIA,NAO,,True,False,,False,False,False,False,True,False,True,False,False,True,,,,,,,,,,,,3
ITA-0335,2032,2024,10.0,2.0,2024 10° PERIODO 2A CAMPANHA,117,MA-7185-I-3,,9.0,SAO MATEUS DO MARANHAO,RIO TAPUIO,234 QL/2024,234 QL/2024,2024-09-30,08:53:00,4.0,,,NAO,0.318,,26.74,29.37,7.06,6.13,282.2,22.88,0.13,94.0,,183.46,,,,,,,,,,,,NAO MEDIDO; NAO APLICAVEL; COORDENADA FORA DO MARANHAO; HIDRO NAO INFORMADO NA ORIGEM (NAO POSSUI),,,,,,,,SIM,AFLUENTE OFICIAL DO ITAPECURU (CODEVASF/IBGE; NUGEO-UEMA),NAO,,True,False,,False,False,False,False,True,False,True,True,,False,,,,,,,,,,,,3
ITA-0336,2034,2024,10.0,2.0,2024 10° PERIODO 2A CAMPANHA,119,MA-7187-I-2,,9.0,FORTUNA,RIO ITAPECURU,236 QL/2024,236 QL/2024,2024-09-30,14:23:00,4.0,,,NAO,0.247,,26.35,30.125,6.62,7.54,16.7,25.65,0.01,10.0,0.3,11.89,,,,,,,,,,,,NAO MEDIDO; COORDENADA FORA DO MARANHAO; HIDRO NAO INFORMADO NA ORIGEM (NAO POSSUI),,,,,,,,SIM,RIO PRINCIPAL DA BACIA,NAO,,True,False,,False,False,False,False,False,False,False,False,False,False,,,,,,,,,,,,0
ITA-0337,2035,2024,10.0,2.0,2024 10° PERIODO 2A CAMPANHA,120,MA-7187-I-4,,9.0,COLINAS,RIO ALPERCATAS,237 QL/2024,237 QL/2024,2024-09-30,16:09:00,4.0,,,NAO,0.232,,26.48,28.98,6.14,7.5,13.8,8.27,0.0,18.0,0.6,8.99,,,,,,,,,,,,NAO MEDIDO; COORDENADA FORA DO MARANHAO; HIDRO NAO INFORMADO NA ORIGEM (NAO POSSUI),,,,,,,,SIM,AFLUENTE OFICIAL DO ITAPECURU (CODEVASF/IBGE; NUGEO-UEMA),NAO,,True,False,,False,False,False,False,False,False,False,False,False,False,,,,,,,,,,,,0
ITA-0338,2036,2024,10.0,2.0,2024 10° PERIODO 2A CAMPANHA,121,MA-7187-I-11,,9.0,COLINAS,RIO ITAPECURU,238 QL/2024,238 QL/2024,2024-09-30,16:47:00,4.0,,,NAO,0.144,,27.78,29.76,6.51,7.46,16.2,14.87,0.01,24.0,0.3,10.54,,,,,,,,,,,,NAO MEDIDO; COORDENADA FORA DO MARANHAO; HIDRO NAO INFORMADO NA ORIGEM (NAO POSSUI),,,,,,,,SIM,RIO PRINCIPAL DA BACIA,NAO,,True,False,,False,False,False,False,False,False,False,False,False,False,,,,,,,,,,,,0
ITA-0339,2037,2024,10.0,2.0,2024 10° PERIODO 2A CAMPANHA,122,MA-7189-I-4,,9.0,MIRADOR,RIO ITAPECURU,239 QL/2024,239 QL/2024,2024-10-01,09:03:00,4.0,,,NAO,0.152,,24.34,28.19,6.34,7.35,10.8,19.92,0.0,12.0,0.3,7.0,,,,,,,,,,,,NAO MEDIDO; COORDENADA FORA DO MARANHAO; HIDRO NAO INFORMADO NA ORIGEM (NAO POSSUI),,,,,,,,SIM,RIO PRINCIPAL DA BACIA,NAO,,True,False,,False,False,False,False,False,False,False,False,False,False,,,,,,,,,,,,0
ITA-0340,2038,2024,10.0,2.0,2024 10° PERIODO 2A CAMPANHA,123,MA-7199-I-1,,9.0,SUCUPIRA DO NORTE,RIO ITAPECURU,240 QL/2024,240 QL/2024,2024-10-01,09:45:00,4.0,,,NAO,0.124,,24.69,28.19,5.72,7.41,10.3,17.25,0.0,8.0,0.6,6.69,,,,,,,,,,,,NAO MEDIDO; COORDENADA FORA DO MARANHAO; HIDRO NAO INFORMADO NA ORIGEM (NAO POSSUI),,,,,,,,SIM,RIO PRINCIPAL DA BACIA,NAO,,True,False,,False,False,False,False,False,False,False,False,False,False,,,,,,,,,,,,0
