RNQA,CORPODAGUA,PERIODO,PARAMETRO,N_VALIDO,MEDIA,MEDIANA,DESVIO_PADRAO,MINIMO,MAXIMO
MA-7164-I-19,RIO ITAPECURU,2.0,PROFUNDIDADE,1,1.25,1.25,,1.25,1.25
MA-7164-I-19,RIO ITAPECURU,7.0,PROFUNDIDADE,1,0.0,0.0,,0.0,0.0
MA-7164-I-19,RIO ITAPECURU,8.0,PROFUNDIDADE,1,0.33,0.33,,0.33,0.33
MA-7164-I-19,RIO ITAPECURU,10.0,PROFUNDIDADE,1,0.08,0.08,,0.08,0.08
MA-7181-I-1,RIO ITAPECURU,2.0,PROFUNDIDADE,1,1.26,1.26,,1.26,1.26
MA-7181-I-1,RIO ITAPECURU,5.0,PROFUNDIDADE,2,0.035,0.035,0.04949747468305833,0.0,0.07
MA-7181-I-1,RIO ITAPECURU,7.0,PROFUNDIDADE,2,0.225,0.225,0.31819805153394637,0.0,0.45
MA-7181-I-1,RIO ITAPECURU,8.0,PROFUNDIDADE,1,0.67,0.67,,0.67,0.67
MA-7181-I-1,RIO ITAPECURU,10.0,PROFUNDIDADE,1,0.204,0.204,,0.204,0.204
MA-7181-I-2,RIO ITAPECURU,1.0,PROFUNDIDADE,1,31.69,31.69,,31.69,31.69
MA-7181-I-2,RIO ITAPECURU,2.0,PROFUNDIDADE,1,31.22,31.22,,31.22,31.22
MA-7181-I-2,RIO ITAPECURU,5.0,PROFUNDIDADE,2,0.105,0.105,0.14849242404917498,0.0,0.21
MA-7181-I-2,RIO ITAPECURU,7.0,PROFUNDIDADE,1,0.0,0.0,,0.0,0.0
MA-7181-I-2,RIO ITAPECURU,8.0,PROFUNDIDADE,1,0.72,0.72,,0.72,0.72
MA-7181-I-2,RIO ITAPECURU,10.0,PROFUNDIDADE,1,0.296,0.296,,0.296,0.296
MA-7181-I-3,RIO ITAPECURU,2.0,PROFUNDIDADE,1,1.23,1.23,,1.23,1.23
MA-7181-I-3,RIO ITAPECURU,5.0,PROFUNDIDADE,2,0.06,0.06,0.08485281374238571,0.0,0.12
MA-7181-I-3,RIO ITAPECURU,7.0,PROFUNDIDADE,1,0.0,0.0,,0.0,0.0
MA-7181-I-3,RIO ITAPECURU,8.0,PROFUNDIDADE,1,0.45,0.45,,0.45,0.45
MA-7181-I-3,RIO ITAPECURU,10.0,PROFUNDIDADE,1,0.123,0.123,,0.123,0.123
MA-7181-I-4,RIO ITAPECURU,5.0,PROFUNDIDADE,2,0.0,0.0,0.0,0.0,0.0
MA-7181-I-4,RIO ITAPECURU,7.0,PROFUNDIDADE,1,0.0,0.0,,0.0,0.0
MA-7181-I-4,RIO ITAPECURU,8.0,PROFUNDIDADE,1,0.73,0.73,,0.73,0.73
MA-7181-I-4,RIO ITAPECURU,10.0,PROFUNDIDADE,1,0.193,0.193,,0.193,0.193
MA-7182-I-2,RIO PERITORO,5.0,PROFUNDIDADE,2,0.035,0.035,0.007071067811865474,0.03,0.04
MA-7182-I-2,RIO PERITORO,6.0,PROFUNDIDADE,1,0.35,0.35,,0.35,0.35
MA-7182-I-2,RIO PERITORO,7.0,PROFUNDIDADE,2,0.4295,0.4295,0.4744686501761734,0.094,0.765
MA-7182-I-3,RIO PERITORO,5.0,PROFUNDIDADE,1,0.14,0.14,,0.14,0.14
MA-7182-I-3,RIO PERITORO,6.0,PROFUNDIDADE,1,0.19,0.19,,0.19,0.19
MA-7182-I-3,RIO PERITORO,7.0,PROFUNDIDADE,2,0.422,0.422,0.42143564158718233,0.124,0.72
MA-7183-I-3,RIO ITAPECURU,6.0,PROFUNDIDADE,1,0.186,0.186,,0.186,0.186
MA-7183-I-3,RIO ITAPECURU,7.0,PROFUNDIDADE,2,0.46299999999999997,0.46299999999999997,0.37193816690412396,0.2,0.726
MA-7183-I-4,RIO ITAPECURU,5.0,PROFUNDIDADE,2,0.01,0.01,0.01414213562373095,0.0,0.02
MA-7183-I-4,RIO ITAPECURU,6.0,PROFUNDIDADE,1,0.17,0.17,,0.17,0.17
MA-7183-I-4,RIO ITAPECURU,7.0,PROFUNDIDADE,2,0.40149999999999997,0.40149999999999997,0.4447701653663384,0.087,0.716
MA-7184-I-1,RIO CODOZINHO,7.0,PROFUNDIDADE,2,0.275,0.275,0.38890872965260115,0.0,0.55
MA-7185-I-1,RIACHO PERITORO,6.0,PROFUNDIDADE,1,0.185,0.185,,0.185,0.185
MA-7185-I-1,RIACHO PERITORO,7.0,PROFUNDIDADE,2,0.6315,0.6315,0.36981684656056435,0.37,0.893
MA-7185-I-10,RIO ITAPECURU,6.0,PROFUNDIDADE,1,0.211,0.211,,0.211,0.211
MA-7185-I-10,RIO ITAPECURU,7.0,PROFUNDIDADE,2,0.343,0.343,0.48507525189397166,0.0,0.686
MA-7185-I-11,RIO ITAPECURU,5.0,PROFUNDIDADE,2,0.07500000000000001,0.07500000000000001,0.035355339059327376,0.05,0.1
MA-7185-I-11,RIO ITAPECURU,6.0,PROFUNDIDADE,1,0.27,0.27,,0.27,0.27
MA-7185-I-11,RIO ITAPECURU,7.0,PROFUNDIDADE,2,0.3375,0.3375,0.47729707730091964,0.0,0.675
MA-7185-I-12,RIO ITAPECURU,5.0,PROFUNDIDADE,2,0.045,0.045,0.007071067811865479,0.04,0.05
MA-7185-I-12,RIO ITAPECURU,6.0,PROFUNDIDADE,1,0.27,0.27,,0.27,0.27
MA-7185-I-12,RIO ITAPECURU,7.0,PROFUNDIDADE,2,0.34,0.34,0.4808326112068524,0.0,0.68
MA-7185-I-3,RIO TAPUIO,2.0,PROFUNDIDADE,1,31.26,31.26,,31.26,31.26
MA-7185-I-3,RIO TAPUIO,5.0,PROFUNDIDADE,2,0.0,0.0,0.0,0.0,0.0
MA-7185-I-3,RIO TAPUIO,7.0,PROFUNDIDADE,1,0.0,0.0,,0.0,0.0
MA-7185-I-3,RIO TAPUIO,10.0,PROFUNDIDADE,1,0.318,0.318,,0.318,0.318
MA-7185-I-5,RIO PIRAPEMAS,5.0,PROFUNDIDADE,2,0.0,0.0,0.0,0.0,0.0
MA-7185-I-5,RIO PIRAPEMAS,6.0,PROFUNDIDADE,1,0.14,0.14,,0.14,0.14
MA-7185-I-5,RIO PIRAPEMAS,7.0,PROFUNDIDADE,2,0.353,0.353,0.39739401102683974,0.072,0.634
MA-7185-I-6,RIO ITAPECURU,7.0,PROFUNDIDADE,2,0.6385000000000001,0.6385000000000001,0.044547727214752496,0.607,0.67
MA-7185-I-7,RIO ITAPECURU,6.0,PROFUNDIDADE,1,0.196,0.196,,0.196,0.196
MA-7185-I-7,RIO ITAPECURU,7.0,PROFUNDIDADE,2,0.37,0.37,0.5232590180780452,0.0,0.74
MA-7185-I-8,RIO ITAPECURU,5.0,PROFUNDIDADE,2,0.091,0.091,0.0,0.091,0.091
MA-7185-I-8,RIO ITAPECURU,6.0,PROFUNDIDADE,1,0.302,0.302,,0.302,0.302
MA-7185-I-8,RIO ITAPECURU,7.0,PROFUNDIDADE,2,0.3345,0.3345,0.4730544366138003,0.0,0.669
MA-7185-I-9,RIO ITAPECURU,5.0,PROFUNDIDADE,2,0.02,0.02,0.0282842712474619,0.0,0.04
MA-7185-I-9,RIO ITAPECURU,6.0,PROFUNDIDADE,1,0.06,0.06,,0.06,0.06
MA-7187-I-11,RIO ITAPECURU,10.0,PROFUNDIDADE,1,0.144,0.144,,0.144,0.144
MA-7187-I-2,RIO ITAPECURU,10.0,PROFUNDIDADE,1,0.247,0.247,,0.247,0.247
MA-7187-I-4,RIO ALPERCATAS,10.0,PROFUNDIDADE,1,0.232,0.232,,0.232,0.232
MA-7189-I-4,RIO ITAPECURU,10.0,PROFUNDIDADE,1,0.152,0.152,,0.152,0.152
MA-7191-IE-4,RIO ITAPECURU,1.0,PROFUNDIDADE,1,31.16,31.16,,31.16,31.16
MA-7191-IE-4,RIO ITAPECURU,2.0,PROFUNDIDADE,2,30.715,30.715,0.6858935777509503,30.23,31.2
MA-7191-IE-4,RIO ITAPECURU,5.0,PROFUNDIDADE,2,0.015,0.015,0.021213203435596427,0.0,0.03
MA-7191-IE-4,RIO ITAPECURU,7.0,PROFUNDIDADE,1,0.0,0.0,,0.0,0.0
MA-7191-IE-4,RIO ITAPECURU,8.0,PROFUNDIDADE,1,0.8,0.8,,0.8,0.8
MA-7191-IE-4,RIO ITAPECURU,10.0,PROFUNDIDADE,1,0.206,0.206,,0.206,0.206
MA-7199-I-1,RIO ITAPECURU,10.0,PROFUNDIDADE,1,0.124,0.124,,0.124,0.124
MA-7164-I-19,RIO ITAPECURU,6.0,VAZAO,1,898.3,898.3,,898.3,898.3
MA-7164-I-19,RIO ITAPECURU,7.0,VAZAO,1,50.93,50.93,,50.93,50.93
MA-7164-I-19,RIO ITAPECURU,8.0,VAZAO,2,147.91500000000002,147.91500000000002,164.0558443030909,31.91,263.92
MA-7164-I-19,RIO ITAPECURU,9.0,VAZAO,2,38.815,38.815,17.133197308150045,26.7,50.93
MA-7183-I-3,RIO ITAPECURU,6.0,VAZAO,1,54.8,54.8,,54.8,54.8
MA-7183-I-3,RIO ITAPECURU,7.0,VAZAO,1,54.78,54.78,,54.78,54.78
MA-7183-I-3,RIO ITAPECURU,8.0,VAZAO,2,90.27,90.27,60.48591406269727,47.5,133.04
MA-7183-I-3,RIO ITAPECURU,9.0,VAZAO,1,13.6,13.6,,13.6,13.6
MA-7185-I-1,RIACHO PERITORO,6.0,VAZAO,2,5.35,5.35,6.7175144212722016,0.6,10.1
MA-7185-I-6,RIO ITAPECURU,7.0,VAZAO,1,59.2,59.2,,59.2,59.2
MA-7185-I-6,RIO ITAPECURU,8.0,VAZAO,2,52.93,52.93,21.156634893101504,37.97,67.89
MA-7185-I-6,RIO ITAPECURU,9.0,VAZAO,2,39.64,39.64,11.511698397716994,31.5,47.78
MA-7185-I-7,RIO ITAPECURU,3.0,VAZAO,2,33.349000000000004,33.349000000000004,1.2289515857022217,32.48,34.218
MA-7185-I-7,RIO ITAPECURU,6.0,VAZAO,2,51.945,51.945,14.361338725898781,41.79,62.1
MA-7185-I-7,RIO ITAPECURU,8.0,VAZAO,2,77.815,77.815,49.900525548334656,42.53,113.1
MA-7185-I-7,RIO ITAPECURU,9.0,VAZAO,1,63.16,63.16,,63.16,63.16
MA-7185-I-8,RIO ITAPECURU,5.0,VAZAO,1,66.66,66.66,,66.66,66.66
MA-7185-I-8,RIO ITAPECURU,6.0,VAZAO,2,42.31,42.31,3.0971277015970777,40.12,44.5
MA-7185-I-8,RIO ITAPECURU,7.0,VAZAO,1,59.74,59.74,,59.74,59.74
MA-7185-I-8,RIO ITAPECURU,8.0,VAZAO,2,94.5,94.5,73.63810019276706,42.43,146.57
MA-7185-I-8,RIO ITAPECURU,9.0,VAZAO,2,42.885000000000005,42.885000000000005,13.130972926634191,33.6,52.17
MA-7164-I-19,RIO ITAPECURU,1.0,TEMPERATURA_AR,1,27.5,27.5,,27.5,27.5
MA-7164-I-19,RIO ITAPECURU,2.0,TEMPERATURA_AR,2,26.98,26.98,0.8768124086713204,26.36,27.6
MA-7164-I-19,RIO ITAPECURU,3.0,TEMPERATURA_AR,2,29.535,29.535,1.6475588001646544,28.37,30.7
MA-7164-I-19,RIO ITAPECURU,4.0,TEMPERATURA_AR,2,26.895,26.895,1.8879751057680831,25.56,28.23
MA-7164-I-19,RIO ITAPECURU,6.0,TEMPERATURA_AR,1,26.57,26.57,,26.57,26.57
MA-7164-I-19,RIO ITAPECURU,7.0,TEMPERATURA_AR,2,28.975,28.975,1.4495689014324216,27.95,30.0
MA-7164-I-19,RIO ITAPECURU,8.0,TEMPERATURA_AR,2,28.975,28.975,1.1667261889578062,28.15,29.8
MA-7164-I-19,RIO ITAPECURU,9.0,TEMPERATURA_AR,2,28.485,28.485,0.6434671708797596,28.03,28.94
MA-7164-I-19,RIO ITAPECURU,10.0,TEMPERATURA_AR,2,26.715,26.715,0.2050609665440982,26.57,26.86
MA-7164-I-19,RIO ITAPECURU,,TEMPERATURA_AR,2,27.125,27.125,4.065863991822648,24.25,30.0
MA-7181-I-1,RIO ITAPECURU,1.0,TEMPERATURA_AR,1,26.15,26.15,,26.15,26.15
MA-7181-I-1,RIO ITAPECURU,2.0,TEMPERATURA_AR,2,26.314999999999998,26.314999999999998,0.869741340859455,25.7,26.93
MA-7181-I-1,RIO ITAPECURU,3.0,TEMPERATURA_AR,2,27.975,27.975,2.5809397513309014,26.15,29.8
MA-7181-I-1,RIO ITAPECURU,4.0,TEMPERATURA_AR,2,26.275,26.275,0.07778174593051983,26.22,26.33
MA-7181-I-1,RIO ITAPECURU,5.0,TEMPERATURA_AR,2,28.185000000000002,28.185000000000002,0.445477272147523,27.87,28.5
MA-7181-I-1,RIO ITAPECURU,6.0,TEMPERATURA_AR,1,24.84,24.84,,24.84,24.84
MA-7181-I-1,RIO ITAPECURU,7.0,TEMPERATURA_AR,2,28.61,28.61,0.5798275605729691,28.2,29.02
MA-7181-I-1,RIO ITAPECURU,8.0,TEMPERATURA_AR,2,28.115000000000002,28.115000000000002,0.16263455967290497,28.0,28.23
MA-7181-I-1,RIO ITAPECURU,9.0,TEMPERATURA_AR,2,27.005000000000003,27.005000000000003,1.2232947314527287,26.14,27.87
MA-7181-I-1,RIO ITAPECURU,10.0,TEMPERATURA_AR,2,25.229999999999997,25.229999999999997,0.14142135623730775,25.13,25.33
MA-7181-I-1,RIO ITAPECURU,,TEMPERATURA_AR,2,27.445,27.445,3.6133156518632576,24.89,30.0
MA-7181-I-2,RIO ITAPECURU,1.0,TEMPERATURA_AR,1,26.12,26.12,,26.12,26.12
MA-7181-I-2,RIO ITAPECURU,2.0,TEMPERATURA_AR,2,25.2,25.2,1.8384776310850246,23.9,26.5
MA-7181-I-2,RIO ITAPECURU,3.0,TEMPERATURA_AR,2,26.5,26.5,1.4142135623730951,25.5,27.5
MA-7181-I-2,RIO ITAPECURU,4.0,TEMPERATURA_AR,2,27.630000000000003,27.630000000000003,0.2121320343559635,27.48,27.78
MA-7181-I-2,RIO ITAPECURU,5.0,TEMPERATURA_AR,2,27.395,27.395,1.9445436482630056,26.02,28.77
MA-7181-I-2,RIO ITAPECURU,6.0,TEMPERATURA_AR,1,25.16,25.16,,25.16,25.16
MA-7181-I-2,RIO ITAPECURU,7.0,TEMPERATURA_AR,2,26.59,26.59,0.4384062043356577,26.28,26.9
MA-7181-I-2,RIO ITAPECURU,8.0,TEMPERATURA_AR,2,26.814999999999998,26.814999999999998,0.586898628384837,26.4,27.23
MA-7181-I-2,RIO ITAPECURU,9.0,TEMPERATURA_AR,2,25.39,25.39,0.8202438661763964,24.81,25.97
MA-7181-I-2,RIO ITAPECURU,10.0,TEMPERATURA_AR,2,25.625,25.625,0.2050609665440982,25.48,25.77
MA-7181-I-2,RIO ITAPECURU,,TEMPERATURA_AR,2,24.715,24.715,1.7182694782833103,23.5,25.93
MA-7181-I-3,RIO ITAPECURU,2.0,TEMPERATURA_AR,2,25.7225,25.7225,1.000556095378964,25.015,26.43
MA-7181-I-3,RIO ITAPECURU,3.0,TEMPERATURA_AR,2,30.43,30.43,4.058792924010783,27.56,33.3
MA-7181-I-3,RIO ITAPECURU,4.0,TEMPERATURA_AR,2,26.945,26.945,0.7141778489984116,26.44,27.45
MA-7181-I-3,RIO ITAPECURU,5.0,TEMPERATURA_AR,2,29.61,29.61,2.008183258569796,28.19,31.03
MA-7181-I-3,RIO ITAPECURU,6.0,TEMPERATURA_AR,1,26.56,26.56,,26.56,26.56
MA-7181-I-3,RIO ITAPECURU,7.0,TEMPERATURA_AR,2,28.615,28.615,0.30405591591021525,28.4,28.83
MA-7181-I-3,RIO ITAPECURU,8.0,TEMPERATURA_AR,2,27.59,27.59,0.7919595949289314,27.03,28.15
MA-7181-I-3,RIO ITAPECURU,9.0,TEMPERATURA_AR,2,27.33,27.33,0.5515432893255041,26.94,27.72
MA-7181-I-3,RIO ITAPECURU,10.0,TEMPERATURA_AR,2,26.225,26.225,1.1242997820866116,25.43,27.02
MA-7181-I-3,RIO ITAPECURU,,TEMPERATURA_AR,2,25.61,25.61,1.216223663640861,24.75,26.47
MA-7181-I-4,RIO ITAPECURU,4.0,TEMPERATURA_AR,2,26.174999999999997,26.174999999999997,1.477853172679883,25.13,27.22
MA-7181-I-4,RIO ITAPECURU,5.0,TEMPERATURA_AR,2,25.91,25.91,1.4566399692442895,24.88,26.94
MA-7181-I-4,RIO ITAPECURU,6.0,TEMPERATURA_AR,1,24.32,24.32,,24.32,24.32
MA-7181-I-4,RIO ITAPECURU,7.0,TEMPERATURA_AR,2,25.884999999999998,25.884999999999998,1.576848122046,24.77,27.0
MA-7181-I-4,RIO ITAPECURU,8.0,TEMPERATURA_AR,2,27.035,27.035,0.657609306503489,26.57,27.5
MA-7181-I-4,RIO ITAPECURU,9.0,TEMPERATURA_AR,2,27.255,27.255,0.07778174593051983,27.2,27.31
MA-7181-I-4,RIO ITAPECURU,10.0,TEMPERATURA_AR,2,25.92,25.92,0.9758073580374361,25.23,26.61
MA-7181-I-4,RIO ITAPECURU,,TEMPERATURA_AR,2,24.73,24.73,2.0223253941935257,23.3,26.16
MA-7182-I-2,RIO PERITORO,4.0,TEMPERATURA_AR,2,25.869999999999997,25.869999999999997,0.9192388155425111,25.22,26.52
MA-7182-I-2,RIO PERITORO,5.0,TEMPERATURA_AR,2,27.095,27.095,0.19091883092036627,26.96,27.23
MA-7182-I-2,RIO PERITORO,6.0,TEMPERATURA_AR,2,27.950000000000003,27.950000000000003,3.0405591591021537,25.8,30.1
MA-7182-I-2,RIO PERITORO,7.0,TEMPERATURA_AR,2,27.22,27.22,0.4384062043356589,26.91,27.53
MA-7182-I-2,RIO PERITORO,8.0,TEMPERATURA_AR,2,27.725,27.725,0.6717514421272209,27.25,28.2
MA-7182-I-2,RIO PERITORO,9.0,TEMPERATURA_AR,2,26.43,26.43,1.5273506473629415,25.35,27.51
MA-7182-I-2,RIO PERITORO,10.0,TEMPERATURA_AR,2,26.215,26.215,0.3181980515339484,25.99,26.44
MA-7182-I-2,RIO PERITORO,,TEMPERATURA_AR,1,28.08,28.08,,28.08,28.08
MA-7182-I-3,RIO PERITORO,4.0,TEMPERATURA_AR,2,28.14,28.14,3.662813126546316,25.55,30.73
MA-7182-I-3,RIO PERITORO,5.0,TEMPERATURA_AR,1,30.79,30.79,,30.79,30.79
MA-7182-I-3,RIO PERITORO,6.0,TEMPERATURA_AR,2,28.340000000000003,28.340000000000003,1.3010764773832486,27.42,29.26
MA-7182-I-3,RIO PERITORO,7.0,TEMPERATURA_AR,2,27.665,27.665,0.7000357133746797,27.17,28.16
MA-7182-I-3,RIO PERITORO,8.0,TEMPERATURA_AR,2,28.165,28.165,0.5161879502661813,27.8,28.53
MA-7182-I-3,RIO PERITORO,9.0,TEMPERATURA_AR,2,27.855,27.855,1.4637110370561537,26.82,28.89
MA-7182-I-3,RIO PERITORO,10.0,TEMPERATURA_AR,2,26.83,26.83,0.9616652224137054,26.15,27.51
MA-7182-I-3,RIO PERITORO,,TEMPERATURA_AR,1,29.93,29.93,,29.93,29.93
MA-7183-I-3,RIO ITAPECURU,3.0,TEMPERATURA_AR,2,27.505,27.505,0.9121677477306457,26.86,28.15
MA-7183-I-3,RIO ITAPECURU,4.0,TEMPERATURA_AR,2,27.11,27.11,2.98399061660723,25.0,29.22
MA-7183-I-3,RIO ITAPECURU,6.0,TEMPERATURA_AR,2,26.775,26.775,1.138441917710341,25.97,27.58
MA-7183-I-3,RIO ITAPECURU,7.0,TEMPERATURA_AR,2,30.86,30.86,3.8042344827836225,28.17,33.55
MA-7183-I-3,RIO ITAPECURU,8.0,TEMPERATURA_AR,2,28.605,28.605,0.9828784258493014,27.91,29.3
MA-7183-I-3,RIO ITAPECURU,9.0,TEMPERATURA_AR,2,29.215,29.215,1.322289680818842,28.28,30.15
MA-7183-I-3,RIO ITAPECURU,10.0,TEMPERATURA_AR,2,27.71,27.71,2.248599564173221,26.12,29.3
MA-7183-I-4,RIO ITAPECURU,3.0,TEMPERATURA_AR,2,28.89,28.89,3.8325187540310885,26.18,31.6
MA-7183-I-4,RIO ITAPECURU,4.0,TEMPERATURA_AR,2,27.645,27.645,1.2374368670764582,26.77,28.52
MA-7183-I-4,RIO ITAPECURU,5.0,TEMPERATURA_AR,2,28.415,28.415,0.7141778489984129,27.91,28.92
MA-7183-I-4,RIO ITAPECURU,6.0,TEMPERATURA_AR,2,28.71,28.71,0.650538238691625,28.25,29.17
MA-7183-I-4,RIO ITAPECURU,7.0,TEMPERATURA_AR,2,28.560000000000002,28.560000000000002,3.337544007200507,26.2,30.92
MA-7183-I-4,RIO ITAPECURU,8.0,TEMPERATURA_AR,2,27.675,27.675,0.8838834764831844,27.05,28.3
MA-7183-I-4,RIO ITAPECURU,9.0,TEMPERATURA_AR,2,28.200000000000003,28.200000000000003,1.0182337649086306,27.48,28.92
MA-7183-I-4,RIO ITAPECURU,10.0,TEMPERATURA_AR,2,26.12,26.12,1.3859292911256338,25.14,27.1
MA-7184-I-1,RIO CODOZINHO,7.0,TEMPERATURA_AR,2,32.175,32.175,0.5303300858899068,31.8,32.55
MA-7184-I-1,RIO CODOZINHO,8.0,TEMPERATURA_AR,2,27.07,27.07,2.8567113959936514,25.05,29.09
MA-7184-I-1,RIO CODOZINHO,9.0,TEMPERATURA_AR,1,27.18,27.18,,27.18,27.18
MA-7184-I-1,RIO CODOZINHO,10.0,TEMPERATURA_AR,1,26.41,26.41,,26.41,26.41
MA-7185-I-1,RIACHO PERITORO,3.0,TEMPERATURA_AR,1,28.45,28.45,,28.45,28.45
MA-7185-I-1,RIACHO PERITORO,4.0,TEMPERATURA_AR,2,27.215,27.215,0.8697413408594512,26.6,27.83
MA-7185-I-1,RIACHO PERITORO,6.0,TEMPERATURA_AR,2,27.165,27.165,0.7141778489984153,26.66,27.67
MA-7185-I-1,RIACHO PERITORO,7.0,TEMPERATURA_AR,2,28.17,28.17,0.9333809511662416,27.51,28.83
MA-7185-I-1,RIACHO PERITORO,8.0,TEMPERATURA_AR,2,28.134999999999998,28.134999999999998,0.06363961030679044,28.09,28.18
MA-7185-I-1,RIACHO PERITORO,9.0,TEMPERATURA_AR,2,26.259999999999998,26.259999999999998,1.3293607486307073,25.32,27.2
MA-7185-I-1,RIACHO PERITORO,10.0,TEMPERATURA_AR,2,26.380000000000003,26.380000000000003,0.11313708498984897,26.3,26.46
MA-7185-I-1,RIACHO PERITORO,,TEMPERATURA_AR,2,27.634999999999998,27.634999999999998,1.4495689014324216,26.61,28.66
MA-7185-I-10,RIO ITAPECURU,3.0,TEMPERATURA_AR,2,25.439999999999998,25.439999999999998,1.4990663761154828,24.38,26.5
MA-7185-I-10,RIO ITAPECURU,4.0,TEMPERATURA_AR,2,25.805,25.805,0.30405591591021525,25.59,26.02
MA-7185-I-10,RIO ITAPECURU,6.0,TEMPERATURA_AR,2,26.630000000000003,26.630000000000003,1.0182337649086306,25.91,27.35
MA-7185-I-10,RIO ITAPECURU,7.0,TEMPERATURA_AR,2,25.79,25.79,1.117228714274744,25.0,26.58
MA-7185-I-10,RIO ITAPECURU,8.0,TEMPERATURA_AR,2,25.235,25.235,1.5627059864222705,24.13,26.34
MA-7185-I-10,RIO ITAPECURU,9.0,TEMPERATURA_AR,2,25.325,25.325,0.8131727983645286,24.75,25.9
MA-7185-I-10,RIO ITAPECURU,10.0,TEMPERATURA_AR,2,27.14,27.14,0.8909545442950485,26.51,27.77
MA-7185-I-11,RIO ITAPECURU,3.0,TEMPERATURA_AR,2,25.805,25.805,0.24748737341529264,25.63,25.98
MA-7185-I-11,RIO ITAPECURU,4.0,TEMPERATURA_AR,2,25.775,25.775,0.1767766952966369,25.65,25.9
MA-7185-I-11,RIO ITAPECURU,5.0,TEMPERATURA_AR,2,27.47,27.47,0.3535533905932738,27.22,27.72
MA-7185-I-11,RIO ITAPECURU,6.0,TEMPERATURA_AR,2,27.755,27.755,0.27577164466275395,27.56,27.95
MA-7185-I-11,RIO ITAPECURU,7.0,TEMPERATURA_AR,2,26.695,26.695,1.0677312395916854,25.94,27.45
MA-7185-I-11,RIO ITAPECURU,8.0,TEMPERATURA_AR,2,25.104999999999997,25.104999999999997,0.9970205614730309,24.4,25.81
MA-7185-I-11,RIO ITAPECURU,9.0,TEMPERATURA_AR,2,25.205,25.205,0.27577164466275017,25.01,25.4
MA-7185-I-11,RIO ITAPECURU,10.0,TEMPERATURA_AR,2,26.755000000000003,26.755000000000003,5.692209588551709,22.73,30.78
MA-7185-I-12,RIO ITAPECURU,3.0,TEMPERATURA_AR,2,26.325,26.325,3.4294678887547567,23.9,28.75
MA-7185-I-12,RIO ITAPECURU,4.0,TEMPERATURA_AR,2,26.235,26.235,0.9121677477306457,25.59,26.88
MA-7185-I-12,RIO ITAPECURU,5.0,TEMPERATURA_AR,2,26.86,26.86,0.3252691193458125,26.63,27.09
MA-7185-I-12,RIO ITAPECURU,6.0,TEMPERATURA_AR,2,25.185000000000002,25.185000000000002,0.41719300090006417,24.89,25.48
MA-7185-I-12,RIO ITAPECURU,7.0,TEMPERATURA_AR,2,27.765,27.765,2.0859650045003133,26.29,29.24
MA-7185-I-12,RIO ITAPECURU,8.0,TEMPERATURA_AR,2,27.185000000000002,27.185000000000002,1.294005409571382,26.27,28.1
MA-7185-I-12,RIO ITAPECURU,9.0,TEMPERATURA_AR,2,27.7,27.7,0.1697056274847728,27.58,27.82
MA-7185-I-12,RIO ITAPECURU,10.0,TEMPERATURA_AR,1,25.21,25.21,,25.21,25.21
MA-7185-I-3,RIO TAPUIO,2.0,TEMPERATURA_AR,2,28.8,28.8,2.4041630560342604,27.1,30.5
MA-7185-I-3,RIO TAPUIO,3.0,TEMPERATURA_AR,1,25.99,25.99,,25.99,25.99
MA-7185-I-3,RIO TAPUIO,4.0,TEMPERATURA_AR,2,25.064999999999998,25.064999999999998,0.45961940777125615,24.74,25.39
MA-7185-I-3,RIO TAPUIO,5.0,TEMPERATURA_AR,2,28.03,28.03,0.6929646455628157,27.54,28.52
MA-7185-I-3,RIO TAPUIO,6.0,TEMPERATURA_AR,2,26.93,26.93,1.65462986797652,25.76,28.1
MA-7185-I-3,RIO TAPUIO,7.0,TEMPERATURA_AR,1,28.26,28.26,,28.26,28.26
MA-7185-I-3,RIO TAPUIO,8.0,TEMPERATURA_AR,1,27.27,27.27,,27.27,27.27
MA-7185-I-3,RIO TAPUIO,9.0,TEMPERATURA_AR,2,27.95,27.95,1.7394826817189075,26.72,29.18
MA-7185-I-3,RIO TAPUIO,10.0,TEMPERATURA_AR,2,26.86,26.86,0.1697056274847728,26.74,26.98
MA-7185-I-3,RIO TAPUIO,,TEMPERATURA_AR,1,27.19,27.19,,27.19,27.19
MA-7185-I-5,RIO PIRAPEMAS,3.0,TEMPERATURA_AR,2,30.415,30.415,1.6758430714121197,29.23,31.6
MA-7185-I-5,RIO PIRAPEMAS,4.0,TEMPERATURA_AR,2,25.175,25.175,0.9828784258493014,24.48,25.87
MA-7185-I-5,RIO PIRAPEMAS,5.0,TEMPERATURA_AR,2,27.755,27.755,3.387041481883562,25.36,30.15
MA-7185-I-5,RIO PIRAPEMAS,6.0,TEMPERATURA_AR,2,26.45,26.45,1.3435028842544392,25.5,27.4
MA-7185-I-5,RIO PIRAPEMAS,7.0,TEMPERATURA_AR,2,28.34,28.34,3.379970414071698,25.95,30.73
MA-7185-I-5,RIO PIRAPEMAS,8.0,TEMPERATURA_AR,2,29.575,29.575,3.486036431249679,27.11,32.04
MA-7185-I-5,RIO PIRAPEMAS,9.0,TEMPERATURA_AR,2,27.875,27.875,1.4637110370561537,26.84,28.91
MA-7185-I-5,RIO PIRAPEMAS,10.0,TEMPERATURA_AR,1,24.99,24.99,,24.99,24.99
MA-7185-I-6,RIO ITAPECURU,7.0,TEMPERATURA_AR,2,27.0,27.0,0.6646803743153531,26.53,27.47
MA-7185-I-6,RIO ITAPECURU,8.0,TEMPERATURA_AR,2,25.145000000000003,25.145000000000003,4.1790010768124946,22.19,28.1
MA-7185-I-6,RIO ITAPECURU,9.0,TEMPERATURA_AR,2,26.96,26.96,0.2262741699796954,26.8,27.12
MA-7185-I-6,RIO ITAPECURU,10.0,TEMPERATURA_AR,2,27.39,27.39,1.5414927829866734,26.3,28.48
MA-7185-I-7,RIO ITAPECURU,3.0,TEMPERATURA_AR,2,31.11,31.11,2.2485995641732224,29.52,32.7
MA-7185-I-7,RIO ITAPECURU,4.0,TEMPERATURA_AR,2,26.375,26.375,0.6293250352560277,25.93,26.82
MA-7185-I-7,RIO ITAPECURU,6.0,TEMPERATURA_AR,2,27.335,27.335,1.039446968344224,26.6,28.07
MA-7185-I-7,RIO ITAPECURU,7.0,TEMPERATURA_AR,2,27.52,27.52,1.9374725804511417,26.15,28.89
MA-7185-I-7,RIO ITAPECURU,8.0,TEMPERATURA_AR,2,27.675,27.675,1.2374368670764582,26.8,28.55
MA-7185-I-7,RIO ITAPECURU,9.0,TEMPERATURA_AR,1,28.05,28.05,,28.05,28.05
MA-7185-I-7,RIO ITAPECURU,10.0,TEMPERATURA_AR,2,26.6,26.6,1.5980613254815996,25.47,27.73
MA-7185-I-8,RIO ITAPECURU,5.0,TEMPERATURA_AR,2,26.16,26.16,0.0,26.16,26.16
MA-7185-I-8,RIO ITAPECURU,6.0,TEMPERATURA_AR,2,25.490000000000002,25.490000000000002,0.36769552621700313,25.23,25.75
MA-7185-I-8,RIO ITAPECURU,7.0,TEMPERATURA_AR,2,28.915,28.915,3.4436100243784886,26.48,31.35
MA-7185-I-8,RIO ITAPECURU,8.0,TEMPERATURA_AR,1,25.29,25.29,,25.29,25.29
MA-7185-I-8,RIO ITAPECURU,9.0,TEMPERATURA_AR,2,26.535,26.535,0.47376154339498805,26.2,26.87
MA-7185-I-8,RIO ITAPECURU,10.0,TEMPERATURA_AR,2,26.29,26.29,0.282842712474618,26.09,26.49
MA-7185-I-9,RIO ITAPECURU,5.0,TEMPERATURA_AR,2,28.384999999999998,28.384999999999998,1.5344217151748054,27.3,29.47
MA-7185-I-9,RIO ITAPECURU,6.0,TEMPERATURA_AR,2,26.810000000000002,26.810000000000002,3.12541197284454,24.6,29.02
MA-7187-I-1,RIO ITAPECURU,,TEMPERATURA_AR,2,25.560000000000002,25.560000000000002,2.6587214972614213,23.68,27.44
MA-7187-I-11,RIO ITAPECURU,10.0,TEMPERATURA_AR,1,27.78,27.78,,27.78,27.78
MA-7187-I-2,RIO ITAPECURU,10.0,TEMPERATURA_AR,1,26.35,26.35,,26.35,26.35
MA-7187-I-4,RIO ALPERCATAS,10.0,TEMPERATURA_AR,1,26.48,26.48,,26.48,26.48
MA-7187-I-4,RIO ITAPECURU,,TEMPERATURA_AR,2,24.285,24.285,2.3122391744800126,22.65,25.92
MA-7189-I-4,RIO ITAPECURU,10.0,TEMPERATURA_AR,1,24.34,24.34,,24.34,24.34
MA-7191-IE-4,RIO ITAPECURU,1.0,TEMPERATURA_AR,1,28.07,28.07,,28.07,28.07
MA-7191-IE-4,RIO ITAPECURU,2.0,TEMPERATURA_AR,2,26.95,26.95,1.4849242404917509,25.9,28.0
MA-7191-IE-4,RIO ITAPECURU,3.0,TEMPERATURA_AR,2,28.125,28.125,0.5303300858899106,27.75,28.5
MA-7191-IE-4,RIO ITAPECURU,4.0,TEMPERATURA_AR,2,26.65,26.65,1.0606601717798212,25.9,27.4
MA-7191-IE-4,RIO ITAPECURU,5.0,TEMPERATURA_AR,2,26.155,26.155,1.1101576464628797,25.37,26.94
MA-7191-IE-4,RIO ITAPECURU,6.0,TEMPERATURA_AR,1,24.0,24.0,,24.0,24.0
MA-7191-IE-4,RIO ITAPECURU,7.0,TEMPERATURA_AR,2,24.65,24.65,0.9192388155425111,24.0,25.3
MA-7191-IE-4,RIO ITAPECURU,8.0,TEMPERATURA_AR,2,25.765,25.765,0.8555992052357231,25.16,26.37
MA-7191-IE-4,RIO ITAPECURU,9.0,TEMPERATURA_AR,2,27.34,27.34,0.8343860018001259,26.75,27.93
MA-7191-IE-4,RIO ITAPECURU,10.0,TEMPERATURA_AR,2,27.245,27.245,1.435426765808692,26.23,28.26
MA-7191-IE-4,RIO ITAPECURU,,TEMPERATURA_AR,2,26.155,26.155,0.34648232278140845,25.91,26.4
MA-7199-I-1,RIO ITAPECURU,10.0,TEMPERATURA_AR,1,24.69,24.69,,24.69,24.69
MA-7164-I-19,RIO ITAPECURU,1.0,TEMPERATURA_AGUA,1,29.1,29.1,,29.1,29.1
MA-7164-I-19,RIO ITAPECURU,2.0,TEMPERATURA_AGUA,2,27.75,27.75,1.0606601717798212,27.0,28.5
MA-7164-I-19,RIO ITAPECURU,3.0,TEMPERATURA_AGUA,2,29.975,29.975,2.4395183950935895,28.25,31.7
MA-7164-I-19,RIO ITAPECURU,4.0,TEMPERATURA_AGUA,2,29.35,29.35,0.8061017305526645,28.78,29.92
MA-7164-I-19,RIO ITAPECURU,6.0,TEMPERATURA_AGUA,1,27.08,27.08,,27.08,27.08
MA-7164-I-19,RIO ITAPECURU,7.0,TEMPERATURA_AGUA,2,29.325,29.325,1.1667261889578024,28.5,30.15
MA-7164-I-19,RIO ITAPECURU,8.0,TEMPERATURA_AGUA,2,28.96,28.96,2.4324473272817255,27.24,30.68
MA-7164-I-19,RIO ITAPECURU,9.0,TEMPERATURA_AGUA,2,29.805,29.805,0.7424621202458729,29.28,30.33
MA-7164-I-19,RIO ITAPECURU,10.0,TEMPERATURA_AGUA,2,29.2,29.2,1.2445079348883221,28.32,30.08
MA-7164-I-19,RIO ITAPECURU,,TEMPERATURA_AGUA,2,28.785,28.785,0.30405591591021525,28.57,29.0
MA-7181-I-1,RIO ITAPECURU,1.0,TEMPERATURA_AGUA,1,29.0,29.0,,29.0,29.0
MA-7181-I-1,RIO ITAPECURU,2.0,TEMPERATURA_AGUA,2,28.3625,28.3625,1.7500892834367061,27.125,29.6
MA-7181-I-1,RIO ITAPECURU,3.0,TEMPERATURA_AGUA,2,30.009999999999998,30.009999999999998,3.2385490578343865,27.72,32.3
MA-7181-I-1,RIO ITAPECURU,4.0,TEMPERATURA_AGUA,2,29.405,29.405,1.0677312395916867,28.65,30.16
MA-7181-I-1,RIO ITAPECURU,5.0,TEMPERATURA_AGUA,2,31.119999999999997,31.119999999999997,0.43840620433566146,30.81,31.43
MA-7181-I-1,RIO ITAPECURU,6.0,TEMPERATURA_AGUA,1,26.91,26.91,,26.91,26.91
MA-7181-I-1,RIO ITAPECURU,7.0,TEMPERATURA_AGUA,2,29.36,29.36,1.2445079348883221,28.48,30.24
MA-7181-I-1,RIO ITAPECURU,8.0,TEMPERATURA_AGUA,2,29.185000000000002,29.185000000000002,2.6940768363207463,27.28,31.09
MA-7181-I-1,RIO ITAPECURU,9.0,TEMPERATURA_AGUA,2,29.884999999999998,29.884999999999998,0.021213203435595972,29.87,29.9
MA-7181-I-1,RIO ITAPECURU,10.0,TEMPERATURA_AGUA,2,29.505000000000003,29.505000000000003,1.294005409571382,28.59,30.42
MA-7181-I-1,RIO ITAPECURU,,TEMPERATURA_AGUA,2,29.92,29.92,0.16970562748476906,29.8,30.04
MA-7181-I-2,RIO ITAPECURU,1.0,TEMPERATURA_AGUA,1,29.13,29.13,,29.13,29.13
MA-7181-I-2,RIO ITAPECURU,2.0,TEMPERATURA_AGUA,2,29.1,29.1,0.2828427124746218,28.9,29.3
MA-7181-I-2,RIO ITAPECURU,3.0,TEMPERATURA_AGUA,2,30.134999999999998,30.134999999999998,0.23334523779156074,29.97,30.3
MA-7181-I-2,RIO ITAPECURU,4.0,TEMPERATURA_AGUA,2,28.815,28.815,1.1101576464628797,28.03,29.6
MA-7181-I-2,RIO ITAPECURU,5.0,TEMPERATURA_AGUA,2,31.05,31.05,0.2969848480983512,30.84,31.26
MA-7181-I-2,RIO ITAPECURU,6.0,TEMPERATURA_AGUA,1,27.49,27.49,,27.49,27.49
MA-7181-I-2,RIO ITAPECURU,7.0,TEMPERATURA_AGUA,2,29.92,29.92,2.36173664916307,28.25,31.59
MA-7181-I-2,RIO ITAPECURU,8.0,TEMPERATURA_AGUA,2,29.28,29.28,2.8567113959936514,27.26,31.3
MA-7181-I-2,RIO ITAPECURU,9.0,TEMPERATURA_AGUA,2,31.445,31.445,1.2940054095713807,30.53,32.36
MA-7181-I-2,RIO ITAPECURU,10.0,TEMPERATURA_AGUA,2,30.775,30.775,2.7365032431919407,28.84,32.71
MA-7181-I-2,RIO ITAPECURU,,TEMPERATURA_AGUA,2,29.08,29.08,1.6687720036002556,27.9,30.26
MA-7181-I-3,RIO ITAPECURU,1.0,TEMPERATURA_AGUA,1,29.6,29.6,,29.6,29.6
MA-7181-I-3,RIO ITAPECURU,2.0,TEMPERATURA_AGUA,2,27.8825,27.8825,1.2975409434773153,26.965,28.8
MA-7181-I-3,RIO ITAPECURU,3.0,TEMPERATURA_AGUA,2,30.189999999999998,30.189999999999998,2.98399061660723,28.08,32.3
MA-7181-I-3,RIO ITAPECURU,4.0,TEMPERATURA_AGUA,2,29.045,29.045,0.38890872965260037,28.77,29.32
MA-7181-I-3,RIO ITAPECURU,5.0,TEMPERATURA_AGUA,2,31.13,31.13,0.933380951166243,30.47,31.79
MA-7181-I-3,RIO ITAPECURU,6.0,TEMPERATURA_AGUA,1,26.95,26.95,,26.95,26.95
MA-7181-I-3,RIO ITAPECURU,7.0,TEMPERATURA_AGUA,2,29.325,29.325,1.491995308303615,28.27,30.38
MA-7181-I-3,RIO ITAPECURU,8.0,TEMPERATURA_AGUA,2,29.03,29.03,2.6728636328851505,27.14,30.92
MA-7181-I-3,RIO ITAPECURU,9.0,TEMPERATURA_AGUA,2,30.055,30.055,0.37476659402887097,29.79,30.32
MA-7181-I-3,RIO ITAPECURU,10.0,TEMPERATURA_AGUA,2,29.25,29.25,1.1030865786510158,28.47,30.03
MA-7181-I-3,RIO ITAPECURU,,TEMPERATURA_AGUA,2,29.259999999999998,29.259999999999998,0.3676955262170057,29.0,29.52
MA-7181-I-4,RIO ITAPECURU,4.0,TEMPERATURA_AGUA,2,18.825,18.825,12.848130214159568,9.74,27.91
MA-7181-I-4,RIO ITAPECURU,5.0,TEMPERATURA_AGUA,2,30.12,30.12,0.4525483399593908,29.8,30.44
MA-7181-I-4,RIO ITAPECURU,6.0,TEMPERATURA_AGUA,1,26.89,26.89,,26.89,26.89
MA-7181-I-4,RIO ITAPECURU,7.0,TEMPERATURA_AGUA,2,29.675,29.675,1.9445436482630056,28.3,31.05
MA-7181-I-4,RIO ITAPECURU,8.0,TEMPERATURA_AGUA,2,29.195,29.195,1.8455486988968888,27.89,30.5
MA-7181-I-4,RIO ITAPECURU,9.0,TEMPERATURA_AGUA,2,30.35,30.35,0.3818376618407363,30.08,30.62
MA-7181-I-4,RIO ITAPECURU,10.0,TEMPERATURA_AGUA,2,29.869999999999997,29.869999999999997,1.8809040379562179,28.54,31.2
MA-7181-I-4,RIO ITAPECURU,,TEMPERATURA_AGUA,2,29.11,29.11,1.7111984104714462,27.9,30.32
MA-7182-I-2,RIO PERITORO,4.0,TEMPERATURA_AGUA,2,29.275,29.275,0.6717514421272209,28.8,29.75
MA-7182-I-2,RIO PERITORO,5.0,TEMPERATURA_AGUA,2,29.814999999999998,29.814999999999998,0.19091883092036627,29.68,29.95
MA-7182-I-2,RIO PERITORO,6.0,TEMPERATURA_AGUA,2,29.325,29.325,0.27577164466275395,29.13,29.52
MA-7182-I-2,RIO PERITORO,7.0,TEMPERATURA_AGUA,2,28.875,28.875,1.3505739520663034,27.92,29.83
MA-7182-I-2,RIO PERITORO,8.0,TEMPERATURA_AGUA,2,33.665,33.665,6.880148980945109,28.8,38.53
MA-7182-I-2,RIO PERITORO,9.0,TEMPERATURA_AGUA,2,29.814999999999998,29.814999999999998,0.6717514421272209,29.34,30.29
MA-7182-I-2,RIO PERITORO,10.0,TEMPERATURA_AGUA,2,29.0,29.0,0.18384776310850096,28.87,29.13
MA-7182-I-2,RIO PERITORO,,TEMPERATURA_AGUA,1,28.25,28.25,,28.25,28.25
MA-7182-I-3,RIO PERITORO,4.0,TEMPERATURA_AGUA,2,28.42,28.42,0.678822509939085,27.94,28.9
MA-7182-I-3,RIO PERITORO,5.0,TEMPERATURA_AGUA,1,29.73,29.73,,29.73,29.73
MA-7182-I-3,RIO PERITORO,6.0,TEMPERATURA_AGUA,2,30.0,30.0,0.2969848480983512,29.79,30.21
MA-7182-I-3,RIO PERITORO,7.0,TEMPERATURA_AGUA,2,28.92,28.92,1.3717871555019043,27.95,29.89
MA-7182-I-3,RIO PERITORO,8.0,TEMPERATURA_AGUA,2,28.189999999999998,28.189999999999998,1.004091629284895,27.48,28.9
MA-7182-I-3,RIO PERITORO,9.0,TEMPERATURA_AGUA,2,29.490000000000002,29.490000000000002,0.4101219330881976,29.2,29.78
MA-7182-I-3,RIO PERITORO,10.0,TEMPERATURA_AGUA,2,28.505,28.505,0.9545941546018402,27.83,29.18
MA-7182-I-3,RIO PERITORO,,TEMPERATURA_AGUA,1,28.31,28.31,,28.31,28.31
MA-7183-I-3,RIO ITAPECURU,3.0,TEMPERATURA_AGUA,2,31.075000000000003,31.075000000000003,0.31819805153394465,30.85,31.3
MA-7183-I-3,RIO ITAPECURU,4.0,TEMPERATURA_AGUA,2,30.06,30.06,0.8061017305526645,29.49,30.63
MA-7183-I-3,RIO ITAPECURU,6.0,TEMPERATURA_AGUA,2,30.68,30.68,0.3111269837220793,30.46,30.9
MA-7183-I-3,RIO ITAPECURU,7.0,TEMPERATURA_AGUA,2,29.53,29.53,1.8243354954612951,28.24,30.82
MA-7183-I-3,RIO ITAPECURU,8.0,TEMPERATURA_AGUA,2,29.06,29.06,1.866761902332486,27.74,30.38
MA-7183-I-3,RIO ITAPECURU,9.0,TEMPERATURA_AGUA,2,30.75,30.75,1.6829141392239848,29.56,31.94
MA-7183-I-3,RIO ITAPECURU,10.0,TEMPERATURA_AGUA,2,29.86,29.86,0.2687005768508861,29.67,30.05
MA-7183-I-4,RIO ITAPECURU,3.0,TEMPERATURA_AGUA,2,30.67,30.67,0.0989949493661158,30.6,30.74
MA-7183-I-4,RIO ITAPECURU,4.0,TEMPERATURA_AGUA,2,29.66,29.66,0.2545584412271567,29.48,29.84
MA-7183-I-4,RIO ITAPECURU,5.0,TEMPERATURA_AGUA,2,31.365000000000002,31.365000000000002,0.7990306627407993,30.8,31.93
MA-7183-I-4,RIO ITAPECURU,6.0,TEMPERATURA_AGUA,2,30.700000000000003,30.700000000000003,0.3394112549695444,30.46,30.94
MA-7183-I-4,RIO ITAPECURU,7.0,TEMPERATURA_AGUA,2,29.48,29.48,1.9233304448274084,28.12,30.84
MA-7183-I-4,RIO ITAPECURU,8.0,TEMPERATURA_AGUA,2,28.79,28.79,1.9940411229460642,27.38,30.2
MA-7183-I-4,RIO ITAPECURU,9.0,TEMPERATURA_AGUA,2,30.61,30.61,1.428355697996827,29.6,31.62
MA-7183-I-4,RIO ITAPECURU,10.0,TEMPERATURA_AGUA,2,29.53,29.53,0.3535533905932738,29.28,29.78
MA-7184-I-1,RIO CODOZINHO,7.0,TEMPERATURA_AGUA,2,29.485,29.485,0.4171930009000617,29.19,29.78
MA-7184-I-1,RIO CODOZINHO,8.0,TEMPERATURA_AGUA,2,27.68,27.68,1.9233304448274084,26.32,29.04
MA-7184-I-1,RIO CODOZINHO,9.0,TEMPERATURA_AGUA,1,29.26,29.26,,29.26,29.26
MA-7184-I-1,RIO CODOZINHO,10.0,TEMPERATURA_AGUA,1,31.54,31.54,,31.54,31.54
MA-7185-I-1,RIACHO PERITORO,3.0,TEMPERATURA_AGUA,1,32.54,32.54,,32.54,32.54
MA-7185-I-1,RIACHO PERITORO,4.0,TEMPERATURA_AGUA,2,26.695,26.695,2.128391411371507,25.19,28.2
MA-7185-I-1,RIACHO PERITORO,6.0,TEMPERATURA_AGUA,2,29.04,29.04,0.3394112549695419,28.8,29.28
MA-7185-I-1,RIACHO PERITORO,7.0,TEMPERATURA_AGUA,2,28.825,28.825,1.4637110370561537,27.79,29.86
MA-7185-I-1,RIACHO PERITORO,8.0,TEMPERATURA_AGUA,2,28.75,28.75,0.5515432893255079,28.36,29.14
MA-7185-I-1,RIACHO PERITORO,9.0,TEMPERATURA_AGUA,2,28.5,28.5,0.4808326112068521,28.16,28.84
MA-7185-I-1,RIACHO PERITORO,10.0,TEMPERATURA_AGUA,2,28.384999999999998,28.384999999999998,0.45961940777125865,28.06,28.71
MA-7185-I-1,RIACHO PERITORO,,TEMPERATURA_AGUA,2,27.96,27.96,0.282842712474618,27.76,28.16
MA-7185-I-10,RIO ITAPECURU,3.0,TEMPERATURA_AGUA,2,29.02,29.02,0.3959797974644682,28.74,29.3
MA-7185-I-10,RIO ITAPECURU,4.0,TEMPERATURA_AGUA,2,29.68,29.68,0.8202438661763964,29.1,30.26
MA-7185-I-10,RIO ITAPECURU,6.0,TEMPERATURA_AGUA,2,29.455,29.455,0.24748737341528887,29.28,29.63
MA-7185-I-10,RIO ITAPECURU,7.0,TEMPERATURA_AGUA,2,28.12,28.12,1.0606601717798212,27.37,28.87
MA-7185-I-10,RIO ITAPECURU,8.0,TEMPERATURA_AGUA,2,27.445,27.445,1.5485638507985375,26.35,28.54
MA-7185-I-10,RIO ITAPECURU,9.0,TEMPERATURA_AGUA,2,29.285,29.285,1.2374368670764582,28.41,30.16
MA-7185-I-10,RIO ITAPECURU,10.0,TEMPERATURA_AGUA,2,31.479999999999997,31.479999999999997,5.289158723275374,27.74,35.22
MA-7185-I-11,RIO ITAPECURU,3.0,TEMPERATURA_AGUA,2,28.979999999999997,28.979999999999997,0.14142135623730775,28.88,29.08
MA-7185-I-11,RIO ITAPECURU,4.0,TEMPERATURA_AGUA,2,29.15,29.15,0.21213203435596603,29.0,29.3
MA-7185-I-11,RIO ITAPECURU,5.0,TEMPERATURA_AGUA,2,30.384999999999998,30.384999999999998,0.3747665940288672,30.12,30.65
MA-7185-I-11,RIO ITAPECURU,6.0,TEMPERATURA_AGUA,2,28.875,28.875,0.6717514421272222,28.4,29.35
MA-7185-I-11,RIO ITAPECURU,7.0,TEMPERATURA_AGUA,2,28.415,28.415,0.6717514421272184,27.94,28.89
MA-7185-I-11,RIO ITAPECURU,8.0,TEMPERATURA_AGUA,2,26.92,26.92,1.6970562748477167,25.72,28.12
MA-7185-I-11,RIO ITAPECURU,9.0,TEMPERATURA_AGUA,2,28.98,28.98,1.612203461105329,27.84,30.12
MA-7185-I-11,RIO ITAPECURU,10.0,TEMPERATURA_AGUA,1,26.9,26.9,,26.9,26.9
MA-7185-I-12,RIO ITAPECURU,3.0,TEMPERATURA_AGUA,2,27.884999999999998,27.884999999999998,0.44547727214752547,27.57,28.2
MA-7185-I-12,RIO ITAPECURU,4.0,TEMPERATURA_AGUA,2,28.759999999999998,28.759999999999998,0.43840620433566146,28.45,29.07
MA-7185-I-12,RIO ITAPECURU,5.0,TEMPERATURA_AGUA,2,29.69,29.69,0.3818376618407351,29.42,29.96
MA-7185-I-12,RIO ITAPECURU,6.0,TEMPERATURA_AGUA,2,28.479999999999997,28.479999999999997,0.7212489168102769,27.97,28.99
MA-7185-I-12,RIO ITAPECURU,7.0,TEMPERATURA_AGUA,2,28.689999999999998,28.689999999999998,0.4666904755831202,28.36,29.02
MA-7185-I-12,RIO ITAPECURU,8.0,TEMPERATURA_AGUA,2,27.634999999999998,27.634999999999998,1.2515790027001876,26.75,28.52
MA-7185-I-12,RIO ITAPECURU,9.0,TEMPERATURA_AGUA,2,29.9,29.9,1.343502884254443,28.95,30.85
MA-7185-I-12,RIO ITAPECURU,10.0,TEMPERATURA_AGUA,2,28.82,28.82,1.3010764773832486,27.9,29.74
MA-7185-I-3,RIO TAPUIO,2.0,TEMPERATURA_AGUA,2,29.36,29.36,0.933380951166243,28.7,30.02
MA-7185-I-3,RIO TAPUIO,3.0,TEMPERATURA_AGUA,2,27.439999999999998,27.439999999999998,2.4324473272817233,25.72,29.16
MA-7185-I-3,RIO TAPUIO,4.0,TEMPERATURA_AGUA,2,28.255,28.255,0.6293250352560277,27.81,28.7
MA-7185-I-3,RIO TAPUIO,5.0,TEMPERATURA_AGUA,2,29.68,29.68,0.11313708498984645,29.6,29.76
MA-7185-I-3,RIO TAPUIO,6.0,TEMPERATURA_AGUA,2,29.41,29.41,0.1979898987322341,29.27,29.55
MA-7185-I-3,RIO TAPUIO,7.0,TEMPERATURA_AGUA,1,29.48,29.48,,29.48,29.48
MA-7185-I-3,RIO TAPUIO,8.0,TEMPERATURA_AGUA,1,28.23,28.23,,28.23,28.23
MA-7185-I-3,RIO TAPUIO,9.0,TEMPERATURA_AGUA,2,29.755000000000003,29.755000000000003,0.9404520189781083,29.09,30.42
MA-7185-I-3,RIO TAPUIO,10.0,TEMPERATURA_AGUA,2,29.34,29.34,0.04242640687119446,29.31,29.37
MA-7185-I-3,RIO TAPUIO,,TEMPERATURA_AGUA,1,28.33,28.33,,28.33,28.33
MA-7185-I-5,RIO PIRAPEMAS,3.0,TEMPERATURA_AGUA,2,31.714999999999996,31.714999999999996,0.728319984622141,31.2,32.23
MA-7185-I-5,RIO PIRAPEMAS,4.0,TEMPERATURA_AGUA,2,30.11,30.11,1.0465180361560893,29.37,30.85
MA-7185-I-5,RIO PIRAPEMAS,5.0,TEMPERATURA_AGUA,2,31.650000000000002,31.650000000000002,0.6222539674441636,31.21,32.09
MA-7185-I-5,RIO PIRAPEMAS,6.0,TEMPERATURA_AGUA,2,32.415,32.415,0.23334523779155947,32.25,32.58
MA-7185-I-5,RIO PIRAPEMAS,7.0,TEMPERATURA_AGUA,2,30.57,30.57,2.4890158697766482,28.81,32.33
MA-7185-I-5,RIO PIRAPEMAS,8.0,TEMPERATURA_AGUA,2,31.424999999999997,31.424999999999997,1.180868324581532,30.59,32.26
MA-7185-I-5,RIO PIRAPEMAS,9.0,TEMPERATURA_AGUA,2,32.335,32.335,2.043538597629123,30.89,33.78
MA-7185-I-5,RIO PIRAPEMAS,10.0,TEMPERATURA_AGUA,2,31.425,31.425,1.0960155108391516,30.65,32.2
MA-7185-I-6,RIO ITAPECURU,7.0,TEMPERATURA_AGUA,2,28.32,28.32,0.7071067811865476,27.82,28.82
MA-7185-I-6,RIO ITAPECURU,8.0,TEMPERATURA_AGUA,1,26.74,26.74,,26.74,26.74
MA-7185-I-6,RIO ITAPECURU,9.0,TEMPERATURA_AGUA,2,29.59,29.59,1.4849242404917509,28.54,30.64
MA-7185-I-6,RIO ITAPECURU,10.0,TEMPERATURA_AGUA,2,28.855,28.855,1.1667261889578024,28.03,29.68
MA-7185-I-7,RIO ITAPECURU,3.0,TEMPERATURA_AGUA,2,31.65,31.65,0.8485281374238552,31.05,32.25
MA-7185-I-7,RIO ITAPECURU,4.0,TEMPERATURA_AGUA,2,30.175,30.175,0.940452018978107,29.51,30.84
MA-7185-I-7,RIO ITAPECURU,6.0,TEMPERATURA_AGUA,2,30.689999999999998,30.689999999999998,0.4384062043356589,30.38,31.0
MA-7185-I-7,RIO ITAPECURU,7.0,TEMPERATURA_AGUA,2,29.405,29.405,1.902117241391815,28.06,30.75
MA-7185-I-7,RIO ITAPECURU,8.0,TEMPERATURA_AGUA,2,28.855,28.855,1.1950104602052638,28.01,29.7
MA-7185-I-7,RIO ITAPECURU,9.0,TEMPERATURA_AGUA,1,29.6,29.6,,29.6,29.6
MA-7185-I-7,RIO ITAPECURU,10.0,TEMPERATURA_AGUA,2,30.41,30.41,0.8626702730475871,29.8,31.02
MA-7185-I-8,RIO ITAPECURU,5.0,TEMPERATURA_AGUA,2,29.71,29.71,0.0,29.71,29.71
MA-7185-I-8,RIO ITAPECURU,6.0,TEMPERATURA_AGUA,2,28.71,28.71,0.6363961030678917,28.26,29.16
MA-7185-I-8,RIO ITAPECURU,7.0,TEMPERATURA_AGUA,2,28.73,28.73,0.4525483399593908,28.41,29.05
MA-7185-I-8,RIO ITAPECURU,8.0,TEMPERATURA_AGUA,1,28.62,28.62,,28.62,28.62
MA-7185-I-8,RIO ITAPECURU,9.0,TEMPERATURA_AGUA,2,29.5,29.5,1.5839191898578677,28.38,30.62
MA-7185-I-8,RIO ITAPECURU,10.0,TEMPERATURA_AGUA,2,28.585,28.585,1.6475588001646544,27.42,29.75
MA-7185-I-9,RIO ITAPECURU,5.0,TEMPERATURA_AGUA,2,32.485,32.485,0.8273149339882618,31.9,33.07
MA-7185-I-9,RIO ITAPECURU,6.0,TEMPERATURA_AGUA,2,29.884999999999998,29.884999999999998,2.3829498525986645,28.2,31.57
MA-7187-I-1,RIO ITAPECURU,,TEMPERATURA_AGUA,2,25.634999999999998,25.634999999999998,2.5526554800834376,23.83,27.44
MA-7187-I-11,RIO ITAPECURU,10.0,TEMPERATURA_AGUA,1,29.76,29.76,,29.76,29.76
MA-7187-I-2,RIO ITAPECURU,10.0,TEMPERATURA_AGUA,1,30.125,30.125,,30.125,30.125
MA-7187-I-4,RIO ALPERCATAS,10.0,TEMPERATURA_AGUA,1,28.98,28.98,,28.98,28.98
MA-7187-I-4,RIO ITAPECURU,,TEMPERATURA_AGUA,2,25.475,25.475,2.5809397513309014,23.65,27.3
MA-7189-I-4,RIO ITAPECURU,10.0,TEMPERATURA_AGUA,1,28.19,28.19,,28.19,28.19
MA-7191-IE-4,RIO ITAPECURU,1.0,TEMPERATURA_AGUA,1,29.66,29.66,,29.66,29.66
MA-7191-IE-4,RIO ITAPECURU,2.0,TEMPERATURA_AGUA,2,29.3315,29.3315,0.09263098833543788,29.266,29.397
MA-7191-IE-4,RIO ITAPECURU,3.0,TEMPERATURA_AGUA,2,29.365,29.365,0.657609306503489,28.9,29.83
MA-7191-IE-4,RIO ITAPECURU,4.0,TEMPERATURA_AGUA,2,29.15,29.15,1.7677669529663689,27.9,30.4
MA-7191-IE-4,RIO ITAPECURU,5.0,TEMPERATURA_AGUA,2,29.625,29.625,0.40305086527633227,29.34,29.91
MA-7191-IE-4,RIO ITAPECURU,6.0,TEMPERATURA_AGUA,1,26.7,26.7,,26.7,26.7
MA-7191-IE-4,RIO ITAPECURU,7.0,TEMPERATURA_AGUA,2,29.345,29.345,1.576848122046,28.23,30.46
MA-7191-IE-4,RIO ITAPECURU,8.0,TEMPERATURA_AGUA,2,28.735,28.735,2.1142492757477784,27.24,30.23
MA-7191-IE-4,RIO ITAPECURU,9.0,TEMPERATURA_AGUA,2,31.189999999999998,31.189999999999998,0.39597979746446693,30.91,31.47
MA-7191-IE-4,RIO ITAPECURU,10.0,TEMPERATURA_AGUA,2,29.855,29.855,1.0111626970967629,29.14,30.57
MA-7191-IE-4,RIO ITAPECURU,,TEMPERATURA_AGUA,2,28.89,28.89,1.315218613006978,27.96,29.82
MA-7199-I-1,RIO ITAPECURU,10.0,TEMPERATURA_AGUA,1,28.19,28.19,,28.19,28.19
MA-7164-I-19,RIO ITAPECURU,1.0,PH,1,6.2,6.2,,6.2,6.2
MA-7164-I-19,RIO ITAPECURU,2.0,PH,2,7.154999999999999,7.154999999999999,0.8697413408594534,6.54,7.77
MA-7164-I-19,RIO ITAPECURU,3.0,PH,2,7.635,7.635,0.23334523779156074,7.47,7.8
MA-7164-I-19,RIO ITAPECURU,4.0,PH,2,7.029999999999999,7.029999999999999,0.25455844122715765,6.85,7.21
MA-7164-I-19,RIO ITAPECURU,6.0,PH,1,6.49,6.49,,6.49,6.49
MA-7164-I-19,RIO ITAPECURU,7.0,PH,2,7.125,7.125,0.45961940777125615,6.8,7.45
MA-7164-I-19,RIO ITAPECURU,8.0,PH,2,6.775,6.775,2.2980970388562794,5.15,8.4
MA-7164-I-19,RIO ITAPECURU,9.0,PH,2,7.12,7.12,0.3676955262170044,6.86,7.38
MA-7164-I-19,RIO ITAPECURU,10.0,PH,2,5.625,5.625,2.1001071401240465,4.14,7.11
MA-7164-I-19,RIO ITAPECURU,,PH,2,7.0649999999999995,7.0649999999999995,0.643467170879758,6.61,7.52
MA-7181-I-1,RIO ITAPECURU,1.0,PH,1,6.82,6.82,,6.82,6.82
MA-7181-I-1,RIO ITAPECURU,2.0,PH,2,7.630000000000001,7.630000000000001,1.527350647362943,6.55,8.71
MA-7181-I-1,RIO ITAPECURU,3.0,PH,2,7.09,7.09,1.2869343417595167,6.18,8.0
MA-7181-I-1,RIO ITAPECURU,4.0,PH,2,7.529999999999999,7.529999999999999,0.38183766184073603,7.26,7.8
MA-7181-I-1,RIO ITAPECURU,5.0,PH,2,7.5600000000000005,7.5600000000000005,0.1697056274847706,7.44,7.68
MA-7181-I-1,RIO ITAPECURU,6.0,PH,1,6.3,6.3,,6.3,6.3
MA-7181-I-1,RIO ITAPECURU,7.0,PH,2,6.95,6.95,0.16970562748477155,6.83,7.07
MA-7181-I-1,RIO ITAPECURU,8.0,PH,2,6.93,6.93,2.5314422766478404,5.14,8.72
MA-7181-I-1,RIO ITAPECURU,9.0,PH,2,7.18,7.18,0.24041630560342606,7.01,7.35
MA-7181-I-1,RIO ITAPECURU,10.0,PH,2,5.68,5.68,2.149604614807105,4.16,7.2
MA-7181-I-1,RIO ITAPECURU,,PH,2,7.319999999999999,7.319999999999999,1.0182337649086282,6.6,8.04
MA-7181-I-2,RIO ITAPECURU,1.0,PH,1,5.59,5.59,,5.59,5.59
MA-7181-I-2,RIO ITAPECURU,2.0,PH,2,4.550000000000001,4.550000000000001,0.1414213562373093,4.45,4.65
MA-7181-I-2,RIO ITAPECURU,3.0,PH,2,6.435,6.435,0.23334523779156074,6.27,6.6
MA-7181-I-2,RIO ITAPECURU,4.0,PH,2,6.645,6.645,0.6717514421272206,6.17,7.12
MA-7181-I-2,RIO ITAPECURU,5.0,PH,2,7.425,7.425,0.049497474683058526,7.39,7.46
MA-7181-I-2,RIO ITAPECURU,6.0,PH,1,6.33,6.33,,6.33,6.33
MA-7181-I-2,RIO ITAPECURU,7.0,PH,2,7.015000000000001,7.015000000000001,0.3323401871576775,6.78,7.25
MA-7181-I-2,RIO ITAPECURU,8.0,PH,2,6.3149999999999995,6.3149999999999995,1.689985207035848,5.12,7.51
MA-7181-I-2,RIO ITAPECURU,9.0,PH,2,7.37,7.37,0.5091168824543147,7.01,7.73
MA-7181-I-2,RIO ITAPECURU,10.0,PH,2,5.475,5.475,1.8596908345206202,4.16,6.79
MA-7181-I-2,RIO ITAPECURU,,PH,2,6.98,6.98,1.5556349186104044,5.88,8.08
MA-7181-I-3,RIO ITAPECURU,1.0,PH,1,7.26,7.26,,7.26,7.26
MA-7181-I-3,RIO ITAPECURU,2.0,PH,2,7.324999999999999,7.324999999999999,1.096015510839149,6.55,8.1
MA-7181-I-3,RIO ITAPECURU,3.0,PH,2,7.845,7.845,0.8414570696119912,7.25,8.44
MA-7181-I-3,RIO ITAPECURU,4.0,PH,2,7.395,7.395,0.40305086527633194,7.11,7.68
MA-7181-I-3,RIO ITAPECURU,5.0,PH,2,7.244999999999999,7.244999999999999,0.5586143571373728,6.85,7.64
MA-7181-I-3,RIO ITAPECURU,6.0,PH,1,6.41,6.41,,6.41,6.41
MA-7181-I-3,RIO ITAPECURU,7.0,PH,2,6.965,6.965,0.10606601717798238,6.89,7.04
MA-7181-I-3,RIO ITAPECURU,8.0,PH,2,6.955,6.955,2.4960869375885126,5.19,8.72
MA-7181-I-3,RIO ITAPECURU,9.0,PH,2,7.275,7.275,0.23334523779156074,7.11,7.44
MA-7181-I-3,RIO ITAPECURU,10.0,PH,2,5.675,5.675,2.1849599538664317,4.13,7.22
MA-7181-I-3,RIO ITAPECURU,,PH,2,6.984999999999999,6.984999999999999,1.1101576464628795,6.2,7.77
MA-7181-I-4,RIO ITAPECURU,4.0,PH,2,6.96,6.96,0.537401153701776,6.58,7.34
MA-7181-I-4,RIO ITAPECURU,5.0,PH,2,7.695,7.695,0.13435028842544464,7.6,7.79
MA-7181-I-4,RIO ITAPECURU,6.0,PH,1,6.4,6.4,,6.4,6.4
MA-7181-I-4,RIO ITAPECURU,7.0,PH,2,7.050000000000001,7.050000000000001,0.43840620433565985,6.74,7.36
MA-7181-I-4,RIO ITAPECURU,8.0,PH,2,6.765000000000001,6.765000000000001,0.7424621202458751,6.24,7.29
MA-7181-I-4,RIO ITAPECURU,9.0,PH,2,7.3,7.3,0.39597979746446693,7.02,7.58
MA-7181-I-4,RIO ITAPECURU,10.0,PH,2,5.575,5.575,2.0011121907579295,4.16,6.99
MA-7181-I-4,RIO ITAPECURU,,PH,2,7.315,7.315,1.294005409571382,6.4,8.23
MA-7182-I-2,RIO PERITORO,4.0,PH,2,6.859999999999999,6.859999999999999,0.01414213562373159,6.85,6.87
MA-7182-I-2,RIO PERITORO,5.0,PH,2,6.7,6.7,0.5939696961966998,6.28,7.12
MA-7182-I-2,RIO PERITORO,6.0,PH,2,7.0,7.0,0.2545584412271567,6.82,7.18
MA-7182-I-2,RIO PERITORO,7.0,PH,2,6.734999999999999,6.734999999999999,0.4030508652763313,6.45,7.02
MA-7182-I-2,RIO PERITORO,8.0,PH,2,6.785,6.785,0.19091883092036754,6.65,6.92
MA-7182-I-2,RIO PERITORO,9.0,PH,2,7.055,7.055,0.06363961030678918,7.01,7.1
MA-7182-I-2,RIO PERITORO,10.0,PH,2,5.3,5.3,1.9233304448274096,3.94,6.66
MA-7182-I-2,RIO PERITORO,,PH,1,6.7,6.7,,6.7,6.7
MA-7182-I-3,RIO PERITORO,4.0,PH,2,7.225,7.225,0.3747665940288707,6.96,7.49
MA-7182-I-3,RIO PERITORO,5.0,PH,1,8.0,8.0,,8.0,8.0
MA-7182-I-3,RIO PERITORO,6.0,PH,2,8.04,8.04,1.2586500705120536,7.15,8.93
MA-7182-I-3,RIO PERITORO,7.0,PH,2,6.78,6.78,0.4242640687119283,6.48,7.08
MA-7182-I-3,RIO PERITORO,8.0,PH,2,6.535,6.535,0.5444722215136413,6.15,6.92
MA-7182-I-3,RIO PERITORO,9.0,PH,2,7.09,7.09,0.2262741699796954,6.93,7.25
MA-7182-I-3,RIO PERITORO,10.0,PH,2,5.225,5.225,1.7889801564019658,3.96,6.49
MA-7182-I-3,RIO PERITORO,,PH,1,7.55,7.55,,7.55,7.55
MA-7183-I-3,RIO ITAPECURU,3.0,PH,2,7.76,7.76,0.25455844122715704,7.58,7.94
MA-7183-I-3,RIO ITAPECURU,4.0,PH,2,7.404999999999999,7.404999999999999,0.21920310216782976,7.25,7.56
MA-7183-I-3,RIO ITAPECURU,6.0,PH,2,7.68,7.68,0.2262741699796954,7.52,7.84
MA-7183-I-3,RIO ITAPECURU,7.0,PH,2,7.135,7.135,0.09192388155425078,7.07,7.2
MA-7183-I-3,RIO ITAPECURU,8.0,PH,2,7.25,7.25,0.7495331880577407,6.72,7.78
MA-7183-I-3,RIO ITAPECURU,9.0,PH,2,7.505,7.505,0.12020815280171303,7.42,7.59
MA-7183-I-3,RIO ITAPECURU,10.0,PH,2,5.505,5.505,2.170817818242701,3.97,7.04
MA-7183-I-4,RIO ITAPECURU,3.0,PH,2,7.445,7.445,0.2050609665440991,7.3,7.59
MA-7183-I-4,RIO ITAPECURU,4.0,PH,2,7.4350000000000005,7.4350000000000005,0.3747665940288701,7.17,7.7
MA-7183-I-4,RIO ITAPECURU,5.0,PH,2,7.965,7.965,0.8838834764831844,7.34,8.59
MA-7183-I-4,RIO ITAPECURU,6.0,PH,2,8.024999999999999,8.024999999999999,0.0212132034355966,8.01,8.04
MA-7183-I-4,RIO ITAPECURU,7.0,PH,2,7.15,7.15,0.1272792206135793,7.06,7.24
MA-7183-I-4,RIO ITAPECURU,8.0,PH,2,7.16,7.16,0.6505382386916236,6.7,7.62
MA-7183-I-4,RIO ITAPECURU,9.0,PH,2,7.32,7.32,0.07071067811865482,7.27,7.37
MA-7183-I-4,RIO ITAPECURU,10.0,PH,2,5.265000000000001,5.265000000000001,1.845548698896889,3.96,6.57
MA-7184-I-1,RIO CODOZINHO,7.0,PH,2,6.54,6.54,0.08485281374238515,6.48,6.6
MA-7184-I-1,RIO CODOZINHO,8.0,PH,2,6.38,6.38,0.16970562748477155,6.26,6.5
MA-7184-I-1,RIO CODOZINHO,9.0,PH,1,6.38,6.38,,6.38,6.38
MA-7184-I-1,RIO CODOZINHO,10.0,PH,1,5.82,5.82,,5.82,5.82
MA-7185-I-1,RIACHO PERITORO,3.0,PH,1,9.05,9.05,,9.05,9.05
MA-7185-I-1,RIACHO PERITORO,4.0,PH,2,6.85,6.85,0.32526911934581154,6.62,7.08
MA-7185-I-1,RIACHO PERITORO,6.0,PH,2,7.1899999999999995,7.1899999999999995,0.48083261120685306,6.85,7.53
MA-7185-I-1,RIACHO PERITORO,7.0,PH,2,6.645,6.645,0.2899137802864836,6.44,6.85
MA-7185-I-1,RIACHO PERITORO,8.0,PH,2,6.96,6.96,0.16970562748477155,6.84,7.08
MA-7185-I-1,RIACHO PERITORO,9.0,PH,2,7.21,7.21,0.5939696961966998,6.79,7.63
MA-7185-I-1,RIACHO PERITORO,10.0,PH,2,5.305,5.305,1.916259377015544,3.95,6.66
MA-7185-I-1,RIACHO PERITORO,,PH,2,6.275,6.275,1.0394469683442251,5.54,7.01
MA-7185-I-10,RIO ITAPECURU,3.0,PH,2,6.975,6.975,0.134350288425444,6.88,7.07
MA-7185-I-10,RIO ITAPECURU,4.0,PH,2,7.425000000000001,7.425000000000001,0.03535533905932694,7.4,7.45
MA-7185-I-10,RIO ITAPECURU,6.0,PH,2,7.33,7.33,0.3535533905932738,7.08,7.58
MA-7185-I-10,RIO ITAPECURU,7.0,PH,2,6.945,6.945,0.10606601717798207,6.87,7.02
MA-7185-I-10,RIO ITAPECURU,8.0,PH,2,6.5,6.5,0.9475230867899735,5.83,7.17
MA-7185-I-10,RIO ITAPECURU,9.0,PH,2,6.62,6.62,0.0424264068711932,6.59,6.65
MA-7185-I-10,RIO ITAPECURU,10.0,PH,2,6.8100000000000005,6.8100000000000005,0.09899494936611673,6.74,6.88
MA-7185-I-11,RIO ITAPECURU,3.0,PH,2,7.135,7.135,0.03535533905932756,7.11,7.16
MA-7185-I-11,RIO ITAPECURU,4.0,PH,2,7.295,7.295,0.1343502884254437,7.2,7.39
MA-7185-I-11,RIO ITAPECURU,5.0,PH,2,7.095000000000001,7.095000000000001,0.261629509039023,6.91,7.28
MA-7185-I-11,RIO ITAPECURU,6.0,PH,2,7.225,7.225,0.41719300090006295,6.93,7.52
MA-7185-I-11,RIO ITAPECURU,7.0,PH,2,7.220000000000001,7.220000000000001,0.2121320343559638,7.07,7.37
MA-7185-I-11,RIO ITAPECURU,8.0,PH,2,6.55,6.55,0.9475230867899735,5.88,7.22
MA-7185-I-11,RIO ITAPECURU,9.0,PH,2,6.375,6.375,0.021213203435595972,6.36,6.39
MA-7185-I-11,RIO ITAPECURU,10.0,PH,2,6.654999999999999,6.654999999999999,0.2616295090390223,6.47,6.84
MA-7185-I-12,RIO ITAPECURU,3.0,PH,2,6.785,6.785,0.2050609665440991,6.64,6.93
MA-7185-I-12,RIO ITAPECURU,4.0,PH,2,7.425000000000001,7.425000000000001,0.021213203435596916,7.41,7.44
MA-7185-I-12,RIO ITAPECURU,5.0,PH,2,6.4399999999999995,6.4399999999999995,1.1313708498984762,5.64,7.24
MA-7185-I-12,RIO ITAPECURU,6.0,PH,2,7.35,7.35,0.0848528137423861,7.29,7.41
MA-7185-I-12,RIO ITAPECURU,7.0,PH,2,7.1899999999999995,7.1899999999999995,0.1555634918610406,7.08,7.3
MA-7185-I-12,RIO ITAPECURU,8.0,PH,2,6.79,6.79,0.6081118318204305,6.36,7.22
MA-7185-I-12,RIO ITAPECURU,9.0,PH,2,6.745,6.745,0.07778174593051983,6.69,6.8
MA-7185-I-12,RIO ITAPECURU,10.0,PH,2,7.005,7.005,0.45961940777125615,6.68,7.33
MA-7185-I-3,RIO TAPUIO,2.0,PH,2,5.654999999999999,5.654999999999999,2.0859650045003155,4.18,7.13
MA-7185-I-3,RIO TAPUIO,3.0,PH,2,6.880000000000001,6.880000000000001,0.8485281374238575,6.28,7.48
MA-7185-I-3,RIO TAPUIO,4.0,PH,2,5.98,5.98,0.8909545442950506,5.35,6.61
MA-7185-I-3,RIO TAPUIO,5.0,PH,2,5.82,5.82,2.2061731573020285,4.26,7.38
MA-7185-I-3,RIO TAPUIO,6.0,PH,2,6.4,6.4,0.31112698372208086,6.18,6.62
MA-7185-I-3,RIO TAPUIO,7.0,PH,1,6.64,6.64,,6.64,6.64
MA-7185-I-3,RIO TAPUIO,8.0,PH,1,7.21,7.21,,7.21,7.21
MA-7185-I-3,RIO TAPUIO,9.0,PH,2,6.955,6.955,0.049497474683058526,6.92,6.99
MA-7185-I-3,RIO TAPUIO,10.0,PH,2,6.98,6.98,0.11313708498984676,6.9,7.06
MA-7185-I-3,RIO TAPUIO,,PH,1,7.25,7.25,,7.25,7.25
MA-7185-I-5,RIO PIRAPEMAS,3.0,PH,2,6.93,6.93,0.5232590180780453,6.56,7.3
MA-7185-I-5,RIO PIRAPEMAS,4.0,PH,2,6.465,6.465,0.049497474683058526,6.43,6.5
MA-7185-I-5,RIO PIRAPEMAS,5.0,PH,2,7.135,7.135,0.2616295090390223,6.95,7.32
MA-7185-I-5,RIO PIRAPEMAS,6.0,PH,2,6.539999999999999,6.539999999999999,0.028284271247461613,6.52,6.56
MA-7185-I-5,RIO PIRAPEMAS,7.0,PH,2,6.375,6.375,0.34648232278140845,6.13,6.62
MA-7185-I-5,RIO PIRAPEMAS,8.0,PH,2,6.635,6.635,0.19091883092036754,6.5,6.77
MA-7185-I-5,RIO PIRAPEMAS,9.0,PH,2,7.145,7.145,0.14849242404917465,7.04,7.25
MA-7185-I-5,RIO PIRAPEMAS,10.0,PH,2,5.99,5.99,0.6222539674441614,5.55,6.43
MA-7185-I-6,RIO ITAPECURU,7.0,PH,2,7.035,7.035,0.049497474683058526,7.0,7.07
MA-7185-I-6,RIO ITAPECURU,8.0,PH,1,6.92,6.92,,6.92,6.92
MA-7185-I-6,RIO ITAPECURU,9.0,PH,2,6.890000000000001,6.890000000000001,0.02828427124746224,6.87,6.91
MA-7185-I-6,RIO ITAPECURU,10.0,PH,2,6.695,6.695,1.053589103967956,5.95,7.44
MA-7185-I-7,RIO ITAPECURU,3.0,PH,2,7.154999999999999,7.154999999999999,0.07778174593052013,7.1,7.21
MA-7185-I-7,RIO ITAPECURU,4.0,PH,2,7.359999999999999,7.359999999999999,0.014142135623730963,7.35,7.37
MA-7185-I-7,RIO ITAPECURU,6.0,PH,2,7.55,7.55,0.12727922061357835,7.46,7.64
MA-7185-I-7,RIO ITAPECURU,7.0,PH,2,7.585,7.585,0.44547727214752547,7.27,7.9
MA-7185-I-7,RIO ITAPECURU,8.0,PH,2,6.975,6.975,0.41719300090006295,6.68,7.27
MA-7185-I-7,RIO ITAPECURU,9.0,PH,1,7.28,7.28,,7.28,7.28
MA-7185-I-7,RIO ITAPECURU,10.0,PH,2,5.375,5.375,1.9728279195104672,3.98,6.77
MA-7185-I-8,RIO ITAPECURU,5.0,PH,2,6.75,6.75,0.0,6.75,6.75
MA-7185-I-8,RIO ITAPECURU,6.0,PH,2,7.18,7.18,0.33941125496954283,6.94,7.42
MA-7185-I-8,RIO ITAPECURU,7.0,PH,2,7.215,7.215,0.16263455967290624,7.1,7.33
MA-7185-I-8,RIO ITAPECURU,8.0,PH,1,7.25,7.25,,7.25,7.25
MA-7185-I-8,RIO ITAPECURU,9.0,PH,2,6.785,6.785,0.23334523779156074,6.62,6.95
MA-7185-I-8,RIO ITAPECURU,10.0,PH,2,6.87,6.87,0.24041630560342606,6.7,7.04
MA-7185-I-9,RIO ITAPECURU,5.0,PH,2,7.885,7.885,0.8131727983645302,7.31,8.46
MA-7185-I-9,RIO ITAPECURU,6.0,PH,2,6.975,6.975,0.5303300858899106,6.6,7.35
MA-7187-I-1,RIO ITAPECURU,,PH,2,6.695,6.695,0.6434671708797584,6.24,7.15
MA-7187-I-11,RIO ITAPECURU,10.0,PH,1,6.51,6.51,,6.51,6.51
MA-7187-I-2,RIO ITAPECURU,10.0,PH,1,6.62,6.62,,6.62,6.62
MA-7187-I-4,RIO ALPERCATAS,10.0,PH,1,6.14,6.14,,6.14,6.14
MA-7187-I-4,RIO ITAPECURU,,PH,2,6.885,6.885,0.34648232278140845,6.64,7.13
MA-7189-I-4,RIO ITAPECURU,10.0,PH,1,6.34,6.34,,6.34,6.34
MA-7191-IE-4,RIO ITAPECURU,1.0,PH,1,8.29,8.29,,8.29,8.29
MA-7191-IE-4,RIO ITAPECURU,2.0,PH,2,4.0,4.0,0.8626702730475883,3.39,4.61
MA-7191-IE-4,RIO ITAPECURU,3.0,PH,2,7.755,7.755,0.2192031021678301,7.6,7.91
MA-7191-IE-4,RIO ITAPECURU,4.0,PH,2,6.895,6.895,0.5727564927611035,6.49,7.3
MA-7191-IE-4,RIO ITAPECURU,5.0,PH,2,7.87,7.87,0.0424264068711932,7.84,7.9
MA-7191-IE-4,RIO ITAPECURU,6.0,PH,1,6.02,6.02,,6.02,6.02
MA-7191-IE-4,RIO ITAPECURU,7.0,PH,2,7.3,7.3,0.6646803743153543,6.83,7.77
MA-7191-IE-4,RIO ITAPECURU,8.0,PH,2,6.57,6.57,2.0647518010647183,5.11,8.03
MA-7191-IE-4,RIO ITAPECURU,9.0,PH,2,7.75,7.75,0.5091168824543137,7.39,8.11
MA-7191-IE-4,RIO ITAPECURU,10.0,PH,2,6.195,6.195,2.8496403281817875,4.18,8.21
MA-7191-IE-4,RIO ITAPECURU,,PH,2,6.75,6.75,0.5656854249492386,6.35,7.15
MA-7199-I-1,RIO ITAPECURU,10.0,PH,1,5.72,5.72,,5.72,5.72
MA-7164-I-19,RIO ITAPECURU,1.0,OXIGENIO_DISSOLVIDO,1,7.6,7.6,,7.6,7.6
MA-7164-I-19,RIO ITAPECURU,2.0,OXIGENIO_DISSOLVIDO,2,6.879999999999999,6.879999999999999,1.7536248173426379,5.64,8.12
MA-7164-I-19,RIO ITAPECURU,3.0,OXIGENIO_DISSOLVIDO,2,7.130000000000001,7.130000000000001,1.5414927829866742,6.04,8.22
MA-7164-I-19,RIO ITAPECURU,4.0,OXIGENIO_DISSOLVIDO,2,7.15,7.15,0.49497474683058307,6.8,7.5
MA-7164-I-19,RIO ITAPECURU,6.0,OXIGENIO_DISSOLVIDO,1,5.48,5.48,,5.48,5.48
MA-7164-I-19,RIO ITAPECURU,7.0,OXIGENIO_DISSOLVIDO,2,6.275,6.275,0.6010407640085661,5.85,6.7
MA-7164-I-19,RIO ITAPECURU,8.0,OXIGENIO_DISSOLVIDO,2,8.265,8.265,0.572756492761103,7.86,8.67
MA-7164-I-19,RIO ITAPECURU,9.0,OXIGENIO_DISSOLVIDO,2,7.18,7.18,0.3535533905932738,6.93,7.43
MA-7164-I-19,RIO ITAPECURU,10.0,OXIGENIO_DISSOLVIDO,2,6.38,6.38,1.315218613006978,5.45,7.31
MA-7164-I-19,RIO ITAPECURU,,OXIGENIO_DISSOLVIDO,2,6.699999999999999,6.699999999999999,0.49497474683058373,6.35,7.05
MA-7181-I-1,RIO ITAPECURU,1.0,OXIGENIO_DISSOLVIDO,1,7.45,7.45,,7.45,7.45
MA-7181-I-1,RIO ITAPECURU,2.0,OXIGENIO_DISSOLVIDO,2,7.6450000000000005,7.6450000000000005,2.9344931419241727,5.57,9.72
MA-7181-I-1,RIO ITAPECURU,3.0,OXIGENIO_DISSOLVIDO,2,6.765000000000001,6.765000000000001,1.5768481220460009,5.65,7.88
MA-7181-I-1,RIO ITAPECURU,4.0,OXIGENIO_DISSOLVIDO,2,7.085,7.085,0.45961940777125615,6.76,7.41
MA-7181-I-1,RIO ITAPECURU,5.0,OXIGENIO_DISSOLVIDO,2,7.35,7.35,0.4242640687119292,7.05,7.65
MA-7181-I-1,RIO ITAPECURU,6.0,OXIGENIO_DISSOLVIDO,1,5.26,5.26,,5.26,5.26
MA-7181-I-1,RIO ITAPECURU,7.0,OXIGENIO_DISSOLVIDO,1,6.48,6.48,,6.48,6.48
MA-7181-I-1,RIO ITAPECURU,8.0,OXIGENIO_DISSOLVIDO,2,8.51,8.51,0.2262741699796954,8.35,8.67
MA-7181-I-1,RIO ITAPECURU,9.0,OXIGENIO_DISSOLVIDO,2,7.715,7.715,0.1767766952966369,7.59,7.84
MA-7181-I-1,RIO ITAPECURU,10.0,OXIGENIO_DISSOLVIDO,2,6.585,6.585,1.435426765808691,5.57,7.6
MA-7181-I-1,RIO ITAPECURU,,OXIGENIO_DISSOLVIDO,2,6.955,6.955,0.7424621202458754,6.43,7.48
MA-7181-I-2,RIO ITAPECURU,1.0,OXIGENIO_DISSOLVIDO,1,6.32,6.32,,6.32,6.32
MA-7181-I-2,RIO ITAPECURU,2.0,OXIGENIO_DISSOLVIDO,2,6.855,6.855,0.770746391493337,6.31,7.4
MA-7181-I-2,RIO ITAPECURU,3.0,OXIGENIO_DISSOLVIDO,2,6.050000000000001,6.050000000000001,0.1414213562373093,5.95,6.15
MA-7181-I-2,RIO ITAPECURU,4.0,OXIGENIO_DISSOLVIDO,2,6.705,6.705,1.4778531726798843,5.66,7.75
MA-7181-I-2,RIO ITAPECURU,5.0,OXIGENIO_DISSOLVIDO,2,6.95,6.95,0.0424264068711932,6.92,6.98
MA-7181-I-2,RIO ITAPECURU,6.0,OXIGENIO_DISSOLVIDO,1,5.1,5.1,,5.1,5.1
MA-7181-I-2,RIO ITAPECURU,7.0,OXIGENIO_DISSOLVIDO,2,6.585,6.585,0.6717514421272196,6.11,7.06
MA-7181-I-2,RIO ITAPECURU,8.0,OXIGENIO_DISSOLVIDO,2,7.575,7.575,1.5485638507985389,6.48,8.67
MA-7181-I-2,RIO ITAPECURU,9.0,OXIGENIO_DISSOLVIDO,2,8.280000000000001,8.280000000000001,0.5232590180780446,7.91,8.65
MA-7181-I-2,RIO ITAPECURU,10.0,OXIGENIO_DISSOLVIDO,1,7.43,7.43,,7.43,7.43
MA-7181-I-2,RIO ITAPECURU,,OXIGENIO_DISSOLVIDO,2,6.25,6.25,1.3010764773832473,5.33,7.17
MA-7181-I-3,RIO ITAPECURU,1.0,OXIGENIO_DISSOLVIDO,1,7.29,7.29,,7.29,7.29
MA-7181-I-3,RIO ITAPECURU,2.0,OXIGENIO_DISSOLVIDO,2,7.15,7.15,2.107178207935912,5.66,8.64
MA-7181-I-3,RIO ITAPECURU,3.0,OXIGENIO_DISSOLVIDO,2,7.290000000000001,7.290000000000001,1.4283556979968266,6.28,8.3
MA-7181-I-3,RIO ITAPECURU,4.0,OXIGENIO_DISSOLVIDO,2,7.15,7.15,0.49497474683058307,6.8,7.5
MA-7181-I-3,RIO ITAPECURU,5.0,OXIGENIO_DISSOLVIDO,2,7.465,7.465,0.16263455967290624,7.35,7.58
MA-7181-I-3,RIO ITAPECURU,6.0,OXIGENIO_DISSOLVIDO,1,5.35,5.35,,5.35,5.35
MA-7181-I-3,RIO ITAPECURU,7.0,OXIGENIO_DISSOLVIDO,2,6.48,6.48,0.28284271247461895,6.28,6.68
MA-7181-I-3,RIO ITAPECURU,8.0,OXIGENIO_DISSOLVIDO,2,8.475,8.475,0.30405591591021525,8.26,8.69
MA-7181-I-3,RIO ITAPECURU,9.0,OXIGENIO_DISSOLVIDO,2,7.635,7.635,0.5303300858899106,7.26,8.01
MA-7181-I-3,RIO ITAPECURU,10.0,OXIGENIO_DISSOLVIDO,2,6.635,6.635,1.1950104602052658,5.79,7.48
MA-7181-I-3,RIO ITAPECURU,,OXIGENIO_DISSOLVIDO,2,6.779999999999999,6.779999999999999,1.3293607486307095,5.84,7.72
MA-7181-I-4,RIO ITAPECURU,4.0,OXIGENIO_DISSOLVIDO,2,6.4,6.4,1.1172287142747452,5.61,7.19
MA-7181-I-4,RIO ITAPECURU,5.0,OXIGENIO_DISSOLVIDO,2,7.255,7.255,0.6434671708797584,6.8,7.71
MA-7181-I-4,RIO ITAPECURU,6.0,OXIGENIO_DISSOLVIDO,1,5.07,5.07,,5.07,5.07
MA-7181-I-4,RIO ITAPECURU,7.0,OXIGENIO_DISSOLVIDO,2,6.34,6.34,0.7495331880577407,5.81,6.87
MA-7181-I-4,RIO ITAPECURU,8.0,OXIGENIO_DISSOLVIDO,2,7.555,7.555,1.4354267658086919,6.54,8.57
MA-7181-I-4,RIO ITAPECURU,9.0,OXIGENIO_DISSOLVIDO,2,7.17,7.17,0.2262741699796954,7.01,7.33
MA-7181-I-4,RIO ITAPECURU,10.0,OXIGENIO_DISSOLVIDO,2,5.9,5.9,0.933380951166242,5.24,6.56
MA-7181-I-4,RIO ITAPECURU,,OXIGENIO_DISSOLVIDO,2,6.119999999999999,6.119999999999999,0.43840620433565985,5.81,6.43
MA-7182-I-2,RIO PERITORO,4.0,OXIGENIO_DISSOLVIDO,2,5.675000000000001,5.675000000000001,0.7424621202458751,5.15,6.2
MA-7182-I-2,RIO PERITORO,5.0,OXIGENIO_DISSOLVIDO,2,3.39,3.39,1.4990663761154808,2.33,4.45
MA-7182-I-2,RIO PERITORO,6.0,OXIGENIO_DISSOLVIDO,2,5.895,5.895,0.9121677477306467,5.25,6.54
MA-7182-I-2,RIO PERITORO,7.0,OXIGENIO_DISSOLVIDO,2,4.655,4.655,0.40305086527633227,4.37,4.94
MA-7182-I-2,RIO PERITORO,8.0,OXIGENIO_DISSOLVIDO,2,5.785,5.785,0.5303300858899106,5.41,6.16
MA-7182-I-2,RIO PERITORO,9.0,OXIGENIO_DISSOLVIDO,2,5.199999999999999,5.199999999999999,0.8061017305526637,4.63,5.77
MA-7182-I-2,RIO PERITORO,10.0,OXIGENIO_DISSOLVIDO,2,5.545,5.545,0.5444722215136413,5.16,5.93
MA-7182-I-2,RIO PERITORO,,OXIGENIO_DISSOLVIDO,1,5.73,5.73,,5.73,5.73
MA-7182-I-3,RIO PERITORO,4.0,OXIGENIO_DISSOLVIDO,2,6.3149999999999995,6.3149999999999995,0.4313351365237945,6.01,6.62
MA-7182-I-3,RIO PERITORO,5.0,OXIGENIO_DISSOLVIDO,1,7.22,7.22,,7.22,7.22
MA-7182-I-3,RIO PERITORO,6.0,OXIGENIO_DISSOLVIDO,2,8.04,8.04,2.107178207935911,6.55,9.53
MA-7182-I-3,RIO PERITORO,7.0,OXIGENIO_DISSOLVIDO,1,5.85,5.85,,5.85,5.85
MA-7182-I-3,RIO PERITORO,8.0,OXIGENIO_DISSOLVIDO,2,6.26,6.26,0.1131370849898477,6.18,6.34
MA-7182-I-3,RIO PERITORO,9.0,OXIGENIO_DISSOLVIDO,2,6.275,6.275,0.06363961030678918,6.23,6.32
MA-7182-I-3,RIO PERITORO,10.0,OXIGENIO_DISSOLVIDO,2,5.8149999999999995,5.8149999999999995,0.21920310216782976,5.66,5.97
MA-7182-I-3,RIO PERITORO,,OXIGENIO_DISSOLVIDO,1,5.5,5.5,,5.5,5.5
MA-7183-I-3,RIO ITAPECURU,3.0,OXIGENIO_DISSOLVIDO,2,8.295,8.295,0.03535533905932788,8.27,8.32
MA-7183-I-3,RIO ITAPECURU,4.0,OXIGENIO_DISSOLVIDO,2,7.65,7.65,0.9758073580374352,6.96,8.34
MA-7183-I-3,RIO ITAPECURU,6.0,OXIGENIO_DISSOLVIDO,2,8.184999999999999,8.184999999999999,0.2050609665440988,8.04,8.33
MA-7183-I-3,RIO ITAPECURU,7.0,OXIGENIO_DISSOLVIDO,2,6.505,6.505,0.7566042558696061,5.97,7.04
MA-7183-I-3,RIO ITAPECURU,8.0,OXIGENIO_DISSOLVIDO,2,8.059999999999999,8.059999999999999,1.032375900532358,7.33,8.79
MA-7183-I-3,RIO ITAPECURU,9.0,OXIGENIO_DISSOLVIDO,2,7.9350000000000005,7.9350000000000005,0.770746391493337,7.39,8.48
MA-7183-I-3,RIO ITAPECURU,10.0,OXIGENIO_DISSOLVIDO,2,7.645,7.645,0.7283199846221444,7.13,8.16
MA-7183-I-4,RIO ITAPECURU,3.0,OXIGENIO_DISSOLVIDO,2,7.79,7.79,0.2687005768508886,7.6,7.98
MA-7183-I-4,RIO ITAPECURU,4.0,OXIGENIO_DISSOLVIDO,2,7.5600000000000005,7.5600000000000005,0.8626702730475875,6.95,8.17
MA-7183-I-4,RIO ITAPECURU,5.0,OXIGENIO_DISSOLVIDO,2,8.115,8.115,0.3606244584051388,7.86,8.37
MA-7183-I-4,RIO ITAPECURU,6.0,OXIGENIO_DISSOLVIDO,2,8.3,8.3,0.05656854249492448,8.26,8.34
MA-7183-I-4,RIO ITAPECURU,7.0,OXIGENIO_DISSOLVIDO,1,6.93,6.93,,6.93,6.93
MA-7183-I-4,RIO ITAPECURU,8.0,OXIGENIO_DISSOLVIDO,2,7.805,7.805,1.6192745289171933,6.66,8.95
MA-7183-I-4,RIO ITAPECURU,9.0,OXIGENIO_DISSOLVIDO,2,7.785,7.785,0.5444722215136413,7.4,8.17
MA-7183-I-4,RIO ITAPECURU,10.0,OXIGENIO_DISSOLVIDO,2,7.8100000000000005,7.8100000000000005,0.8485281374238568,7.21,8.41
MA-7184-I-1,RIO CODOZINHO,7.0,OXIGENIO_DISSOLVIDO,2,2.84,2.84,1.7677669529663689,1.59,4.09
MA-7184-I-1,RIO CODOZINHO,8.0,OXIGENIO_DISSOLVIDO,2,2.88,2.88,0.9050966799187808,2.24,3.52
MA-7184-I-1,RIO CODOZINHO,9.0,OXIGENIO_DISSOLVIDO,1,1.98,1.98,,1.98,1.98
MA-7184-I-1,RIO CODOZINHO,10.0,OXIGENIO_DISSOLVIDO,1,3.02,3.02,,3.02,3.02
MA-7185-I-1,RIACHO PERITORO,3.0,OXIGENIO_DISSOLVIDO,1,10.8,10.8,,10.8,10.8
MA-7185-I-1,RIACHO PERITORO,4.0,OXIGENIO_DISSOLVIDO,2,6.15,6.15,0.5374011537017769,5.77,6.53
MA-7185-I-1,RIACHO PERITORO,6.0,OXIGENIO_DISSOLVIDO,2,5.9,5.9,1.1455129855222068,5.09,6.71
MA-7185-I-1,RIACHO PERITORO,7.0,OXIGENIO_DISSOLVIDO,2,5.025,5.025,0.8414570696119921,4.43,5.62
MA-7185-I-1,RIACHO PERITORO,8.0,OXIGENIO_DISSOLVIDO,2,6.63,6.63,0.2545584412271567,6.45,6.81
MA-7185-I-1,RIACHO PERITORO,9.0,OXIGENIO_DISSOLVIDO,2,6.359999999999999,6.359999999999999,0.19798989873223316,6.22,6.5
MA-7185-I-1,RIACHO PERITORO,10.0,OXIGENIO_DISSOLVIDO,2,5.795,5.795,0.16263455967290624,5.68,5.91
MA-7185-I-1,RIACHO PERITORO,,OXIGENIO_DISSOLVIDO,2,6.4399999999999995,6.4399999999999995,0.5091168824543144,6.08,6.8
MA-7185-I-10,RIO ITAPECURU,3.0,OXIGENIO_DISSOLVIDO,2,7.385,7.385,0.5020458146424484,7.03,7.74
MA-7185-I-10,RIO ITAPECURU,4.0,OXIGENIO_DISSOLVIDO,2,7.8149999999999995,7.8149999999999995,0.7566042558696057,7.28,8.35
MA-7185-I-10,RIO ITAPECURU,6.0,OXIGENIO_DISSOLVIDO,2,7.4399999999999995,7.4399999999999995,0.01414213562373159,7.43,7.45
MA-7185-I-10,RIO ITAPECURU,7.0,OXIGENIO_DISSOLVIDO,2,6.75,6.75,0.12727922061357835,6.66,6.84
MA-7185-I-10,RIO ITAPECURU,8.0,OXIGENIO_DISSOLVIDO,2,8.07,8.07,0.1979898987322341,7.93,8.21
MA-7185-I-10,RIO ITAPECURU,9.0,OXIGENIO_DISSOLVIDO,2,7.25,7.25,0.05656854249492385,7.21,7.29
MA-7185-I-10,RIO ITAPECURU,10.0,OXIGENIO_DISSOLVIDO,2,7.4350000000000005,7.4350000000000005,0.7990306627407984,6.87,8.0
MA-7185-I-11,RIO ITAPECURU,3.0,OXIGENIO_DISSOLVIDO,2,7.345000000000001,7.345000000000001,0.5586143571373728,6.95,7.74
MA-7185-I-11,RIO ITAPECURU,4.0,OXIGENIO_DISSOLVIDO,2,7.525,7.525,0.6858935777509506,7.04,8.01
MA-7185-I-11,RIO ITAPECURU,5.0,OXIGENIO_DISSOLVIDO,2,7.055,7.055,0.28991378028648457,6.85,7.26
MA-7185-I-11,RIO ITAPECURU,6.0,OXIGENIO_DISSOLVIDO,2,7.17,7.17,0.1131370849898477,7.09,7.25
MA-7185-I-11,RIO ITAPECURU,7.0,OXIGENIO_DISSOLVIDO,2,6.574999999999999,6.574999999999999,0.275771644662753,6.38,6.77
MA-7185-I-11,RIO ITAPECURU,8.0,OXIGENIO_DISSOLVIDO,2,7.789999999999999,7.789999999999999,0.46669047558312055,7.46,8.12
MA-7185-I-11,RIO ITAPECURU,9.0,OXIGENIO_DISSOLVIDO,2,7.195,7.195,0.1909188309203685,7.06,7.33
MA-7185-I-11,RIO ITAPECURU,10.0,OXIGENIO_DISSOLVIDO,2,7.395,7.395,0.4737615433949877,7.06,7.73
MA-7185-I-12,RIO ITAPECURU,3.0,OXIGENIO_DISSOLVIDO,2,7.485,7.485,0.12020815280171303,7.4,7.57
MA-7185-I-12,RIO ITAPECURU,4.0,OXIGENIO_DISSOLVIDO,2,7.62,7.62,0.537401153701776,7.24,8.0
MA-7185-I-12,RIO ITAPECURU,5.0,OXIGENIO_DISSOLVIDO,2,7.26,7.26,0.1838477631085022,7.13,7.39
MA-7185-I-12,RIO ITAPECURU,6.0,OXIGENIO_DISSOLVIDO,2,7.335,7.335,0.07778174593051983,7.28,7.39
MA-7185-I-12,RIO ITAPECURU,7.0,OXIGENIO_DISSOLVIDO,2,6.35,6.35,0.6646803743153546,5.88,6.82
MA-7185-I-12,RIO ITAPECURU,8.0,OXIGENIO_DISSOLVIDO,2,8.135,8.135,0.19091883092036754,8.0,8.27
MA-7185-I-12,RIO ITAPECURU,9.0,OXIGENIO_DISSOLVIDO,2,7.51,7.51,0.16970562748477155,7.39,7.63
MA-7185-I-12,RIO ITAPECURU,10.0,OXIGENIO_DISSOLVIDO,2,7.625,7.625,0.5303300858899106,7.25,8.0
MA-7185-I-3,RIO TAPUIO,2.0,OXIGENIO_DISSOLVIDO,2,3.4450000000000003,3.4450000000000003,1.8314065632731582,2.15,4.74
MA-7185-I-3,RIO TAPUIO,3.0,OXIGENIO_DISSOLVIDO,2,3.4749999999999996,3.4749999999999996,0.16263455967290577,3.36,3.59
MA-7185-I-3,RIO TAPUIO,4.0,OXIGENIO_DISSOLVIDO,1,3.29,3.29,,3.29,3.29
MA-7185-I-3,RIO TAPUIO,5.0,OXIGENIO_DISSOLVIDO,2,1.9549999999999998,1.9549999999999998,0.10606601717798207,1.88,2.03
MA-7185-I-3,RIO TAPUIO,6.0,OXIGENIO_DISSOLVIDO,2,4.609999999999999,4.609999999999999,0.43840620433565985,4.3,4.92
MA-7185-I-3,RIO TAPUIO,7.0,OXIGENIO_DISSOLVIDO,1,2.36,2.36,,2.36,2.36
MA-7185-I-3,RIO TAPUIO,8.0,OXIGENIO_DISSOLVIDO,1,4.03,4.03,,4.03,4.03
MA-7185-I-3,RIO TAPUIO,9.0,OXIGENIO_DISSOLVIDO,2,5.22,5.22,0.1838477631085022,5.09,5.35
MA-7185-I-3,RIO TAPUIO,10.0,OXIGENIO_DISSOLVIDO,2,24.315,24.315,25.717473631754736,6.13,42.5
MA-7185-I-3,RIO TAPUIO,,OXIGENIO_DISSOLVIDO,1,3.6,3.6,,3.6,3.6
MA-7185-I-5,RIO PIRAPEMAS,3.0,OXIGENIO_DISSOLVIDO,2,8.14,8.14,1.527350647362943,7.06,9.22
MA-7185-I-5,RIO PIRAPEMAS,4.0,OXIGENIO_DISSOLVIDO,2,3.7399999999999998,3.7399999999999998,0.6222539674441617,3.3,4.18
MA-7185-I-5,RIO PIRAPEMAS,5.0,OXIGENIO_DISSOLVIDO,2,7.52,7.52,0.1555634918610406,7.41,7.63
MA-7185-I-5,RIO PIRAPEMAS,6.0,OXIGENIO_DISSOLVIDO,2,6.365,6.365,1.6475588001646557,5.2,7.53
MA-7185-I-5,RIO PIRAPEMAS,7.0,OXIGENIO_DISSOLVIDO,2,5.01,5.01,2.4748737341529163,3.26,6.76
MA-7185-I-5,RIO PIRAPEMAS,8.0,OXIGENIO_DISSOLVIDO,2,7.6899999999999995,7.6899999999999995,0.36769552621700474,7.43,7.95
MA-7185-I-5,RIO PIRAPEMAS,9.0,OXIGENIO_DISSOLVIDO,2,6.64,6.64,1.5273506473629428,5.56,7.72
MA-7185-I-5,RIO PIRAPEMAS,10.0,OXIGENIO_DISSOLVIDO,2,7.345000000000001,7.345000000000001,1.0253048327204937,6.62,8.07
MA-7185-I-6,RIO ITAPECURU,7.0,OXIGENIO_DISSOLVIDO,2,5.87,5.87,1.0606601717798212,5.12,6.62
MA-7185-I-6,RIO ITAPECURU,8.0,OXIGENIO_DISSOLVIDO,1,8.15,8.15,,8.15,8.15
MA-7185-I-6,RIO ITAPECURU,9.0,OXIGENIO_DISSOLVIDO,2,7.46,7.46,0.21213203435596475,7.31,7.61
MA-7185-I-6,RIO ITAPECURU,10.0,OXIGENIO_DISSOLVIDO,2,7.51,7.51,0.3676955262170044,7.25,7.77
MA-7185-I-7,RIO ITAPECURU,3.0,OXIGENIO_DISSOLVIDO,2,7.3,7.3,0.1131370849898477,7.22,7.38
MA-7185-I-7,RIO ITAPECURU,4.0,OXIGENIO_DISSOLVIDO,2,7.595,7.595,0.8273149339882605,7.01,8.18
MA-7185-I-7,RIO ITAPECURU,6.0,OXIGENIO_DISSOLVIDO,2,7.755000000000001,7.755000000000001,0.2050609665440991,7.61,7.9
MA-7185-I-7,RIO ITAPECURU,7.0,OXIGENIO_DISSOLVIDO,2,6.88,6.88,0.2262741699796954,6.72,7.04
MA-7185-I-7,RIO ITAPECURU,8.0,OXIGENIO_DISSOLVIDO,2,8.075000000000001,8.075000000000001,0.5444722215136423,7.69,8.46
MA-7185-I-7,RIO ITAPECURU,9.0,OXIGENIO_DISSOLVIDO,1,7.52,7.52,,7.52,7.52
MA-7185-I-7,RIO ITAPECURU,10.0,OXIGENIO_DISSOLVIDO,2,7.875,7.875,0.8131727983645289,7.3,8.45
MA-7185-I-8,RIO ITAPECURU,5.0,OXIGENIO_DISSOLVIDO,2,7.17,7.17,0.0,7.17,7.17
MA-7185-I-8,RIO ITAPECURU,6.0,OXIGENIO_DISSOLVIDO,2,7.215,7.215,0.06363961030678918,7.17,7.26
MA-7185-I-8,RIO ITAPECURU,7.0,OXIGENIO_DISSOLVIDO,2,6.425,6.425,0.5303300858899106,6.05,6.8
MA-7185-I-8,RIO ITAPECURU,8.0,OXIGENIO_DISSOLVIDO,1,8.24,8.24,,8.24,8.24
MA-7185-I-8,RIO ITAPECURU,9.0,OXIGENIO_DISSOLVIDO,2,7.375,7.375,0.06363961030678918,7.33,7.42
MA-7185-I-8,RIO ITAPECURU,10.0,OXIGENIO_DISSOLVIDO,2,7.54,7.54,0.5798275605729691,7.13,7.95
MA-7185-I-9,RIO ITAPECURU,5.0,OXIGENIO_DISSOLVIDO,2,7.765000000000001,7.765000000000001,0.7707463914933377,7.22,8.31
MA-7185-I-9,RIO ITAPECURU,6.0,OXIGENIO_DISSOLVIDO,2,7.49,7.49,0.1979898987322338,7.35,7.63
MA-7187-I-1,RIO ITAPECURU,,OXIGENIO_DISSOLVIDO,2,7.635,7.635,0.5444722215136413,7.25,8.02
MA-7187-I-11,RIO ITAPECURU,10.0,OXIGENIO_DISSOLVIDO,1,7.46,7.46,,7.46,7.46
MA-7187-I-2,RIO ITAPECURU,10.0,OXIGENIO_DISSOLVIDO,1,7.54,7.54,,7.54,7.54
MA-7187-I-4,RIO ALPERCATAS,10.0,OXIGENIO_DISSOLVIDO,1,7.5,7.5,,7.5,7.5
MA-7187-I-4,RIO ITAPECURU,,OXIGENIO_DISSOLVIDO,2,7.805,7.805,0.4737615433949877,7.47,8.14
MA-7189-I-4,RIO ITAPECURU,10.0,OXIGENIO_DISSOLVIDO,1,7.35,7.35,,7.35,7.35
MA-7191-IE-4,RIO ITAPECURU,1.0,OXIGENIO_DISSOLVIDO,1,6.93,6.93,,6.93,6.93
MA-7191-IE-4,RIO ITAPECURU,2.0,OXIGENIO_DISSOLVIDO,2,6.33,6.33,0.9050966799187804,5.69,6.97
MA-7191-IE-4,RIO ITAPECURU,3.0,OXIGENIO_DISSOLVIDO,2,5.97,5.97,0.16970562748477155,5.85,6.09
MA-7191-IE-4,RIO ITAPECURU,4.0,OXIGENIO_DISSOLVIDO,2,6.58,6.58,1.315218613006978,5.65,7.51
MA-7191-IE-4,RIO ITAPECURU,5.0,OXIGENIO_DISSOLVIDO,2,7.005,7.005,0.12020815280171303,6.92,7.09
MA-7191-IE-4,RIO ITAPECURU,6.0,OXIGENIO_DISSOLVIDO,1,5.04,5.04,,5.04,5.04
MA-7191-IE-4,RIO ITAPECURU,7.0,OXIGENIO_DISSOLVIDO,2,6.45,6.45,1.1313708498984758,5.65,7.25
MA-7191-IE-4,RIO ITAPECURU,8.0,OXIGENIO_DISSOLVIDO,2,8.04,8.04,0.9050966799187811,7.4,8.68
MA-7191-IE-4,RIO ITAPECURU,9.0,OXIGENIO_DISSOLVIDO,2,7.875,7.875,0.5727564927611035,7.47,8.28
MA-7191-IE-4,RIO ITAPECURU,10.0,OXIGENIO_DISSOLVIDO,2,6.5,6.5,1.5839191898578666,5.38,7.62
MA-7191-IE-4,RIO ITAPECURU,,OXIGENIO_DISSOLVIDO,2,6.98,6.98,1.810193359837561,5.7,8.26
MA-7199-I-1,RIO ITAPECURU,10.0,OXIGENIO_DISSOLVIDO,1,7.41,7.41,,7.41,7.41
MA-7164-I-19,RIO ITAPECURU,1.0,COND_ELETRICA_ESPECIFICA,1,79.0,79.0,,79.0,79.0
MA-7164-I-19,RIO ITAPECURU,2.0,COND_ELETRICA_ESPECIFICA,2,76.0,76.0,25.31442276647841,58.1,93.9
MA-7164-I-19,RIO ITAPECURU,3.0,COND_ELETRICA_ESPECIFICA,2,77.25,77.25,10.39446968344224,69.9,84.6
MA-7164-I-19,RIO ITAPECURU,4.0,COND_ELETRICA_ESPECIFICA,2,95.4,95.4,35.77960312803931,70.1,120.7
MA-7164-I-19,RIO ITAPECURU,6.0,COND_ELETRICA_ESPECIFICA,1,63.5,63.5,,63.5,63.5
MA-7164-I-19,RIO ITAPECURU,7.0,COND_ELETRICA_ESPECIFICA,2,106.55,106.55,31.04198769408944,84.6,128.5
MA-7164-I-19,RIO ITAPECURU,8.0,COND_ELETRICA_ESPECIFICA,2,34.15,34.15,47.87112908632927,0.3,68.0
MA-7164-I-19,RIO ITAPECURU,9.0,COND_ELETRICA_ESPECIFICA,2,80.9,80.9,23.758787847868007,64.1,97.7
MA-7164-I-19,RIO ITAPECURU,10.0,COND_ELETRICA_ESPECIFICA,2,91.4,91.4,12.445079348883247,82.6,100.2
MA-7164-I-19,RIO ITAPECURU,,COND_ELETRICA_ESPECIFICA,2,83.3,83.3,5.232590180780456,79.6,87.0
MA-7181-I-1,RIO ITAPECURU,1.0,COND_ELETRICA_ESPECIFICA,1,49.7,49.7,,49.7,49.7
MA-7181-I-1,RIO ITAPECURU,2.0,COND_ELETRICA_ESPECIFICA,2,78.55,78.55,34.15325753131025,54.4,102.7
MA-7181-I-1,RIO ITAPECURU,3.0,COND_ELETRICA_ESPECIFICA,2,78.9,78.9,12.162236636408615,70.3,87.5
MA-7181-I-1,RIO ITAPECURU,4.0,COND_ELETRICA_ESPECIFICA,2,92.8,92.8,28.708535316173826,72.5,113.1
MA-7181-I-1,RIO ITAPECURU,5.0,COND_ELETRICA_ESPECIFICA,2,65.65,65.65,2.616295090390233,63.8,67.5
MA-7181-I-1,RIO ITAPECURU,6.0,COND_ELETRICA_ESPECIFICA,1,57.9,57.9,,57.9,57.9
MA-7181-I-1,RIO ITAPECURU,7.0,COND_ELETRICA_ESPECIFICA,2,82.69999999999999,82.69999999999999,14.283556979968267,72.6,92.8
MA-7181-I-1,RIO ITAPECURU,8.0,COND_ELETRICA_ESPECIFICA,2,34.8,34.8,48.79036790187178,0.3,69.3
MA-7181-I-1,RIO ITAPECURU,9.0,COND_ELETRICA_ESPECIFICA,2,84.3,84.3,26.16295090390226,65.8,102.8
MA-7181-I-1,RIO ITAPECURU,10.0,COND_ELETRICA_ESPECIFICA,2,89.75,89.75,9.687362902255693,82.9,96.6
MA-7181-I-1,RIO ITAPECURU,,COND_ELETRICA_ESPECIFICA,2,84.8,84.8,3.111269837220813,82.6,87.0
MA-7181-I-2,RIO ITAPECURU,1.0,COND_ELETRICA_ESPECIFICA,1,50.9,50.9,,50.9,50.9
MA-7181-I-2,RIO ITAPECURU,2.0,COND_ELETRICA_ESPECIFICA,2,102.1,102.1,4.5254833995938935,98.9,105.3
MA-7181-I-2,RIO ITAPECURU,3.0,COND_ELETRICA_ESPECIFICA,2,64.7,64.7,12.869343417595164,55.6,73.8
MA-7181-I-2,RIO ITAPECURU,4.0,COND_ELETRICA_ESPECIFICA,2,91.45,91.45,25.809397513308983,73.2,109.7
MA-7181-I-2,RIO ITAPECURU,5.0,COND_ELETRICA_ESPECIFICA,2,66.55,66.55,3.4648232278140867,64.1,69.0
MA-7181-I-2,RIO ITAPECURU,6.0,COND_ELETRICA_ESPECIFICA,1,57.2,57.2,,57.2,57.2
MA-7181-I-2,RIO ITAPECURU,7.0,COND_ELETRICA_ESPECIFICA,2,80.05,80.05,15.90990257669732,68.8,91.3
MA-7181-I-2,RIO ITAPECURU,8.0,COND_ELETRICA_ESPECIFICA,2,35.400000000000006,35.400000000000006,49.49747468305833,0.4,70.4
MA-7181-I-2,RIO ITAPECURU,9.0,COND_ELETRICA_ESPECIFICA,2,87.35,87.35,23.546655813512025,70.7,104.0
MA-7181-I-2,RIO ITAPECURU,10.0,COND_ELETRICA_ESPECIFICA,2,90.95,90.95,0.6363961030678968,90.5,91.4
MA-7181-I-2,RIO ITAPECURU,,COND_ELETRICA_ESPECIFICA,2,73.30000000000001,73.30000000000001,12.869343417595163,64.2,82.4
MA-7181-I-3,RIO ITAPECURU,1.0,COND_ELETRICA_ESPECIFICA,1,49.4,49.4,,49.4,49.4
MA-7181-I-3,RIO ITAPECURU,2.0,COND_ELETRICA_ESPECIFICA,2,75.15,75.15,27.93071785686863,55.4,94.9
MA-7181-I-3,RIO ITAPECURU,3.0,COND_ELETRICA_ESPECIFICA,2,77.05000000000001,77.05000000000001,6.15182899632296,72.7,81.4
MA-7181-I-3,RIO ITAPECURU,4.0,COND_ELETRICA_ESPECIFICA,2,95.80000000000001,95.80000000000001,33.799704140716976,71.9,119.7
MA-7181-I-3,RIO ITAPECURU,5.0,COND_ELETRICA_ESPECIFICA,2,63.7,63.7,2.969848480983499,61.6,65.8
MA-7181-I-3,RIO ITAPECURU,6.0,COND_ELETRICA_ESPECIFICA,1,62.4,62.4,,62.4,62.4
MA-7181-I-3,RIO ITAPECURU,7.0,COND_ELETRICA_ESPECIFICA,2,88.55000000000001,88.55000000000001,12.515790027001888,79.7,97.4
MA-7181-I-3,RIO ITAPECURU,8.0,COND_ELETRICA_ESPECIFICA,2,33.9,33.9,47.51757569573599,0.3,67.5
MA-7181-I-3,RIO ITAPECURU,9.0,COND_ELETRICA_ESPECIFICA,2,82.4,82.4,26.02152954766495,64.0,100.8
MA-7181-I-3,RIO ITAPECURU,10.0,COND_ELETRICA_ESPECIFICA,2,92.35,92.35,14.071424945612284,82.4,102.3
MA-7181-I-3,RIO ITAPECURU,,COND_ELETRICA_ESPECIFICA,2,76.35,76.35,5.444722215136423,72.5,80.2
MA-7181-I-4,RIO ITAPECURU,4.0,COND_ELETRICA_ESPECIFICA,2,88.1,88.1,26.304372260139576,69.5,106.7
MA-7181-I-4,RIO ITAPECURU,5.0,COND_ELETRICA_ESPECIFICA,2,73.05,73.05,6.010407640085654,68.8,77.3
MA-7181-I-4,RIO ITAPECURU,6.0,COND_ELETRICA_ESPECIFICA,1,58.3,58.3,,58.3,58.3
MA-7181-I-4,RIO ITAPECURU,7.0,COND_ELETRICA_ESPECIFICA,2,80.4,80.4,9.050966799187801,74.0,86.8
MA-7181-I-4,RIO ITAPECURU,8.0,COND_ELETRICA_ESPECIFICA,2,35.8,35.8,49.2146319705837,1.0,70.6
MA-7181-I-4,RIO ITAPECURU,9.0,COND_ELETRICA_ESPECIFICA,2,87.855,87.855,22.40821389580169,72.01,103.7
MA-7181-I-4,RIO ITAPECURU,10.0,COND_ELETRICA_ESPECIFICA,2,83.25,83.25,0.6363961030678968,82.8,83.7
MA-7181-I-4,RIO ITAPECURU,,COND_ELETRICA_ESPECIFICA,2,59.400000000000006,59.400000000000006,3.252691193458122,57.1,61.7
MA-7182-I-2,RIO PERITORO,4.0,COND_ELETRICA_ESPECIFICA,2,317.85,317.85,227.90051557642425,156.7,479.0
MA-7182-I-2,RIO PERITORO,5.0,COND_ELETRICA_ESPECIFICA,2,389.85,389.85,1.7677669529663689,388.6,391.1
MA-7182-I-2,RIO PERITORO,6.0,COND_ELETRICA_ESPECIFICA,2,212.39999999999998,212.39999999999998,14.424978336205584,202.2,222.6
MA-7182-I-2,RIO PERITORO,7.0,COND_ELETRICA_ESPECIFICA,2,96.45,96.45,28.637824638055175,76.2,116.7
MA-7182-I-2,RIO PERITORO,8.0,COND_ELETRICA_ESPECIFICA,2,249.65,249.65,280.08499602799145,51.6,447.7
MA-7182-I-2,RIO PERITORO,9.0,COND_ELETRICA_ESPECIFICA,2,500.75,500.75,339.7648083601361,260.5,741.0
MA-7182-I-2,RIO PERITORO,10.0,COND_ELETRICA_ESPECIFICA,2,403.85,403.85,169.91775951912734,283.7,524.0
MA-7182-I-2,RIO PERITORO,,COND_ELETRICA_ESPECIFICA,1,98.4,98.4,,98.4,98.4
MA-7182-I-3,RIO PERITORO,4.0,COND_ELETRICA_ESPECIFICA,2,315.95000000000005,315.95000000000005,220.12234098337223,160.3,471.6
MA-7182-I-3,RIO PERITORO,5.0,COND_ELETRICA_ESPECIFICA,1,419.8,419.8,,419.8,419.8
MA-7182-I-3,RIO PERITORO,6.0,COND_ELETRICA_ESPECIFICA,2,260.3,260.3,47.800418408210625,226.5,294.1
MA-7182-I-3,RIO PERITORO,7.0,COND_ELETRICA_ESPECIFICA,2,65.675,65.675,81.63547788798692,7.95,123.4
MA-7182-I-3,RIO PERITORO,8.0,COND_ELETRICA_ESPECIFICA,2,265.25,265.25,253.4977810553773,86.0,444.5
MA-7182-I-3,RIO PERITORO,9.0,COND_ELETRICA_ESPECIFICA,2,520.65,520.65,334.249375466881,284.3,757.0
MA-7182-I-3,RIO PERITORO,10.0,COND_ELETRICA_ESPECIFICA,2,425.55,425.55,136.400898090885,329.1,522.0
MA-7182-I-3,RIO PERITORO,,COND_ELETRICA_ESPECIFICA,1,100.5,100.5,,100.5,100.5
MA-7183-I-3,RIO ITAPECURU,3.0,COND_ELETRICA_ESPECIFICA,2,43.099999999999994,43.099999999999994,11.737972567696692,34.8,51.4
MA-7183-I-3,RIO ITAPECURU,4.0,COND_ELETRICA_ESPECIFICA,2,98.44999999999999,98.44999999999999,41.50716805565034,69.1,127.8
MA-7183-I-3,RIO ITAPECURU,6.0,COND_ELETRICA_ESPECIFICA,2,88.6,88.6,33.658282784479674,64.8,112.4
MA-7183-I-3,RIO ITAPECURU,7.0,COND_ELETRICA_ESPECIFICA,2,91.65,91.65,27.506453788156687,72.2,111.1
MA-7183-I-3,RIO ITAPECURU,8.0,COND_ELETRICA_ESPECIFICA,2,93.05,93.05,14.919953083036148,82.5,103.6
MA-7183-I-3,RIO ITAPECURU,9.0,COND_ELETRICA_ESPECIFICA,2,98.35,98.35,43.487067042972676,67.6,129.1
MA-7183-I-3,RIO ITAPECURU,10.0,COND_ELETRICA_ESPECIFICA,2,91.2,91.2,13.010764773832479,82.0,100.4
MA-7183-I-4,RIO ITAPECURU,3.0,COND_ELETRICA_ESPECIFICA,2,61.95,61.95,12.657211383239204,53.0,70.9
MA-7183-I-4,RIO ITAPECURU,4.0,COND_ELETRICA_ESPECIFICA,2,100.85,100.85,41.93143212436226,71.2,130.5
MA-7183-I-4,RIO ITAPECURU,5.0,COND_ELETRICA_ESPECIFICA,2,64.3,64.3,1.6970562748477156,63.1,65.5
MA-7183-I-4,RIO ITAPECURU,6.0,COND_ELETRICA_ESPECIFICA,2,90.9,90.9,35.07249634685276,66.1,115.7
MA-7183-I-4,RIO ITAPECURU,7.0,COND_ELETRICA_ESPECIFICA,2,92.8,92.8,23.758787847867993,76.0,109.6
MA-7183-I-4,RIO ITAPECURU,8.0,COND_ELETRICA_ESPECIFICA,2,99.94999999999999,99.94999999999999,24.96086937588513,82.3,117.6
MA-7183-I-4,RIO ITAPECURU,9.0,COND_ELETRICA_ESPECIFICA,2,98.75,98.75,38.11305550595492,71.8,125.7
MA-7183-I-4,RIO ITAPECURU,10.0,COND_ELETRICA_ESPECIFICA,2,91.1,91.1,8.48528137423857,85.1,97.1
MA-7184-I-1,RIO CODOZINHO,7.0,COND_ELETRICA_ESPECIFICA,2,200.7,200.7,126.00642840744277,111.6,289.8
MA-7184-I-1,RIO CODOZINHO,8.0,COND_ELETRICA_ESPECIFICA,2,245.1,245.1,132.0875467256471,151.7,338.5
MA-7184-I-1,RIO CODOZINHO,9.0,COND_ELETRICA_ESPECIFICA,1,298.6,298.6,,298.6,298.6
MA-7184-I-1,RIO CODOZINHO,10.0,COND_ELETRICA_ESPECIFICA,1,215.6,215.6,,215.6,215.6
MA-7185-I-1,RIACHO PERITORO,3.0,COND_ELETRICA_ESPECIFICA,1,252.1,252.1,,252.1,252.1
MA-7185-I-1,RIACHO PERITORO,4.0,COND_ELETRICA_ESPECIFICA,2,153.4,153.4,37.618080759124325,126.8,180.0
MA-7185-I-1,RIACHO PERITORO,6.0,COND_ELETRICA_ESPECIFICA,2,156.15,156.15,25.809397513308983,137.9,174.4
MA-7185-I-1,RIACHO PERITORO,7.0,COND_ELETRICA_ESPECIFICA,2,114.8,114.8,69.01362184380703,66.0,163.6
MA-7185-I-1,RIACHO PERITORO,8.0,COND_ELETRICA_ESPECIFICA,1,81.8,81.8,,81.8,81.8
MA-7185-I-1,RIACHO PERITORO,9.0,COND_ELETRICA_ESPECIFICA,2,277.75,277.75,178.1201981808913,151.8,403.7
MA-7185-I-1,RIACHO PERITORO,10.0,COND_ELETRICA_ESPECIFICA,2,201.85000000000002,201.85000000000002,74.88260812765537,148.9,254.8
MA-7185-I-1,RIACHO PERITORO,,COND_ELETRICA_ESPECIFICA,2,139.4,139.4,105.50033175303291,64.8,214.0
MA-7185-I-10,RIO ITAPECURU,3.0,COND_ELETRICA_ESPECIFICA,2,39.7,39.7,2.5455844122715696,37.9,41.5
MA-7185-I-10,RIO ITAPECURU,4.0,COND_ELETRICA_ESPECIFICA,2,62.050000000000004,62.050000000000004,24.5366053071732,44.7,79.4
MA-7185-I-10,RIO ITAPECURU,6.0,COND_ELETRICA_ESPECIFICA,2,58.599999999999994,58.599999999999994,18.38477631085023,45.6,71.6
MA-7185-I-10,RIO ITAPECURU,7.0,COND_ELETRICA_ESPECIFICA,2,77.35,77.35,13.505739520663068,67.8,86.9
MA-7185-I-10,RIO ITAPECURU,8.0,COND_ELETRICA_ESPECIFICA,2,72.85,72.85,28.072139213105945,53.0,92.7
MA-7185-I-10,RIO ITAPECURU,9.0,COND_ELETRICA_ESPECIFICA,2,69.05000000000001,69.05000000000001,32.314779900225226,46.2,91.9
MA-7185-I-10,RIO ITAPECURU,10.0,COND_ELETRICA_ESPECIFICA,2,70.05,70.05,10.11162697096763,62.9,77.2
MA-7185-I-11,RIO ITAPECURU,3.0,COND_ELETRICA_ESPECIFICA,2,33.6,33.6,1.5556349186104066,32.5,34.7
MA-7185-I-11,RIO ITAPECURU,4.0,COND_ELETRICA_ESPECIFICA,2,68.5,68.5,35.7796031280393,43.2,93.8
MA-7185-I-11,RIO ITAPECURU,5.0,COND_ELETRICA_ESPECIFICA,2,36.9,36.9,0.0,36.9,36.9
MA-7185-I-11,RIO ITAPECURU,6.0,COND_ELETRICA_ESPECIFICA,2,59.0,59.0,21.35462479183373,43.9,74.1
MA-7185-I-11,RIO ITAPECURU,7.0,COND_ELETRICA_ESPECIFICA,2,98.5,98.5,40.44650788387051,69.9,127.1
MA-7185-I-11,RIO ITAPECURU,8.0,COND_ELETRICA_ESPECIFICA,2,70.45,70.45,23.829498525986644,53.6,87.3
MA-7185-I-11,RIO ITAPECURU,9.0,COND_ELETRICA_ESPECIFICA,2,68.19999999999999,68.19999999999999,32.38549057834387,45.3,91.1
MA-7185-I-11,RIO ITAPECURU,10.0,COND_ELETRICA_ESPECIFICA,2,67.1,67.1,8.626702730475877,61.0,73.2
MA-7185-I-12,RIO ITAPECURU,3.0,COND_ELETRICA_ESPECIFICA,2,23.8,23.8,1.4142135623730951,22.8,24.8
MA-7185-I-12,RIO ITAPECURU,4.0,COND_ELETRICA_ESPECIFICA,2,51.1,51.1,33.09259735953042,27.7,74.5
MA-7185-I-12,RIO ITAPECURU,5.0,COND_ELETRICA_ESPECIFICA,2,26.6,26.6,1.5556349186104053,25.5,27.7
MA-7185-I-12,RIO ITAPECURU,6.0,COND_ELETRICA_ESPECIFICA,2,45.4,45.4,19.233304448274094,31.8,59.0
MA-7185-I-12,RIO ITAPECURU,7.0,COND_ELETRICA_ESPECIFICA,2,98.15,98.15,46.45691552395617,65.3,131.0
MA-7185-I-12,RIO ITAPECURU,8.0,COND_ELETRICA_ESPECIFICA,2,62.849999999999994,62.849999999999994,30.759144981614817,41.1,84.6
MA-7185-I-12,RIO ITAPECURU,9.0,COND_ELETRICA_ESPECIFICA,2,53.6,53.6,28.708535316173833,33.3,73.9
MA-7185-I-12,RIO ITAPECURU,10.0,COND_ELETRICA_ESPECIFICA,2,59.45,59.45,16.617009357883866,47.7,71.2
MA-7185-I-3,RIO TAPUIO,2.0,COND_ELETRICA_ESPECIFICA,2,122.80000000000001,122.80000000000001,23.334523779156072,106.3,139.3
MA-7185-I-3,RIO TAPUIO,3.0,COND_ELETRICA_ESPECIFICA,2,181.35,181.35,165.25085476329616,64.5,298.2
MA-7185-I-3,RIO TAPUIO,4.0,COND_ELETRICA_ESPECIFICA,2,158.35,158.35,74.45834405894345,105.7,211.0
MA-7185-I-3,RIO TAPUIO,5.0,COND_ELETRICA_ESPECIFICA,2,440.4,440.4,60.81118318204309,397.4,483.4
MA-7185-I-3,RIO TAPUIO,6.0,COND_ELETRICA_ESPECIFICA,2,141.2,141.2,3.959797974644652,138.4,144.0
MA-7185-I-3,RIO TAPUIO,7.0,COND_ELETRICA_ESPECIFICA,1,183.9,183.9,,183.9,183.9
MA-7185-I-3,RIO TAPUIO,8.0,COND_ELETRICA_ESPECIFICA,1,186.6,186.6,,186.6,186.6
MA-7185-I-3,RIO TAPUIO,9.0,COND_ELETRICA_ESPECIFICA,2,208.95000000000002,208.95000000000002,99.20708140047263,138.8,279.1
MA-7185-I-3,RIO TAPUIO,10.0,COND_ELETRICA_ESPECIFICA,2,274.15,274.15,11.38441917710341,266.1,282.2
MA-7185-I-3,RIO TAPUIO,,COND_ELETRICA_ESPECIFICA,1,68.7,68.7,,68.7,68.7
MA-7185-I-5,RIO PIRAPEMAS,3.0,COND_ELETRICA_ESPECIFICA,2,292.3,292.3,265.44788565743,104.6,480.0
MA-7185-I-5,RIO PIRAPEMAS,4.0,COND_ELETRICA_ESPECIFICA,2,132.3,132.3,36.62813126546314,106.4,158.2
MA-7185-I-5,RIO PIRAPEMAS,5.0,COND_ELETRICA_ESPECIFICA,2,191.7,191.7,14.283556979968282,181.6,201.8
MA-7185-I-5,RIO PIRAPEMAS,6.0,COND_ELETRICA_ESPECIFICA,2,151.15,151.15,59.60910165402596,109.0,193.3
MA-7185-I-5,RIO PIRAPEMAS,7.0,COND_ELETRICA_ESPECIFICA,2,133.1,133.1,78.63027406794407,77.5,188.7
MA-7185-I-5,RIO PIRAPEMAS,8.0,COND_ELETRICA_ESPECIFICA,2,195.85,195.85,18.738329701443508,182.6,209.1
MA-7185-I-5,RIO PIRAPEMAS,9.0,COND_ELETRICA_ESPECIFICA,2,235.65,235.65,145.59328624631016,132.7,338.6
MA-7185-I-5,RIO PIRAPEMAS,10.0,COND_ELETRICA_ESPECIFICA,2,254.14999999999998,254.14999999999998,0.7778174593052083,253.6,254.7
MA-7185-I-6,RIO ITAPECURU,7.0,COND_ELETRICA_ESPECIFICA,2,98.05,98.05,49.42676400493966,63.1,133.0
MA-7185-I-6,RIO ITAPECURU,8.0,COND_ELETRICA_ESPECIFICA,1,38.7,38.7,,38.7,38.7
MA-7185-I-6,RIO ITAPECURU,9.0,COND_ELETRICA_ESPECIFICA,2,45.900000000000006,45.900000000000006,23.758787847868,29.1,62.7
MA-7185-I-6,RIO ITAPECURU,10.0,COND_ELETRICA_ESPECIFICA,2,49.15,49.15,12.515790027001893,40.3,58.0
MA-7185-I-7,RIO ITAPECURU,3.0,COND_ELETRICA_ESPECIFICA,2,41.3,41.3,5.939696961967001,37.1,45.5
MA-7185-I-7,RIO ITAPECURU,4.0,COND_ELETRICA_ESPECIFICA,2,75.35,75.35,39.810111780802615,47.2,103.5
MA-7185-I-7,RIO ITAPECURU,6.0,COND_ELETRICA_ESPECIFICA,2,64.3,64.3,24.041630560342615,47.3,81.3
MA-7185-I-7,RIO ITAPECURU,7.0,COND_ELETRICA_ESPECIFICA,2,92.4,92.4,37.75950211536163,65.7,119.1
MA-7185-I-7,RIO ITAPECURU,8.0,COND_ELETRICA_ESPECIFICA,2,78.65,78.65,25.243712088359743,60.8,96.5
MA-7185-I-7,RIO ITAPECURU,9.0,COND_ELETRICA_ESPECIFICA,1,101.6,101.6,,101.6,101.6
MA-7185-I-7,RIO ITAPECURU,10.0,COND_ELETRICA_ESPECIFICA,2,75.15,75.15,10.81873375215418,67.5,82.8
MA-7185-I-8,RIO ITAPECURU,5.0,COND_ELETRICA_ESPECIFICA,2,35.1,35.1,0.0,35.1,35.1
MA-7185-I-8,RIO ITAPECURU,6.0,COND_ELETRICA_ESPECIFICA,2,56.75,56.75,21.5667568261897,41.5,72.0
MA-7185-I-8,RIO ITAPECURU,7.0,COND_ELETRICA_ESPECIFICA,2,105.0,105.0,50.91168824543142,69.0,141.0
MA-7185-I-8,RIO ITAPECURU,8.0,COND_ELETRICA_ESPECIFICA,1,50.7,50.7,,50.7,50.7
MA-7185-I-8,RIO ITAPECURU,9.0,COND_ELETRICA_ESPECIFICA,2,67.35,67.35,33.30472939388639,43.8,90.9
MA-7185-I-8,RIO ITAPECURU,10.0,COND_ELETRICA_ESPECIFICA,2,65.5,65.5,10.32375900532359,58.2,72.8
MA-7185-I-9,RIO ITAPECURU,5.0,COND_ELETRICA_ESPECIFICA,2,42.2,42.2,3.1112698372208056,40.0,44.4
MA-7185-I-9,RIO ITAPECURU,6.0,COND_ELETRICA_ESPECIFICA,2,63.25,63.25,19.586857838867363,49.4,77.1
MA-7187-I-1,RIO ITAPECURU,,COND_ELETRICA_ESPECIFICA,2,23.15,23.15,14.495689014324224,12.9,33.4
MA-7187-I-11,RIO ITAPECURU,10.0,COND_ELETRICA_ESPECIFICA,1,16.2,16.2,,16.2,16.2
MA-7187-I-2,RIO ITAPECURU,10.0,COND_ELETRICA_ESPECIFICA,1,16.7,16.7,,16.7,16.7
MA-7187-I-4,RIO ALPERCATAS,10.0,COND_ELETRICA_ESPECIFICA,1,13.8,13.8,,13.8,13.8
MA-7187-I-4,RIO ITAPECURU,,COND_ELETRICA_ESPECIFICA,2,11.9,11.9,2.8284271247461903,9.9,13.9
MA-7189-I-4,RIO ITAPECURU,10.0,COND_ELETRICA_ESPECIFICA,1,10.8,10.8,,10.8,10.8
MA-7191-IE-4,RIO ITAPECURU,1.0,COND_ELETRICA_ESPECIFICA,1,2270.0,2270.0,,2270.0,2270.0
MA-7191-IE-4,RIO ITAPECURU,2.0,COND_ELETRICA_ESPECIFICA,2,111.7,111.7,11.596551211459383,103.5,119.9
MA-7191-IE-4,RIO ITAPECURU,3.0,COND_ELETRICA_ESPECIFICA,2,19610.65,19610.65,12076.464583850691,11071.3,28150.0
MA-7191-IE-4,RIO ITAPECURU,4.0,COND_ELETRICA_ESPECIFICA,2,117.80000000000001,117.80000000000001,70.00357133746822,68.3,167.3
MA-7191-IE-4,RIO ITAPECURU,5.0,COND_ELETRICA_ESPECIFICA,2,2167.5,2167.5,1078.337841309485,1405.0,2930.0
MA-7191-IE-4,RIO ITAPECURU,6.0,COND_ELETRICA_ESPECIFICA,1,85.6,85.6,,85.6,85.6
MA-7191-IE-4,RIO ITAPECURU,7.0,COND_ELETRICA_ESPECIFICA,2,174.85000000000002,174.85000000000002,115.89480143647515,92.9,256.8
MA-7191-IE-4,RIO ITAPECURU,8.0,COND_ELETRICA_ESPECIFICA,2,200.6,200.6,283.26697654333094,0.3,400.9
MA-7191-IE-4,RIO ITAPECURU,9.0,COND_ELETRICA_ESPECIFICA,2,205.45,205.45,122.9658692483406,118.5,292.4
MA-7191-IE-4,RIO ITAPECURU,10.0,COND_ELETRICA_ESPECIFICA,2,1124.45,1124.45,1460.2462138283393,91.9,2157.0
MA-7191-IE-4,RIO ITAPECURU,,COND_ELETRICA_ESPECIFICA,2,95.05,95.05,41.64858941188765,65.6,124.5
MA-7199-I-1,RIO ITAPECURU,10.0,COND_ELETRICA_ESPECIFICA,1,10.3,10.3,,10.3,10.3
MA-7164-I-19,RIO ITAPECURU,1.0,TURBIDEZ,1,29.0,29.0,,29.0,29.0
MA-7164-I-19,RIO ITAPECURU,2.0,TURBIDEZ,2,41.33,41.33,32.42791698521507,18.4,64.26
MA-7164-I-19,RIO ITAPECURU,3.0,TURBIDEZ,2,63.815,63.815,63.038569542780714,19.24,108.39
MA-7164-I-19,RIO ITAPECURU,4.0,TURBIDEZ,2,27.945,27.945,19.97576656851997,13.82,42.07
MA-7164-I-19,RIO ITAPECURU,6.0,TURBIDEZ,1,90.73,90.73,,90.73,90.73
MA-7164-I-19,RIO ITAPECURU,7.0,TURBIDEZ,2,80.35,80.35,55.083618254432054,41.4,119.3
MA-7164-I-19,RIO ITAPECURU,8.0,TURBIDEZ,2,115.0,115.0,71.4177848998413,64.5,165.5
MA-7164-I-19,RIO ITAPECURU,9.0,TURBIDEZ,2,24.134999999999998,24.134999999999998,6.484169183480641,19.55,28.72
MA-7164-I-19,RIO ITAPECURU,10.0,TURBIDEZ,2,44.65,44.65,40.80006127446379,15.8,73.5
MA-7164-I-19,RIO ITAPECURU,,TURBIDEZ,2,66.15,66.15,26.09224022578359,47.7,84.6
MA-7181-I-1,RIO ITAPECURU,1.0,TURBIDEZ,1,16.3,16.3,,16.3,16.3
MA-7181-I-1,RIO ITAPECURU,2.0,TURBIDEZ,2,43.945,43.945,40.90612729164177,15.02,72.87
MA-7181-I-1,RIO ITAPECURU,3.0,TURBIDEZ,2,146.275,146.275,182.65275264829708,17.12,275.43
MA-7181-I-1,RIO ITAPECURU,4.0,TURBIDEZ,2,26.07,26.07,16.617009357883866,14.32,37.82
MA-7181-I-1,RIO ITAPECURU,5.0,TURBIDEZ,2,13.865,13.865,3.7264527368531053,11.23,16.5
MA-7181-I-1,RIO ITAPECURU,6.0,TURBIDEZ,1,84.51,84.51,,84.51,84.51
MA-7181-I-1,RIO ITAPECURU,7.0,TURBIDEZ,2,94.05,94.05,58.9019948728394,52.4,135.7
MA-7181-I-1,RIO ITAPECURU,8.0,TURBIDEZ,2,147.6,147.6,182.85781361484115,18.3,276.9
MA-7181-I-1,RIO ITAPECURU,9.0,TURBIDEZ,2,19.380000000000003,19.380000000000003,3.7759502115361623,16.71,22.05
MA-7181-I-1,RIO ITAPECURU,10.0,TURBIDEZ,2,49.6,49.6,52.90572936837749,12.19,87.01
MA-7181-I-1,RIO ITAPECURU,,TURBIDEZ,2,40.62,40.62,10.154053377838823,33.44,47.8
MA-7181-I-2,RIO ITAPECURU,1.0,TURBIDEZ,1,20.05,20.05,,20.05,20.05
MA-7181-I-2,RIO ITAPECURU,2.0,TURBIDEZ,2,27.4,27.4,5.656854249492381,23.4,31.4
MA-7181-I-2,RIO ITAPECURU,3.0,TURBIDEZ,2,8.155000000000001,8.155000000000001,10.104555903155765,1.01,15.3
MA-7181-I-2,RIO ITAPECURU,4.0,TURBIDEZ,2,292.92,292.92,400.67498649154527,9.6,576.24
MA-7181-I-2,RIO ITAPECURU,5.0,TURBIDEZ,2,9.06,9.06,1.7819090885900999,7.8,10.32
MA-7181-I-2,RIO ITAPECURU,6.0,TURBIDEZ,1,77.2,77.2,,77.2,77.2
MA-7181-I-2,RIO ITAPECURU,7.0,TURBIDEZ,2,56.735,56.735,7.120565286548536,51.7,61.77
MA-7181-I-2,RIO ITAPECURU,8.0,TURBIDEZ,2,124.03,124.03,151.08043486831775,17.2,230.86
MA-7181-I-2,RIO ITAPECURU,9.0,TURBIDEZ,2,19.905,19.905,12.15516556859675,11.31,28.5
MA-7181-I-2,RIO ITAPECURU,10.0,TURBIDEZ,2,33.635000000000005,33.635000000000005,30.851068863169072,11.82,55.45
MA-7181-I-2,RIO ITAPECURU,,TURBIDEZ,2,34.575,34.575,22.860762235761083,18.41,50.74
MA-7181-I-3,RIO ITAPECURU,1.0,TURBIDEZ,1,25.15,25.15,,25.15,25.15
MA-7181-I-3,RIO ITAPECURU,2.0,TURBIDEZ,2,42.325,42.325,35.532115754624016,17.2,67.45
MA-7181-I-3,RIO ITAPECURU,3.0,TURBIDEZ,2,65.575,65.575,62.54359479595013,21.35,109.8
MA-7181-I-3,RIO ITAPECURU,4.0,TURBIDEZ,2,23.939999999999998,23.939999999999998,18.32820776835531,10.98,36.9
MA-7181-I-3,RIO ITAPECURU,5.0,TURBIDEZ,2,12.395,12.395,2.5385133444597057,10.6,14.19
MA-7181-I-3,RIO ITAPECURU,6.0,TURBIDEZ,1,78.95,78.95,,78.95,78.95
MA-7181-I-3,RIO ITAPECURU,7.0,TURBIDEZ,2,90.28,90.28,43.020376567389555,59.86,120.7
MA-7181-I-3,RIO ITAPECURU,8.0,TURBIDEZ,2,93.61,93.61,104.87807778558873,19.45,167.77
MA-7181-I-3,RIO ITAPECURU,9.0,TURBIDEZ,2,18.515,18.515,2.6657925650732825,16.63,20.4
MA-7181-I-3,RIO ITAPECURU,10.0,TURBIDEZ,2,53.815000000000005,53.815000000000005,58.612081092552934,12.37,95.26
MA-7181-I-3,RIO ITAPECURU,,TURBIDEZ,2,51.864999999999995,51.864999999999995,6.272037149124672,47.43,56.3
MA-7181-I-4,RIO ITAPECURU,4.0,TURBIDEZ,2,43.095,43.095,49.221703038395574,8.29,77.9
MA-7181-I-4,RIO ITAPECURU,5.0,TURBIDEZ,2,29.869999999999997,29.869999999999997,9.432804461028544,23.2,36.54
MA-7181-I-4,RIO ITAPECURU,6.0,TURBIDEZ,1,121.0,121.0,,121.0,121.0
MA-7181-I-4,RIO ITAPECURU,7.0,TURBIDEZ,2,44.85,44.85,3.7476659402887,42.2,47.5
MA-7181-I-4,RIO ITAPECURU,8.0,TURBIDEZ,2,106.39500000000001,106.39500000000001,129.26619066871277,14.99,197.8
MA-7181-I-4,RIO ITAPECURU,9.0,TURBIDEZ,2,18.37,18.37,4.907321061434639,14.9,21.84
MA-7181-I-4,RIO ITAPECURU,10.0,TURBIDEZ,2,53.845000000000006,53.845000000000006,51.031896398233144,17.76,89.93
MA-7181-I-4,RIO ITAPECURU,,TURBIDEZ,2,24.085,24.085,18.97167493923507,10.67,37.5
MA-7182-I-2,RIO PERITORO,4.0,TURBIDEZ,2,39.275,39.275,38.92622830431944,11.75,66.8
MA-7182-I-2,RIO PERITORO,5.0,TURBIDEZ,2,29.515,29.515,0.23334523779155947,29.35,29.68
MA-7182-I-2,RIO PERITORO,6.0,TURBIDEZ,2,35.1,35.1,17.819090885901,22.5,47.7
MA-7182-I-2,RIO PERITORO,7.0,TURBIDEZ,2,73.98,73.98,78.9555431872899,18.15,129.81
MA-7182-I-2,RIO PERITORO,8.0,TURBIDEZ,2,124.85,124.85,103.73256480006651,51.5,198.2
MA-7182-I-2,RIO PERITORO,9.0,TURBIDEZ,2,76.37,76.37,10.564175310927018,68.9,83.84
MA-7182-I-2,RIO PERITORO,10.0,TURBIDEZ,2,94.755,94.755,84.49218928398057,35.01,154.5
MA-7182-I-2,RIO PERITORO,,TURBIDEZ,1,19.8,19.8,,19.8,19.8
MA-7182-I-3,RIO PERITORO,4.0,TURBIDEZ,2,89.3,89.3,72.40773439350247,38.1,140.5
MA-7182-I-3,RIO PERITORO,5.0,TURBIDEZ,1,47.51,47.51,,47.51,47.51
MA-7182-I-3,RIO PERITORO,6.0,TURBIDEZ,2,49.6,49.6,8.287291475506336,43.74,55.46
MA-7182-I-3,RIO PERITORO,7.0,TURBIDEZ,2,78.06,78.06,64.71441261419284,32.3,123.82
MA-7182-I-3,RIO PERITORO,8.0,TURBIDEZ,2,148.42,148.42,118.2565380856382,64.8,232.04
MA-7182-I-3,RIO PERITORO,9.0,TURBIDEZ,2,50.95,50.95,19.86970055134199,36.9,65.0
MA-7182-I-3,RIO PERITORO,10.0,TURBIDEZ,2,112.63,112.63,81.6991174982937,54.86,170.4
MA-7182-I-3,RIO PERITORO,,TURBIDEZ,1,17.85,17.85,,17.85,17.85
MA-7183-I-3,RIO ITAPECURU,3.0,TURBIDEZ,2,21.345,21.345,0.07778174593051983,21.29,21.4
MA-7183-I-3,RIO ITAPECURU,4.0,TURBIDEZ,2,32.045,32.045,24.93965617244953,14.41,49.68
MA-7183-I-3,RIO ITAPECURU,6.0,TURBIDEZ,2,30.459999999999997,30.459999999999997,21.49604614807104,15.26,45.66
MA-7183-I-3,RIO ITAPECURU,7.0,TURBIDEZ,2,23.98,23.98,33.87041481883563,0.03,47.93
MA-7183-I-3,RIO ITAPECURU,8.0,TURBIDEZ,2,60.43,60.43,59.38282748404626,18.44,102.42
MA-7183-I-3,RIO ITAPECURU,9.0,TURBIDEZ,2,10.96,10.96,15.075516574897193,0.3,21.62
MA-7183-I-3,RIO ITAPECURU,10.0,TURBIDEZ,2,36.86,36.86,18.908035328928282,23.49,50.23
MA-7183-I-4,RIO ITAPECURU,3.0,TURBIDEZ,2,20.235,20.235,0.37476659402887097,19.97,20.5
MA-7183-I-4,RIO ITAPECURU,4.0,TURBIDEZ,2,31.55,31.55,26.290230124515837,12.96,50.14
MA-7183-I-4,RIO ITAPECURU,5.0,TURBIDEZ,2,30.945,30.945,18.83025358299776,17.63,44.26
MA-7183-I-4,RIO ITAPECURU,6.0,TURBIDEZ,2,22.165,22.165,5.183092706097392,18.5,25.83
MA-7183-I-4,RIO ITAPECURU,7.0,TURBIDEZ,2,50.334999999999994,50.334999999999994,10.005560953789644,43.26,57.41
MA-7183-I-4,RIO ITAPECURU,8.0,TURBIDEZ,2,73.94,73.94,79.6909342397239,17.59,130.29
MA-7183-I-4,RIO ITAPECURU,9.0,TURBIDEZ,2,25.715,25.715,5.904341622907673,21.54,29.89
MA-7183-I-4,RIO ITAPECURU,10.0,TURBIDEZ,2,34.665,34.665,17.727167004346747,22.13,47.2
MA-7184-I-1,RIO CODOZINHO,7.0,TURBIDEZ,2,97.07999999999998,97.07999999999998,46.08921999773916,64.49,129.67
MA-7184-I-1,RIO CODOZINHO,8.0,TURBIDEZ,2,83.69500000000001,83.69500000000001,47.3549411360631,50.21,117.18
MA-7184-I-1,RIO CODOZINHO,9.0,TURBIDEZ,1,85.4,85.4,,85.4,85.4
MA-7184-I-1,RIO CODOZINHO,10.0,TURBIDEZ,1,30.57,30.57,,30.57,30.57
MA-7185-I-1,RIACHO PERITORO,3.0,TURBIDEZ,1,33.74,33.74,,33.74,33.74
MA-7185-I-1,RIACHO PERITORO,4.0,TURBIDEZ,2,50.555,50.555,14.813887065858173,40.08,61.03
MA-7185-I-1,RIACHO PERITORO,6.0,TURBIDEZ,2,49.41,49.41,17.12612624033818,37.3,61.52
MA-7185-I-1,RIACHO PERITORO,7.0,TURBIDEZ,2,78.03999999999999,78.03999999999999,83.02847824692441,19.33,136.75
MA-7185-I-1,RIACHO PERITORO,8.0,TURBIDEZ,2,89.00500000000001,89.00500000000001,84.29419938524835,29.4,148.61
MA-7185-I-1,RIACHO PERITORO,9.0,TURBIDEZ,2,33.815,33.815,17.03420235878393,21.77,45.86
MA-7185-I-1,RIACHO PERITORO,10.0,TURBIDEZ,2,68.915,68.915,44.63965109630675,37.35,100.48
MA-7185-I-1,RIACHO PERITORO,,TURBIDEZ,2,28.505000000000003,28.505000000000003,7.5589714908841925,23.16,33.85
MA-7185-I-10,RIO ITAPECURU,3.0,TURBIDEZ,2,23.5,23.5,2.8284271247461903,21.5,25.5
MA-7185-I-10,RIO ITAPECURU,4.0,TURBIDEZ,2,23.65,23.65,3.804234482783624,20.96,26.34
MA-7185-I-10,RIO ITAPECURU,6.0,TURBIDEZ,2,24.695,24.695,1.1667261889578024,23.87,25.52
MA-7185-I-10,RIO ITAPECURU,7.0,TURBIDEZ,2,43.39,43.39,19.445436482630058,29.64,57.14
MA-7185-I-10,RIO ITAPECURU,8.0,TURBIDEZ,2,86.34,86.34,61.88598548944663,42.58,130.1
MA-7185-I-10,RIO ITAPECURU,9.0,TURBIDEZ,2,40.589999999999996,40.589999999999996,15.853334034202392,29.38,51.8
MA-7185-I-10,RIO ITAPECURU,10.0,TURBIDEZ,2,47.045,47.045,30.723789642555488,25.32,68.77
MA-7185-I-11,RIO ITAPECURU,3.0,TURBIDEZ,2,19.75,19.75,2.9557063453597685,17.66,21.84
MA-7185-I-11,RIO ITAPECURU,4.0,TURBIDEZ,2,21.215,21.215,12.183449839844213,12.6,29.83
MA-7185-I-11,RIO ITAPECURU,5.0,TURBIDEZ,2,77.66499999999999,77.66499999999999,70.42076433836826,27.87,127.46
MA-7185-I-11,RIO ITAPECURU,6.0,TURBIDEZ,2,24.84,24.84,2.630437226013956,22.98,26.7
MA-7185-I-11,RIO ITAPECURU,7.0,TURBIDEZ,2,43.185,43.185,5.593214639185596,39.23,47.14
MA-7185-I-11,RIO ITAPECURU,8.0,TURBIDEZ,2,80.845,80.845,78.9343299838543,25.03,136.66
MA-7185-I-11,RIO ITAPECURU,9.0,TURBIDEZ,2,32.845,32.845,6.922575387816301,27.95,37.74
MA-7185-I-11,RIO ITAPECURU,10.0,TURBIDEZ,2,39.71,39.71,19.388867940135135,26.0,53.42
MA-7185-I-12,RIO ITAPECURU,3.0,TURBIDEZ,2,18.515,18.515,2.170817818242701,16.98,20.05
MA-7185-I-12,RIO ITAPECURU,4.0,TURBIDEZ,2,23.545,23.545,11.306637431172895,15.55,31.54
MA-7185-I-12,RIO ITAPECURU,5.0,TURBIDEZ,2,43.27,43.27,38.72116733777535,15.89,70.65
MA-7185-I-12,RIO ITAPECURU,6.0,TURBIDEZ,2,23.935000000000002,23.935000000000002,0.7707463914933379,23.39,24.48
MA-7185-I-12,RIO ITAPECURU,7.0,TURBIDEZ,2,29.015,29.015,11.787470042379748,20.68,37.35
MA-7185-I-12,RIO ITAPECURU,8.0,TURBIDEZ,2,61.92999999999999,61.92999999999999,41.76172649687749,32.4,91.46
MA-7185-I-12,RIO ITAPECURU,9.0,TURBIDEZ,2,37.825,37.825,16.015968593875304,26.5,49.15
MA-7185-I-12,RIO ITAPECURU,10.0,TURBIDEZ,2,33.97,33.97,11.78039897456788,25.64,42.3
MA-7185-I-3,RIO TAPUIO,2.0,TURBIDEZ,2,17.51,17.51,9.319667376038696,10.92,24.1
MA-7185-I-3,RIO TAPUIO,3.0,TURBIDEZ,2,40.885,40.885,15.43614103330233,29.97,51.8
MA-7185-I-3,RIO TAPUIO,4.0,TURBIDEZ,2,23.775,23.775,9.510586206959065,17.05,30.5
MA-7185-I-3,RIO TAPUIO,5.0,TURBIDEZ,2,47.585,47.585,0.6858935777509503,47.1,48.07
MA-7185-I-3,RIO TAPUIO,6.0,TURBIDEZ,2,40.675,40.675,20.04647724663862,26.5,54.85
MA-7185-I-3,RIO TAPUIO,7.0,TURBIDEZ,1,50.97,50.97,,50.97,50.97
MA-7185-I-3,RIO TAPUIO,8.0,TURBIDEZ,1,48.28,48.28,,48.28,48.28
MA-7185-I-3,RIO TAPUIO,9.0,TURBIDEZ,2,67.025,67.025,35.008856736545965,42.27,91.78
MA-7185-I-3,RIO TAPUIO,10.0,TURBIDEZ,2,39.745,39.745,23.850711729422247,22.88,56.61
MA-7185-I-3,RIO TAPUIO,,TURBIDEZ,1,22.51,22.51,,22.51,22.51
MA-7185-I-5,RIO PIRAPEMAS,3.0,TURBIDEZ,2,53.925,53.925,73.3623285481043,2.05,105.8
MA-7185-I-5,RIO PIRAPEMAS,4.0,TURBIDEZ,2,6.165,6.165,0.40305086527633227,5.88,6.45
MA-7185-I-5,RIO PIRAPEMAS,5.0,TURBIDEZ,2,8.93,8.93,5.685138520739842,4.91,12.95
MA-7185-I-5,RIO PIRAPEMAS,6.0,TURBIDEZ,2,7.17,7.17,1.5980613254815976,6.04,8.3
MA-7185-I-5,RIO PIRAPEMAS,7.0,TURBIDEZ,2,18.095,18.095,19.919198026025047,4.01,32.18
MA-7185-I-5,RIO PIRAPEMAS,8.0,TURBIDEZ,2,37.81,37.81,22.78298048983056,21.7,53.92
MA-7185-I-5,RIO PIRAPEMAS,9.0,TURBIDEZ,2,28.945,28.945,16.07253713637023,17.58,40.31
MA-7185-I-5,RIO PIRAPEMAS,10.0,TURBIDEZ,2,31.53,31.53,30.49044440476393,9.97,53.09
MA-7185-I-6,RIO ITAPECURU,7.0,TURBIDEZ,2,27.964999999999996,27.964999999999996,6.484169183480638,23.38,32.55
MA-7185-I-6,RIO ITAPECURU,8.0,TURBIDEZ,1,39.3,39.3,,39.3,39.3
MA-7185-I-6,RIO ITAPECURU,9.0,TURBIDEZ,2,26.555,26.555,3.910300499961609,23.79,29.32
MA-7185-I-6,RIO ITAPECURU,10.0,TURBIDEZ,2,36.055,36.055,4.27799602617861,33.03,39.08
MA-7185-I-7,RIO ITAPECURU,3.0,TURBIDEZ,2,40.129999999999995,40.129999999999995,21.595041097437164,24.86,55.4
MA-7185-I-7,RIO ITAPECURU,4.0,TURBIDEZ,2,34.98,34.98,20.647518010647186,20.38,49.58
MA-7185-I-7,RIO ITAPECURU,6.0,TURBIDEZ,2,35.58,35.58,3.676955262170049,32.98,38.18
MA-7185-I-7,RIO ITAPECURU,7.0,TURBIDEZ,2,45.265,45.265,10.47225142937277,37.86,52.67
MA-7185-I-7,RIO ITAPECURU,8.0,TURBIDEZ,2,60.67,60.67,42.38398046432166,30.7,90.64
MA-7185-I-7,RIO ITAPECURU,9.0,TURBIDEZ,1,25.1,25.1,,25.1,25.1
MA-7185-I-7,RIO ITAPECURU,10.0,TURBIDEZ,2,37.145,37.145,14.219917369661474,27.09,47.2
MA-7185-I-8,RIO ITAPECURU,5.0,TURBIDEZ,2,20.53,20.53,0.0,20.53,20.53
MA-7185-I-8,RIO ITAPECURU,6.0,TURBIDEZ,2,23.31,23.31,0.0,23.31,23.31
MA-7185-I-8,RIO ITAPECURU,7.0,TURBIDEZ,2,36.980000000000004,36.980000000000004,7.028641404994288,32.01,41.95
MA-7185-I-8,RIO ITAPECURU,8.0,TURBIDEZ,1,30.3,30.3,,30.3,30.3
MA-7185-I-8,RIO ITAPECURU,9.0,TURBIDEZ,2,75.855,75.855,68.48329175791713,27.43,124.28
MA-7185-I-8,RIO ITAPECURU,10.0,TURBIDEZ,2,32.785,32.785,15.30886181268875,21.96,43.61
MA-7185-I-9,RIO ITAPECURU,5.0,TURBIDEZ,2,37.455,37.455,14.630039302749667,27.11,47.8
MA-7185-I-9,RIO ITAPECURU,6.0,TURBIDEZ,2,36.395,36.395,17.104913036902587,24.3,48.49
MA-7187-I-1,RIO ITAPECURU,,TURBIDEZ,2,40.24,40.24,40.44650788387052,11.64,68.84
MA-7187-I-11,RIO ITAPECURU,10.0,TURBIDEZ,1,14.87,14.87,,14.87,14.87
MA-7187-I-2,RIO ITAPECURU,10.0,TURBIDEZ,1,25.65,25.65,,25.65,25.65
MA-7187-I-4,RIO ALPERCATAS,10.0,TURBIDEZ,1,8.27,8.27,,8.27,8.27
MA-7187-I-4,RIO ITAPECURU,,TURBIDEZ,2,5.075,5.075,2.2415284963613558,3.49,6.66
MA-7189-I-4,RIO ITAPECURU,10.0,TURBIDEZ,1,19.92,19.92,,19.92,19.92
MA-7191-IE-4,RIO ITAPECURU,1.0,TURBIDEZ,1,349.29,349.29,,349.29,349.29
MA-7191-IE-4,RIO ITAPECURU,2.0,TURBIDEZ,2,38.205,38.205,4.108290398693843,35.3,41.11
MA-7191-IE-4,RIO ITAPECURU,3.0,TURBIDEZ,2,127.215,127.215,50.6076323295212,91.43,163.0
MA-7191-IE-4,RIO ITAPECURU,4.0,TURBIDEZ,2,48.900000000000006,48.900000000000006,48.79036790187178,14.4,83.4
MA-7191-IE-4,RIO ITAPECURU,5.0,TURBIDEZ,2,108.25,108.25,58.61915216036479,66.8,149.7
MA-7191-IE-4,RIO ITAPECURU,6.0,TURBIDEZ,1,26.7,26.7,,26.7,26.7
MA-7191-IE-4,RIO ITAPECURU,7.0,TURBIDEZ,2,77.75,77.75,49.70960671741429,42.6,112.9
MA-7191-IE-4,RIO ITAPECURU,8.0,TURBIDEZ,2,145.05,145.05,136.5423194471223,48.5,241.6
MA-7191-IE-4,RIO ITAPECURU,9.0,TURBIDEZ,2,57.785,57.785,54.708851660403184,19.1,96.47
MA-7191-IE-4,RIO ITAPECURU,10.0,TURBIDEZ,2,66.66999999999999,66.66999999999999,1.1596551211459434,65.85,67.49
MA-7191-IE-4,RIO ITAPECURU,,TURBIDEZ,2,134.14499999999998,134.14499999999998,107.91156587687901,57.84,210.45
MA-7199-I-1,RIO ITAPECURU,10.0,TURBIDEZ,1,17.25,17.25,,17.25,17.25
MA-7164-I-19,RIO ITAPECURU,1.0,SALINIDADE,1,0.03,0.03,,0.03,0.03
MA-7164-I-19,RIO ITAPECURU,2.0,SALINIDADE,2,0.03,0.03,0.014142135623730952,0.02,0.04
MA-7164-I-19,RIO ITAPECURU,3.0,SALINIDADE,2,0.035,0.035,0.007071067811865474,0.03,0.04
MA-7164-I-19,RIO ITAPECURU,4.0,SALINIDADE,2,0.045,0.045,0.021213203435596427,0.03,0.06
MA-7164-I-19,RIO ITAPECURU,6.0,SALINIDADE,1,0.03,0.03,,0.03,0.03
MA-7164-I-19,RIO ITAPECURU,7.0,SALINIDADE,2,0.045,0.045,0.007071067811865479,0.04,0.05
MA-7164-I-19,RIO ITAPECURU,8.0,SALINIDADE,2,0.015,0.015,0.021213203435596427,0.0,0.03
MA-7164-I-19,RIO ITAPECURU,9.0,SALINIDADE,2,0.035,0.035,0.007071067811865479,0.03,0.04
MA-7164-I-19,RIO ITAPECURU,10.0,SALINIDADE,2,0.045,0.045,0.007071067811865474,0.04,0.05
MA-7181-I-1,RIO ITAPECURU,1.0,SALINIDADE,1,0.03,0.03,,0.03,0.03
MA-7181-I-1,RIO ITAPECURU,2.0,SALINIDADE,2,0.03,0.03,0.014142135623730952,0.02,0.04
MA-7181-I-1,RIO ITAPECURU,3.0,SALINIDADE,2,0.035,0.035,0.007071067811865474,0.03,0.04
MA-7181-I-1,RIO ITAPECURU,4.0,SALINIDADE,2,0.04,0.04,0.014142135623730954,0.03,0.05
MA-7181-I-1,RIO ITAPECURU,5.0,SALINIDADE,2,0.03,0.03,0.0,0.03,0.03
MA-7181-I-1,RIO ITAPECURU,6.0,SALINIDADE,1,0.03,0.03,,0.03,0.03
MA-7181-I-1,RIO ITAPECURU,7.0,SALINIDADE,2,0.035,0.035,0.007071067811865474,0.03,0.04
MA-7181-I-1,RIO ITAPECURU,8.0,SALINIDADE,2,0.015,0.015,0.021213203435596427,0.0,0.03
MA-7181-I-1,RIO ITAPECURU,9.0,SALINIDADE,2,0.04,0.04,0.014142135623730954,0.03,0.05
MA-7181-I-1,RIO ITAPECURU,10.0,SALINIDADE,2,0.04,0.04,0.0,0.04,0.04
MA-7181-I-2,RIO ITAPECURU,1.0,SALINIDADE,1,0.02,0.02,,0.02,0.02
MA-7181-I-2,RIO ITAPECURU,2.0,SALINIDADE,2,0.04,0.04,0.0,0.04,0.04
MA-7181-I-2,RIO ITAPECURU,3.0,SALINIDADE,2,0.025,0.025,0.007071067811865475,0.02,0.03
MA-7181-I-2,RIO ITAPECURU,4.0,SALINIDADE,2,0.04,0.04,0.014142135623730954,0.03,0.05
MA-7181-I-2,RIO ITAPECURU,5.0,SALINIDADE,2,0.03,0.03,0.0,0.03,0.03
MA-7181-I-2,RIO ITAPECURU,6.0,SALINIDADE,1,0.03,0.03,,0.03,0.03
MA-7181-I-2,RIO ITAPECURU,7.0,SALINIDADE,2,0.035,0.035,0.007071067811865474,0.03,0.04
MA-7181-I-2,RIO ITAPECURU,8.0,SALINIDADE,2,0.015,0.015,0.021213203435596427,0.0,0.03
MA-7181-I-2,RIO ITAPECURU,9.0,SALINIDADE,2,0.04,0.04,0.014142135623730954,0.03,0.05
MA-7181-I-2,RIO ITAPECURU,10.0,SALINIDADE,2,0.04,0.04,0.0,0.04,0.04
MA-7181-I-3,RIO ITAPECURU,1.0,SALINIDADE,1,0.02,0.02,,0.02,0.02
MA-7181-I-3,RIO ITAPECURU,2.0,SALINIDADE,2,0.03,0.03,0.014142135623730952,0.02,0.04
MA-7181-I-3,RIO ITAPECURU,3.0,SALINIDADE,2,0.035,0.035,0.007071067811865474,0.03,0.04
MA-7181-I-3,RIO ITAPECURU,4.0,SALINIDADE,2,0.04,0.04,0.014142135623730954,0.03,0.05
MA-7181-I-3,RIO ITAPECURU,5.0,SALINIDADE,2,0.03,0.03,0.0,0.03,0.03
MA-7181-I-3,RIO ITAPECURU,6.0,SALINIDADE,1,0.03,0.03,,0.03,0.03
MA-7181-I-3,RIO ITAPECURU,7.0,SALINIDADE,2,0.04,0.04,0.0,0.04,0.04
MA-7181-I-3,RIO ITAPECURU,8.0,SALINIDADE,2,0.015,0.015,0.021213203435596427,0.0,0.03
MA-7181-I-3,RIO ITAPECURU,9.0,SALINIDADE,2,0.04,0.04,0.014142135623730954,0.03,0.05
MA-7181-I-3,RIO ITAPECURU,10.0,SALINIDADE,2,0.045,0.045,0.007071067811865474,0.04,0.05
MA-7181-I-4,RIO ITAPECURU,4.0,SALINIDADE,2,0.04,0.04,0.014142135623730954,0.03,0.05
MA-7181-I-4,RIO ITAPECURU,5.0,SALINIDADE,2,0.03,0.03,0.0,0.03,0.03
MA-7181-I-4,RIO ITAPECURU,6.0,SALINIDADE,1,0.03,0.03,,0.03,0.03
MA-7181-I-4,RIO ITAPECURU,7.0,SALINIDADE,2,0.035,0.035,0.007071067811865474,0.03,0.04
MA-7181-I-4,RIO ITAPECURU,8.0,SALINIDADE,2,0.015,0.015,0.021213203435596427,0.0,0.03
MA-7181-I-4,RIO ITAPECURU,9.0,SALINIDADE,2,0.04,0.04,0.014142135623730954,0.03,0.05
MA-7181-I-4,RIO ITAPECURU,10.0,SALINIDADE,2,0.04,0.04,0.0,0.04,0.04
MA-7182-I-2,RIO PERITORO,4.0,SALINIDADE,2,0.15000000000000002,0.15000000000000002,0.1131370849898476,0.07,0.23
MA-7182-I-2,RIO PERITORO,5.0,SALINIDADE,2,0.18,0.18,0.0,0.18,0.18
MA-7182-I-2,RIO PERITORO,6.0,SALINIDADE,2,0.095,0.095,0.007071067811865481,0.09,0.1
MA-7182-I-2,RIO PERITORO,7.0,SALINIDADE,2,0.04,0.04,0.014142135623730954,0.03,0.05
MA-7182-I-2,RIO PERITORO,8.0,SALINIDADE,2,0.11499999999999999,0.11499999999999999,0.13435028842544403,0.02,0.21
MA-7182-I-2,RIO PERITORO,9.0,SALINIDADE,2,0.24,0.24,0.16970562748477142,0.12,0.36
MA-7182-I-2,RIO PERITORO,10.0,SALINIDADE,2,0.19,0.19,0.08485281374238571,0.13,0.25
MA-7182-I-3,RIO PERITORO,4.0,SALINIDADE,2,0.14500000000000002,0.14500000000000002,0.10606601717798211,0.07,0.22
MA-7182-I-3,RIO PERITORO,5.0,SALINIDADE,1,0.2,0.2,,0.2,0.2
MA-7182-I-3,RIO PERITORO,6.0,SALINIDADE,2,0.125,0.125,0.02121320343559643,0.11,0.14
MA-7182-I-3,RIO PERITORO,7.0,SALINIDADE,2,0.05,0.05,0.01414213562373095,0.04,0.06
MA-7182-I-3,RIO PERITORO,8.0,SALINIDADE,2,0.125,0.125,0.12020815280171307,0.04,0.21
MA-7182-I-3,RIO PERITORO,9.0,SALINIDADE,2,0.25,0.25,0.16970562748477142,0.13,0.37
MA-7182-I-3,RIO PERITORO,10.0,SALINIDADE,2,0.20500000000000002,0.20500000000000002,0.06363961030678926,0.16,0.25
MA-7183-I-3,RIO ITAPECURU,3.0,SALINIDADE,2,0.015,0.015,0.007071067811865476,0.01,0.02
MA-7183-I-3,RIO ITAPECURU,4.0,SALINIDADE,2,0.045,0.045,0.021213203435596427,0.03,0.06
MA-7183-I-3,RIO ITAPECURU,6.0,SALINIDADE,2,0.025,0.025,0.007071067811865475,0.02,0.03
MA-7183-I-3,RIO ITAPECURU,7.0,SALINIDADE,2,0.04,0.04,0.014142135623730954,0.03,0.05
MA-7183-I-3,RIO ITAPECURU,8.0,SALINIDADE,2,0.045,0.045,0.007071067811865479,0.04,0.05
MA-7183-I-3,RIO ITAPECURU,9.0,SALINIDADE,2,0.045,0.045,0.021213203435596427,0.03,0.06
MA-7183-I-3,RIO ITAPECURU,10.0,SALINIDADE,2,0.045,0.045,0.007071067811865474,0.04,0.05
MA-7183-I-4,RIO ITAPECURU,3.0,SALINIDADE,2,0.025,0.025,0.007071067811865475,0.02,0.03
MA-7183-I-4,RIO ITAPECURU,4.0,SALINIDADE,2,0.045,0.045,0.021213203435596427,0.03,0.06
MA-7183-I-4,RIO ITAPECURU,5.0,SALINIDADE,2,0.03,0.03,0.0,0.03,0.03
MA-7183-I-4,RIO ITAPECURU,6.0,SALINIDADE,2,0.04,0.04,0.014142135623730954,0.03,0.05
MA-7183-I-4,RIO ITAPECURU,7.0,SALINIDADE,2,0.04,0.04,0.014142135623730954,0.03,0.05
MA-7183-I-4,RIO ITAPECURU,8.0,SALINIDADE,2,0.045,0.045,0.007071067811865479,0.04,0.05
MA-7183-I-4,RIO ITAPECURU,9.0,SALINIDADE,2,0.045,0.045,0.021213203435596427,0.03,0.06
MA-7183-I-4,RIO ITAPECURU,10.0,SALINIDADE,2,0.04,0.04,0.0,0.04,0.04
MA-7184-I-1,RIO CODOZINHO,7.0,SALINIDADE,2,0.095,0.095,0.06363961030678929,0.05,0.14
MA-7184-I-1,RIO CODOZINHO,8.0,SALINIDADE,2,0.115,0.115,0.06363961030678927,0.07,0.16
MA-7184-I-1,RIO CODOZINHO,9.0,SALINIDADE,1,0.14,0.14,,0.14,0.14
MA-7184-I-1,RIO CODOZINHO,10.0,SALINIDADE,1,0.1,0.1,,0.1,0.1
MA-7185-I-1,RIACHO PERITORO,3.0,SALINIDADE,1,0.12,0.12,,0.12,0.12
MA-7185-I-1,RIACHO PERITORO,4.0,SALINIDADE,2,0.07,0.07,0.014142135623730947,0.06,0.08
MA-7185-I-1,RIACHO PERITORO,6.0,SALINIDADE,2,0.07,0.07,0.014142135623730947,0.06,0.08
MA-7185-I-1,RIACHO PERITORO,7.0,SALINIDADE,2,0.055,0.055,0.03535533905932738,0.03,0.08
MA-7185-I-1,RIACHO PERITORO,8.0,SALINIDADE,2,0.07,0.07,0.042426406871192854,0.04,0.1
MA-7185-I-1,RIACHO PERITORO,9.0,SALINIDADE,2,0.13,0.13,0.08485281374238571,0.07,0.19
MA-7185-I-1,RIACHO PERITORO,10.0,SALINIDADE,2,0.095,0.095,0.03535533905932737,0.07,0.12
MA-7185-I-10,RIO ITAPECURU,3.0,SALINIDADE,2,0.02,0.02,0.0,0.02,0.02
MA-7185-I-10,RIO ITAPECURU,4.0,SALINIDADE,2,0.03,0.03,0.01414213562373095,0.02,0.04
MA-7185-I-10,RIO ITAPECURU,6.0,SALINIDADE,2,0.025,0.025,0.007071067811865473,0.02,0.03
MA-7185-I-10,RIO ITAPECURU,7.0,SALINIDADE,2,0.035,0.035,0.007071067811865474,0.03,0.04
MA-7185-I-10,RIO ITAPECURU,8.0,SALINIDADE,2,0.03,0.03,0.014142135623730952,0.02,0.04
MA-7185-I-10,RIO ITAPECURU,9.0,SALINIDADE,2,0.03,0.03,0.01414213562373095,0.02,0.04
MA-7185-I-10,RIO ITAPECURU,10.0,SALINIDADE,2,0.03,0.03,0.0,0.03,0.03
MA-7185-I-11,RIO ITAPECURU,3.0,SALINIDADE,2,0.015,0.015,0.007071067811865475,0.01,0.02
MA-7185-I-11,RIO ITAPECURU,4.0,SALINIDADE,2,0.03,0.03,0.01414213562373095,0.02,0.04
MA-7185-I-11,RIO ITAPECURU,5.0,SALINIDADE,2,0.02,0.02,0.0,0.02,0.02
MA-7185-I-11,RIO ITAPECURU,6.0,SALINIDADE,2,0.025,0.025,0.007071067811865473,0.02,0.03
MA-7185-I-11,RIO ITAPECURU,7.0,SALINIDADE,2,0.045,0.045,0.021213203435596427,0.03,0.06
MA-7185-I-11,RIO ITAPECURU,8.0,SALINIDADE,2,0.03,0.03,0.014142135623730952,0.02,0.04
MA-7185-I-11,RIO ITAPECURU,9.0,SALINIDADE,2,0.03,0.03,0.01414213562373095,0.02,0.04
MA-7185-I-11,RIO ITAPECURU,10.0,SALINIDADE,2,0.03,0.03,0.0,0.03,0.03
MA-7185-I-12,RIO ITAPECURU,3.0,SALINIDADE,2,0.01,0.01,0.0,0.01,0.01
MA-7185-I-12,RIO ITAPECURU,4.0,SALINIDADE,2,0.02,0.02,0.01414213562373095,0.01,0.03
MA-7185-I-12,RIO ITAPECURU,5.0,SALINIDADE,2,0.01,0.01,0.0,0.01,0.01
MA-7185-I-12,RIO ITAPECURU,6.0,SALINIDADE,2,0.02,0.02,0.01414213562373095,0.01,0.03
MA-7185-I-12,RIO ITAPECURU,7.0,SALINIDADE,2,0.045,0.045,0.021213203435596427,0.03,0.06
MA-7185-I-12,RIO ITAPECURU,8.0,SALINIDADE,2,0.03,0.03,0.014142135623730952,0.02,0.04
MA-7185-I-12,RIO ITAPECURU,9.0,SALINIDADE,2,0.02,0.02,0.01414213562373095,0.01,0.03
MA-7185-I-12,RIO ITAPECURU,10.0,SALINIDADE,2,0.025,0.025,0.007071067811865475,0.02,0.03
MA-7185-I-3,RIO TAPUIO,2.0,SALINIDADE,2,0.032,0.032,0.03959797974644666,0.004,0.06
MA-7185-I-3,RIO TAPUIO,3.0,SALINIDADE,2,0.085,0.085,0.07778174593052024,0.03,0.14
MA-7185-I-3,RIO TAPUIO,4.0,SALINIDADE,2,0.07500000000000001,0.07500000000000001,0.035355339059327376,0.05,0.1
MA-7185-I-3,RIO TAPUIO,5.0,SALINIDADE,2,0.21000000000000002,0.21000000000000002,0.028284271247461894,0.19,0.23
MA-7185-I-3,RIO TAPUIO,6.0,SALINIDADE,2,0.065,0.065,0.007071067811865481,0.06,0.07
MA-7185-I-3,RIO TAPUIO,7.0,SALINIDADE,1,0.09,0.09,,0.09,0.09
MA-7185-I-3,RIO TAPUIO,8.0,SALINIDADE,1,0.09,0.09,,0.09,0.09
MA-7185-I-3,RIO TAPUIO,9.0,SALINIDADE,2,0.095,0.095,0.04949747468305833,0.06,0.13
MA-7185-I-3,RIO TAPUIO,10.0,SALINIDADE,2,0.13,0.13,0.0,0.13,0.13
MA-7185-I-5,RIO PIRAPEMAS,3.0,SALINIDADE,2,0.125,0.125,0.10606601717798214,0.05,0.2
MA-7185-I-5,RIO PIRAPEMAS,4.0,SALINIDADE,2,0.060000000000000005,0.060000000000000005,0.014142135623730954,0.05,0.07
MA-7185-I-5,RIO PIRAPEMAS,5.0,SALINIDADE,2,0.08499999999999999,0.08499999999999999,0.007071067811865477,0.08,0.09
MA-7185-I-5,RIO PIRAPEMAS,6.0,SALINIDADE,2,0.07,0.07,0.0282842712474619,0.05,0.09
MA-7185-I-5,RIO PIRAPEMAS,7.0,SALINIDADE,2,0.06,0.06,0.042426406871192854,0.03,0.09
MA-7185-I-5,RIO PIRAPEMAS,8.0,SALINIDADE,2,0.09,0.09,0.014142135623730958,0.08,0.1
MA-7185-I-5,RIO PIRAPEMAS,9.0,SALINIDADE,2,0.11,0.11,0.07071067811865477,0.06,0.16
MA-7185-I-5,RIO PIRAPEMAS,10.0,SALINIDADE,2,0.12,0.12,0.0,0.12,0.12
MA-7185-I-6,RIO ITAPECURU,7.0,SALINIDADE,2,0.045,0.045,0.021213203435596427,0.03,0.06
MA-7185-I-6,RIO ITAPECURU,8.0,SALINIDADE,1,0.02,0.02,,0.02,0.02
MA-7185-I-6,RIO ITAPECURU,9.0,SALINIDADE,2,0.02,0.02,0.01414213562373095,0.01,0.03
MA-7185-I-6,RIO ITAPECURU,10.0,SALINIDADE,2,0.025,0.025,0.007071067811865475,0.02,0.03
MA-7185-I-7,RIO ITAPECURU,3.0,SALINIDADE,2,0.02,0.02,0.0,0.02,0.02
MA-7185-I-7,RIO ITAPECURU,4.0,SALINIDADE,2,0.035,0.035,0.021213203435596427,0.02,0.05
MA-7185-I-7,RIO ITAPECURU,6.0,SALINIDADE,2,0.03,0.03,0.014142135623730952,0.02,0.04
MA-7185-I-7,RIO ITAPECURU,7.0,SALINIDADE,2,0.04,0.04,0.014142135623730954,0.03,0.05
MA-7185-I-7,RIO ITAPECURU,8.0,SALINIDADE,2,0.035,0.035,0.007071067811865474,0.03,0.04
MA-7185-I-7,RIO ITAPECURU,9.0,SALINIDADE,1,0.05,0.05,,0.05,0.05
MA-7185-I-7,RIO ITAPECURU,10.0,SALINIDADE,2,0.035,0.035,0.007071067811865479,0.03,0.04
MA-7185-I-8,RIO ITAPECURU,5.0,SALINIDADE,2,0.01,0.01,0.0,0.01,0.01
MA-7185-I-8,RIO ITAPECURU,6.0,SALINIDADE,2,0.025,0.025,0.007071067811865473,0.02,0.03
MA-7185-I-8,RIO ITAPECURU,7.0,SALINIDADE,2,0.045,0.045,0.021213203435596427,0.03,0.06
MA-7185-I-8,RIO ITAPECURU,8.0,SALINIDADE,1,0.02,0.02,,0.02,0.02
MA-7185-I-8,RIO ITAPECURU,9.0,SALINIDADE,2,0.03,0.03,0.01414213562373095,0.02,0.04
MA-7185-I-8,RIO ITAPECURU,10.0,SALINIDADE,2,0.03,0.03,0.0,0.03,0.03
MA-7185-I-9,RIO ITAPECURU,5.0,SALINIDADE,2,0.02,0.02,0.0,0.02,0.02
MA-7185-I-9,RIO ITAPECURU,6.0,SALINIDADE,2,0.03,0.03,0.014142135623730952,0.02,0.04
MA-7187-I-11,RIO ITAPECURU,10.0,SALINIDADE,1,0.01,0.01,,0.01,0.01
MA-7187-I-2,RIO ITAPECURU,10.0,SALINIDADE,1,0.01,0.01,,0.01,0.01
MA-7187-I-4,RIO ALPERCATAS,10.0,SALINIDADE,1,0.0,0.0,,0.0,0.0
MA-7189-I-4,RIO ITAPECURU,10.0,SALINIDADE,1,0.0,0.0,,0.0,0.0
MA-7191-IE-4,RIO ITAPECURU,1.0,SALINIDADE,1,0.99,0.99,,0.99,0.99
MA-7191-IE-4,RIO ITAPECURU,2.0,SALINIDADE,2,0.05,0.05,0.0,0.05,0.05
MA-7191-IE-4,RIO ITAPECURU,3.0,SALINIDADE,2,11.105,11.105,6.8235804384501835,6.28,15.93
MA-7191-IE-4,RIO ITAPECURU,4.0,SALINIDADE,2,0.055,0.055,0.03535533905932738,0.03,0.08
MA-7191-IE-4,RIO ITAPECURU,5.0,SALINIDADE,2,1.1099999999999999,1.1099999999999999,0.5798275605729689,0.7,1.52
MA-7191-IE-4,RIO ITAPECURU,6.0,SALINIDADE,1,0.04,0.04,,0.04,0.04
MA-7191-IE-4,RIO ITAPECURU,7.0,SALINIDADE,2,0.08,0.08,0.0565685424949238,0.04,0.12
MA-7191-IE-4,RIO ITAPECURU,8.0,SALINIDADE,2,0.095,0.095,0.13435028842544403,0.0,0.19
MA-7191-IE-4,RIO ITAPECURU,9.0,SALINIDADE,2,0.095,0.095,0.06363961030678929,0.05,0.14
MA-7191-IE-4,RIO ITAPECURU,10.0,SALINIDADE,2,0.5650000000000001,0.5650000000000001,0.7424621202458749,0.04,1.09
MA-7199-I-1,RIO ITAPECURU,10.0,SALINIDADE,1,0.0,0.0,,0.0,0.0
MA-7164-I-19,RIO ITAPECURU,6.0,ALCALINIDADE,1,16.0,16.0,,16.0,16.0
MA-7164-I-19,RIO ITAPECURU,7.0,ALCALINIDADE,2,21.0,21.0,7.0710678118654755,16.0,26.0
MA-7164-I-19,RIO ITAPECURU,8.0,ALCALINIDADE,2,32.0,32.0,5.656854249492381,28.0,36.0
MA-7164-I-19,RIO ITAPECURU,9.0,ALCALINIDADE,2,47.0,47.0,1.4142135623730951,46.0,48.0
MA-7164-I-19,RIO ITAPECURU,10.0,ALCALINIDADE,2,30.0,30.0,14.142135623730951,20.0,40.0
MA-7181-I-1,RIO ITAPECURU,5.0,ALCALINIDADE,2,12.0,12.0,11.313708498984761,4.0,20.0
MA-7181-I-1,RIO ITAPECURU,6.0,ALCALINIDADE,1,20.0,20.0,,20.0,20.0
MA-7181-I-1,RIO ITAPECURU,7.0,ALCALINIDADE,2,20.0,20.0,5.656854249492381,16.0,24.0
MA-7181-I-1,RIO ITAPECURU,8.0,ALCALINIDADE,2,35.0,35.0,7.0710678118654755,30.0,40.0
MA-7181-I-1,RIO ITAPECURU,9.0,ALCALINIDADE,2,42.0,42.0,14.142135623730951,32.0,52.0
MA-7181-I-1,RIO ITAPECURU,10.0,ALCALINIDADE,2,30.0,30.0,2.8284271247461903,28.0,32.0
MA-7181-I-2,RIO ITAPECURU,5.0,ALCALINIDADE,2,15.0,15.0,4.242640687119285,12.0,18.0
MA-7181-I-2,RIO ITAPECURU,6.0,ALCALINIDADE,1,10.0,10.0,,10.0,10.0
MA-7181-I-2,RIO ITAPECURU,7.0,ALCALINIDADE,2,23.0,23.0,7.0710678118654755,18.0,28.0
MA-7181-I-2,RIO ITAPECURU,8.0,ALCALINIDADE,2,36.0,36.0,5.656854249492381,32.0,40.0
MA-7181-I-2,RIO ITAPECURU,9.0,ALCALINIDADE,2,37.0,37.0,4.242640687119285,34.0,40.0
MA-7181-I-2,RIO ITAPECURU,10.0,ALCALINIDADE,2,35.0,35.0,9.899494936611665,28.0,42.0
MA-7181-I-3,RIO ITAPECURU,5.0,ALCALINIDADE,2,13.0,13.0,9.899494936611665,6.0,20.0
MA-7181-I-3,RIO ITAPECURU,6.0,ALCALINIDADE,1,18.0,18.0,,18.0,18.0
MA-7181-I-3,RIO ITAPECURU,7.0,ALCALINIDADE,2,20.0,20.0,11.313708498984761,12.0,28.0
MA-7181-I-3,RIO ITAPECURU,8.0,ALCALINIDADE,2,40.0,40.0,0.0,40.0,40.0
MA-7181-I-3,RIO ITAPECURU,9.0,ALCALINIDADE,2,51.0,51.0,7.0710678118654755,46.0,56.0
MA-7181-I-3,RIO ITAPECURU,10.0,ALCALINIDADE,2,23.0,23.0,1.4142135623730951,22.0,24.0
MA-7181-I-4,RIO ITAPECURU,5.0,ALCALINIDADE,2,9.0,9.0,4.242640687119285,6.0,12.0
MA-7181-I-4,RIO ITAPECURU,6.0,ALCALINIDADE,1,18.0,18.0,,18.0,18.0
MA-7181-I-4,RIO ITAPECURU,7.0,ALCALINIDADE,2,18.0,18.0,2.8284271247461903,16.0,20.0
MA-7181-I-4,RIO ITAPECURU,8.0,ALCALINIDADE,2,34.0,34.0,14.142135623730951,24.0,44.0
MA-7181-I-4,RIO ITAPECURU,9.0,ALCALINIDADE,2,47.0,47.0,12.727922061357855,38.0,56.0
MA-7181-I-4,RIO ITAPECURU,10.0,ALCALINIDADE,2,26.0,26.0,8.48528137423857,20.0,32.0
MA-7182-I-2,RIO PERITORO,5.0,ALCALINIDADE,2,14.0,14.0,16.97056274847714,2.0,26.0
MA-7182-I-2,RIO PERITORO,6.0,ALCALINIDADE,2,23.0,23.0,1.4142135623730951,22.0,24.0
MA-7182-I-2,RIO PERITORO,7.0,ALCALINIDADE,2,22.5,22.5,10.606601717798213,15.0,30.0
MA-7182-I-2,RIO PERITORO,8.0,ALCALINIDADE,2,11.12,11.12,15.386643558619273,0.24,22.0
MA-7182-I-2,RIO PERITORO,9.0,ALCALINIDADE,2,45.0,45.0,32.526911934581186,22.0,68.0
MA-7182-I-2,RIO PERITORO,10.0,ALCALINIDADE,2,30.0,30.0,8.48528137423857,24.0,36.0
MA-7182-I-3,RIO PERITORO,5.0,ALCALINIDADE,1,10.0,10.0,,10.0,10.0
MA-7182-I-3,RIO PERITORO,6.0,ALCALINIDADE,2,12.0,12.0,5.656854249492381,8.0,16.0
MA-7182-I-3,RIO PERITORO,7.0,ALCALINIDADE,2,20.0,20.0,0.0,20.0,20.0
MA-7182-I-3,RIO PERITORO,8.0,ALCALINIDADE,2,13.1,13.1,18.243354954612926,0.2,26.0
MA-7182-I-3,RIO PERITORO,9.0,ALCALINIDADE,2,36.0,36.0,25.45584412271571,18.0,54.0
MA-7182-I-3,RIO PERITORO,10.0,ALCALINIDADE,2,45.0,45.0,1.4142135623730951,44.0,46.0
MA-7183-I-3,RIO ITAPECURU,6.0,ALCALINIDADE,2,10.0,10.0,0.0,10.0,10.0
MA-7183-I-3,RIO ITAPECURU,7.0,ALCALINIDADE,2,22.5,22.5,3.5355339059327378,20.0,25.0
MA-7183-I-3,RIO ITAPECURU,8.0,ALCALINIDADE,2,14.1,14.1,19.65756851698602,0.2,28.0
MA-7183-I-3,RIO ITAPECURU,9.0,ALCALINIDADE,2,33.0,33.0,7.0710678118654755,28.0,38.0
MA-7183-I-3,RIO ITAPECURU,10.0,ALCALINIDADE,2,46.0,46.0,5.656854249492381,42.0,50.0
MA-7183-I-4,RIO ITAPECURU,5.0,ALCALINIDADE,2,8.0,8.0,2.8284271247461903,6.0,10.0
MA-7183-I-4,RIO ITAPECURU,6.0,ALCALINIDADE,2,12.0,12.0,0.0,12.0,12.0
MA-7183-I-4,RIO ITAPECURU,7.0,ALCALINIDADE,2,22.0,22.0,0.0,22.0,22.0
MA-7183-I-4,RIO ITAPECURU,8.0,ALCALINIDADE,2,19.08,19.08,26.756920600098958,0.16,38.0
MA-7183-I-4,RIO ITAPECURU,9.0,ALCALINIDADE,2,33.0,33.0,4.242640687119285,30.0,36.0
MA-7183-I-4,RIO ITAPECURU,10.0,ALCALINIDADE,2,47.0,47.0,9.899494936611665,40.0,54.0
MA-7184-I-1,RIO CODOZINHO,7.0,ALCALINIDADE,2,27.0,27.0,15.556349186104045,16.0,38.0
MA-7184-I-1,RIO CODOZINHO,8.0,ALCALINIDADE,2,22.11,22.11,30.957134880347052,0.22,44.0
MA-7184-I-1,RIO CODOZINHO,9.0,ALCALINIDADE,1,58.0,58.0,,58.0,58.0
MA-7184-I-1,RIO CODOZINHO,10.0,ALCALINIDADE,1,64.0,64.0,,64.0,64.0
MA-7185-I-1,RIACHO PERITORO,6.0,ALCALINIDADE,2,25.0,25.0,1.4142135623730951,24.0,26.0
MA-7185-I-1,RIACHO PERITORO,7.0,ALCALINIDADE,2,19.0,19.0,1.4142135623730951,18.0,20.0
MA-7185-I-1,RIACHO PERITORO,8.0,ALCALINIDADE,2,19.1,19.1,26.728636328851497,0.2,38.0
MA-7185-I-1,RIACHO PERITORO,9.0,ALCALINIDADE,2,59.0,59.0,32.526911934581186,36.0,82.0
MA-7185-I-1,RIACHO PERITORO,10.0,ALCALINIDADE,2,51.0,51.0,1.4142135623730951,50.0,52.0
MA-7185-I-10,RIO ITAPECURU,6.0,ALCALINIDADE,2,8.0,8.0,0.0,8.0,8.0
MA-7185-I-10,RIO ITAPECURU,7.0,ALCALINIDADE,2,18.5,18.5,9.192388155425117,12.0,25.0
MA-7185-I-10,RIO ITAPECURU,8.0,ALCALINIDADE,2,17.07,17.07,23.9426356109765,0.14,34.0
MA-7185-I-10,RIO ITAPECURU,9.0,ALCALINIDADE,2,28.0,28.0,11.313708498984761,20.0,36.0
MA-7185-I-10,RIO ITAPECURU,10.0,ALCALINIDADE,2,44.0,44.0,22.627416997969522,28.0,60.0
MA-7185-I-11,RIO ITAPECURU,5.0,ALCALINIDADE,2,6.0,6.0,0.0,6.0,6.0
MA-7185-I-11,RIO ITAPECURU,6.0,ALCALINIDADE,2,10.0,10.0,0.0,10.0,10.0
MA-7185-I-11,RIO ITAPECURU,7.0,ALCALINIDADE,2,22.5,22.5,0.7071067811865476,22.0,23.0
MA-7185-I-11,RIO ITAPECURU,8.0,ALCALINIDADE,2,17.055,17.055,23.963848814412096,0.11,34.0
MA-7185-I-11,RIO ITAPECURU,9.0,ALCALINIDADE,2,26.0,26.0,11.313708498984761,18.0,34.0
MA-7185-I-11,RIO ITAPECURU,10.0,ALCALINIDADE,2,29.0,29.0,4.242640687119285,26.0,32.0
MA-7185-I-12,RIO ITAPECURU,5.0,ALCALINIDADE,2,11.0,11.0,1.4142135623730951,10.0,12.0
MA-7185-I-12,RIO ITAPECURU,6.0,ALCALINIDADE,2,22.0,22.0,2.8284271247461903,20.0,24.0
MA-7185-I-12,RIO ITAPECURU,7.0,ALCALINIDADE,2,23.0,23.0,4.242640687119285,20.0,26.0
MA-7185-I-12,RIO ITAPECURU,8.0,ALCALINIDADE,2,18.09,18.09,25.328564902102134,0.18,36.0
MA-7185-I-12,RIO ITAPECURU,9.0,ALCALINIDADE,2,27.0,27.0,7.0710678118654755,22.0,32.0
MA-7185-I-12,RIO ITAPECURU,10.0,ALCALINIDADE,2,21.0,21.0,1.4142135623730951,20.0,22.0
MA-7185-I-3,RIO TAPUIO,5.0,ALCALINIDADE,2,17.0,17.0,4.242640687119285,14.0,20.0
MA-7185-I-3,RIO TAPUIO,6.0,ALCALINIDADE,2,13.0,13.0,4.242640687119285,10.0,16.0
MA-7185-I-3,RIO TAPUIO,7.0,ALCALINIDADE,1,10.0,10.0,,10.0,10.0
MA-7185-I-3,RIO TAPUIO,8.0,ALCALINIDADE,1,64.0,64.0,,64.0,64.0
MA-7185-I-3,RIO TAPUIO,9.0,ALCALINIDADE,2,60.0,60.0,25.45584412271571,42.0,78.0
MA-7185-I-3,RIO TAPUIO,10.0,ALCALINIDADE,2,98.0,98.0,5.656854249492381,94.0,102.0
MA-7185-I-5,RIO PIRAPEMAS,5.0,ALCALINIDADE,2,10.0,10.0,2.8284271247461903,8.0,12.0
MA-7185-I-5,RIO PIRAPEMAS,6.0,ALCALINIDADE,2,12.0,12.0,5.656854249492381,8.0,16.0
MA-7185-I-5,RIO PIRAPEMAS,7.0,ALCALINIDADE,2,19.5,19.5,4.949747468305833,16.0,23.0
MA-7185-I-5,RIO PIRAPEMAS,8.0,ALCALINIDADE,2,8.07,8.07,11.214713549618644,0.14,16.0
MA-7185-I-5,RIO PIRAPEMAS,9.0,ALCALINIDADE,2,31.0,31.0,9.899494936611665,24.0,38.0
MA-7185-I-5,RIO PIRAPEMAS,10.0,ALCALINIDADE,2,68.0,68.0,16.97056274847714,56.0,80.0
MA-7185-I-6,RIO ITAPECURU,7.0,ALCALINIDADE,2,16.5,16.5,0.7071067811865476,16.0,17.0
MA-7185-I-6,RIO ITAPECURU,8.0,ALCALINIDADE,2,18.09,18.09,25.328564902102134,0.18,36.0
MA-7185-I-6,RIO ITAPECURU,9.0,ALCALINIDADE,2,26.0,26.0,2.8284271247461903,24.0,28.0
MA-7185-I-6,RIO ITAPECURU,10.0,ALCALINIDADE,2,40.0,40.0,31.11269837220809,18.0,62.0
MA-7185-I-7,RIO ITAPECURU,6.0,ALCALINIDADE,2,11.0,11.0,1.4142135623730951,10.0,12.0
MA-7185-I-7,RIO ITAPECURU,7.0,ALCALINIDADE,2,19.0,19.0,1.4142135623730951,18.0,20.0
MA-7185-I-7,RIO ITAPECURU,8.0,ALCALINIDADE,2,11.09,11.09,15.429069965490468,0.18,22.0
MA-7185-I-7,RIO ITAPECURU,9.0,ALCALINIDADE,1,52.0,52.0,,52.0,52.0
MA-7185-I-7,RIO ITAPECURU,10.0,ALCALINIDADE,2,31.0,31.0,1.4142135623730951,30.0,32.0
MA-7185-I-8,RIO ITAPECURU,5.0,ALCALINIDADE,2,6.0,6.0,0.0,6.0,6.0
MA-7185-I-8,RIO ITAPECURU,6.0,ALCALINIDADE,2,10.0,10.0,2.8284271247461903,8.0,12.0
MA-7185-I-8,RIO ITAPECURU,7.0,ALCALINIDADE,2,27.0,27.0,7.0710678118654755,22.0,32.0
MA-7185-I-8,RIO ITAPECURU,8.0,ALCALINIDADE,2,22.09,22.09,30.985419151594513,0.18,44.0
MA-7185-I-8,RIO ITAPECURU,9.0,ALCALINIDADE,2,28.0,28.0,5.656854249492381,24.0,32.0
MA-7185-I-8,RIO ITAPECURU,10.0,ALCALINIDADE,2,32.0,32.0,5.656854249492381,28.0,36.0
MA-7185-I-9,RIO ITAPECURU,5.0,ALCALINIDADE,2,11.2,11.2,4.525483399593905,8.0,14.4
MA-7185-I-9,RIO ITAPECURU,6.0,ALCALINIDADE,2,13.0,13.0,1.4142135623730951,12.0,14.0
MA-7187-I-11,RIO ITAPECURU,10.0,ALCALINIDADE,1,24.0,24.0,,24.0,24.0
MA-7187-I-2,RIO ITAPECURU,10.0,ALCALINIDADE,1,10.0,10.0,,10.0,10.0
MA-7187-I-4,RIO ALPERCATAS,10.0,ALCALINIDADE,1,18.0,18.0,,18.0,18.0
MA-7189-I-4,RIO ITAPECURU,10.0,ALCALINIDADE,1,12.0,12.0,,12.0,12.0
MA-7191-IE-4,RIO ITAPECURU,5.0,ALCALINIDADE,2,16.5,16.5,16.263455967290593,5.0,28.0
MA-7191-IE-4,RIO ITAPECURU,6.0,ALCALINIDADE,1,18.0,18.0,,18.0,18.0
MA-7191-IE-4,RIO ITAPECURU,7.0,ALCALINIDADE,2,23.0,23.0,12.727922061357855,14.0,32.0
MA-7191-IE-4,RIO ITAPECURU,8.0,ALCALINIDADE,2,40.0,40.0,11.313708498984761,32.0,48.0
MA-7191-IE-4,RIO ITAPECURU,9.0,ALCALINIDADE,2,56.0,56.0,11.313708498984761,48.0,64.0
MA-7191-IE-4,RIO ITAPECURU,10.0,ALCALINIDADE,2,33.0,33.0,15.556349186104045,22.0,44.0
MA-7199-I-1,RIO ITAPECURU,10.0,ALCALINIDADE,1,8.0,8.0,,8.0,8.0
MA-7164-I-19,RIO ITAPECURU,6.0,TRANSPARENCIA_AGUA,1,0.2,0.2,,0.2,0.2
MA-7164-I-19,RIO ITAPECURU,7.0,TRANSPARENCIA_AGUA,2,0.225,0.225,0.03535533905932737,0.2,0.25
MA-7164-I-19,RIO ITAPECURU,8.0,TRANSPARENCIA_AGUA,2,0.325,0.325,0.24748737341529164,0.15,0.5
MA-7164-I-19,RIO ITAPECURU,9.0,TRANSPARENCIA_AGUA,2,0.25,0.25,0.21213203435596428,0.1,0.4
MA-7164-I-19,RIO ITAPECURU,10.0,TRANSPARENCIA_AGUA,2,0.3,0.3,0.0,0.3,0.3
MA-7181-I-1,RIO ITAPECURU,5.0,TRANSPARENCIA_AGUA,2,0.6,0.6,0.14142135623730948,0.5,0.7
MA-7181-I-1,RIO ITAPECURU,6.0,TRANSPARENCIA_AGUA,1,0.2,0.2,,0.2,0.2
MA-7181-I-1,RIO ITAPECURU,7.0,TRANSPARENCIA_AGUA,2,0.25,0.25,0.07071067811865474,0.2,0.3
MA-7181-I-1,RIO ITAPECURU,8.0,TRANSPARENCIA_AGUA,2,0.325,0.325,0.24748737341529164,0.15,0.5
MA-7181-I-1,RIO ITAPECURU,9.0,TRANSPARENCIA_AGUA,2,0.22499999999999998,0.22499999999999998,0.10606601717798214,0.15,0.3
MA-7181-I-1,RIO ITAPECURU,10.0,TRANSPARENCIA_AGUA,2,0.3,0.3,0.0,0.3,0.3
MA-7181-I-2,RIO ITAPECURU,5.0,TRANSPARENCIA_AGUA,2,0.6000000000000001,0.6000000000000001,0.28284271247461906,0.4,0.8
MA-7181-I-2,RIO ITAPECURU,6.0,TRANSPARENCIA_AGUA,1,0.0,0.0,,0.0,0.0
MA-7181-I-2,RIO ITAPECURU,7.0,TRANSPARENCIA_AGUA,1,0.3,0.3,,0.3,0.3
MA-7181-I-2,RIO ITAPECURU,8.0,TRANSPARENCIA_AGUA,2,0.47500000000000003,0.47500000000000003,0.45961940777125593,0.15,0.8
MA-7181-I-2,RIO ITAPECURU,9.0,TRANSPARENCIA_AGUA,2,0.375,0.375,0.31819805153394637,0.15,0.6
MA-7181-I-2,RIO ITAPECURU,10.0,TRANSPARENCIA_AGUA,2,0.3,0.3,0.0,0.3,0.3
MA-7181-I-3,RIO ITAPECURU,5.0,TRANSPARENCIA_AGUA,2,0.5,0.5,0.14142135623730948,0.4,0.6
MA-7181-I-3,RIO ITAPECURU,6.0,TRANSPARENCIA_AGUA,1,0.2,0.2,,0.2,0.2
MA-7181-I-3,RIO ITAPECURU,7.0,TRANSPARENCIA_AGUA,2,0.225,0.225,0.03535533905932737,0.2,0.25
MA-7181-I-3,RIO ITAPECURU,8.0,TRANSPARENCIA_AGUA,2,0.47500000000000003,0.47500000000000003,0.45961940777125593,0.15,0.8
MA-7181-I-3,RIO ITAPECURU,9.0,TRANSPARENCIA_AGUA,2,0.3,0.3,0.0,0.3,0.3
MA-7181-I-3,RIO ITAPECURU,10.0,TRANSPARENCIA_AGUA,2,0.3,0.3,0.0,0.3,0.3
MA-7181-I-4,RIO ITAPECURU,5.0,TRANSPARENCIA_AGUA,2,0.575,0.575,0.6010407640085653,0.15,1.0
MA-7181-I-4,RIO ITAPECURU,6.0,TRANSPARENCIA_AGUA,1,0.2,0.2,,0.2,0.2
MA-7181-I-4,RIO ITAPECURU,7.0,TRANSPARENCIA_AGUA,2,0.65,0.65,0.21213203435596428,0.5,0.8
MA-7181-I-4,RIO ITAPECURU,8.0,TRANSPARENCIA_AGUA,1,0.5,0.5,,0.5,0.5
MA-7181-I-4,RIO ITAPECURU,9.0,TRANSPARENCIA_AGUA,2,0.42500000000000004,0.42500000000000004,0.03535533905932739,0.4,0.45
MA-7181-I-4,RIO ITAPECURU,10.0,TRANSPARENCIA_AGUA,2,0.3,0.3,0.0,0.3,0.3
MA-7182-I-2,RIO PERITORO,5.0,TRANSPARENCIA_AGUA,2,0.7,0.7,0.1414213562373096,0.6,0.8
MA-7182-I-2,RIO PERITORO,6.0,TRANSPARENCIA_AGUA,2,0.5,0.5,0.14142135623730948,0.4,0.6
MA-7182-I-2,RIO PERITORO,7.0,TRANSPARENCIA_AGUA,2,0.4,0.4,0.28284271247461895,0.2,0.6
MA-7182-I-2,RIO PERITORO,8.0,TRANSPARENCIA_AGUA,1,0.1,0.1,,0.1,0.1
MA-7182-I-2,RIO PERITORO,9.0,TRANSPARENCIA_AGUA,2,0.175,0.175,0.0353553390593274,0.15,0.2
MA-7182-I-2,RIO PERITORO,10.0,TRANSPARENCIA_AGUA,2,0.2,0.2,0.14142135623730948,0.1,0.3
MA-7182-I-3,RIO PERITORO,5.0,TRANSPARENCIA_AGUA,1,0.35,0.35,,0.35,0.35
MA-7182-I-3,RIO PERITORO,6.0,TRANSPARENCIA_AGUA,2,0.2,0.2,0.0,0.2,0.2
MA-7182-I-3,RIO PERITORO,7.0,TRANSPARENCIA_AGUA,2,0.475,0.475,0.38890872965260115,0.2,0.75
MA-7182-I-3,RIO PERITORO,8.0,TRANSPARENCIA_AGUA,2,0.2,0.2,0.1414213562373095,0.1,0.3
MA-7182-I-3,RIO PERITORO,9.0,TRANSPARENCIA_AGUA,2,0.175,0.175,0.0353553390593274,0.15,0.2
MA-7182-I-3,RIO PERITORO,10.0,TRANSPARENCIA_AGUA,2,0.2,0.2,0.14142135623730948,0.1,0.3
MA-7183-I-3,RIO ITAPECURU,6.0,TRANSPARENCIA_AGUA,2,0.6,0.6,0.0,0.6,0.6
MA-7183-I-3,RIO ITAPECURU,7.0,TRANSPARENCIA_AGUA,2,0.35,0.35,0.07071067811865477,0.3,0.4
MA-7183-I-3,RIO ITAPECURU,8.0,TRANSPARENCIA_AGUA,2,0.325,0.325,0.24748737341529164,0.15,0.5
MA-7183-I-3,RIO ITAPECURU,9.0,TRANSPARENCIA_AGUA,1,0.3,0.3,,0.3,0.3
MA-7183-I-3,RIO ITAPECURU,10.0,TRANSPARENCIA_AGUA,2,0.35,0.35,0.3535533905932738,0.1,0.6
MA-7183-I-4,RIO ITAPECURU,5.0,TRANSPARENCIA_AGUA,2,0.5,0.5,0.0,0.5,0.5
MA-7183-I-4,RIO ITAPECURU,6.0,TRANSPARENCIA_AGUA,2,0.5,0.5,0.14142135623730948,0.4,0.6
MA-7183-I-4,RIO ITAPECURU,7.0,TRANSPARENCIA_AGUA,2,0.3,0.3,0.0,0.3,0.3
MA-7183-I-4,RIO ITAPECURU,8.0,TRANSPARENCIA_AGUA,2,0.3,0.3,0.282842712474619,0.1,0.5
MA-7183-I-4,RIO ITAPECURU,9.0,TRANSPARENCIA_AGUA,2,0.2,0.2,0.0,0.2,0.2
MA-7183-I-4,RIO ITAPECURU,10.0,TRANSPARENCIA_AGUA,2,0.275,0.275,0.24748737341529162,0.1,0.45
MA-7184-I-1,RIO CODOZINHO,7.0,TRANSPARENCIA_AGUA,2,0.65,0.65,0.49497474683058335,0.3,1.0
MA-7184-I-1,RIO CODOZINHO,8.0,TRANSPARENCIA_AGUA,1,0.25,0.25,,0.25,0.25
MA-7185-I-1,RIACHO PERITORO,6.0,TRANSPARENCIA_AGUA,2,0.4,0.4,0.0,0.4,0.4
MA-7185-I-1,RIACHO PERITORO,7.0,TRANSPARENCIA_AGUA,2,0.55,0.55,0.49497474683058323,0.2,0.9
MA-7185-I-1,RIACHO PERITORO,8.0,TRANSPARENCIA_AGUA,2,0.2,0.2,0.1414213562373095,0.1,0.3
MA-7185-I-1,RIACHO PERITORO,9.0,TRANSPARENCIA_AGUA,1,0.3,0.3,,0.3,0.3
MA-7185-I-1,RIACHO PERITORO,10.0,TRANSPARENCIA_AGUA,2,0.375,0.375,0.31819805153394637,0.15,0.6
MA-7185-I-10,RIO ITAPECURU,6.0,TRANSPARENCIA_AGUA,2,0.4,0.4,0.0,0.4,0.4
MA-7185-I-10,RIO ITAPECURU,7.0,TRANSPARENCIA_AGUA,2,0.3,0.3,0.0,0.3,0.3
MA-7185-I-10,RIO ITAPECURU,8.0,TRANSPARENCIA_AGUA,2,0.2,0.2,0.1414213562373095,0.1,0.3
MA-7185-I-10,RIO ITAPECURU,9.0,TRANSPARENCIA_AGUA,2,0.3,0.3,0.0,0.3,0.3
MA-7185-I-10,RIO ITAPECURU,10.0,TRANSPARENCIA_AGUA,1,0.1,0.1,,0.1,0.1
MA-7185-I-11,RIO ITAPECURU,5.0,TRANSPARENCIA_AGUA,2,0.35,0.35,0.21213203435596428,0.2,0.5
MA-7185-I-11,RIO ITAPECURU,6.0,TRANSPARENCIA_AGUA,2,0.5,0.5,0.14142135623730948,0.4,0.6
MA-7185-I-11,RIO ITAPECURU,7.0,TRANSPARENCIA_AGUA,2,0.3,0.3,0.0,0.3,0.3
MA-7185-I-11,RIO ITAPECURU,8.0,TRANSPARENCIA_AGUA,2,0.3,0.3,0.282842712474619,0.1,0.5
MA-7185-I-11,RIO ITAPECURU,9.0,TRANSPARENCIA_AGUA,2,0.35,0.35,0.0707106781186548,0.3,0.4
MA-7185-I-11,RIO ITAPECURU,10.0,TRANSPARENCIA_AGUA,2,0.25,0.25,0.07071067811865474,0.2,0.3
MA-7185-I-12,RIO ITAPECURU,5.0,TRANSPARENCIA_AGUA,2,0.5,0.5,0.42426406871192857,0.2,0.8
MA-7185-I-12,RIO ITAPECURU,6.0,TRANSPARENCIA_AGUA,2,0.4,0.4,0.0,0.4,0.4
MA-7185-I-12,RIO ITAPECURU,7.0,TRANSPARENCIA_AGUA,2,0.5,0.5,0.14142135623730948,0.4,0.6
MA-7185-I-12,RIO ITAPECURU,8.0,TRANSPARENCIA_AGUA,2,0.275,0.275,0.03535533905932739,0.25,0.3
MA-7185-I-12,RIO ITAPECURU,9.0,TRANSPARENCIA_AGUA,2,0.22499999999999998,0.22499999999999998,0.10606601717798214,0.15,0.3
MA-7185-I-12,RIO ITAPECURU,10.0,TRANSPARENCIA_AGUA,2,0.3,0.3,0.0,0.3,0.3
MA-7185-I-3,RIO TAPUIO,6.0,TRANSPARENCIA_AGUA,1,0.5,0.5,,0.5,0.5
MA-7185-I-3,RIO TAPUIO,8.0,TRANSPARENCIA_AGUA,1,0.1,0.1,,0.1,0.1
MA-7185-I-3,RIO TAPUIO,9.0,TRANSPARENCIA_AGUA,2,0.15,0.15,0.0,0.15,0.15
MA-7185-I-3,RIO TAPUIO,10.0,TRANSPARENCIA_AGUA,1,0.3,0.3,,0.3,0.3
MA-7185-I-5,RIO PIRAPEMAS,5.0,TRANSPARENCIA_AGUA,2,0.8,0.8,0.0,0.8,0.8
MA-7185-I-5,RIO PIRAPEMAS,6.0,TRANSPARENCIA_AGUA,2,0.8,0.8,0.0,0.8,0.8
MA-7185-I-5,RIO PIRAPEMAS,7.0,TRANSPARENCIA_AGUA,2,0.42500000000000004,0.42500000000000004,0.03535533905932735,0.4,0.45
MA-7185-I-5,RIO PIRAPEMAS,8.0,TRANSPARENCIA_AGUA,2,0.825,0.825,0.9545941546018392,0.15,1.5
MA-7185-I-5,RIO PIRAPEMAS,9.0,TRANSPARENCIA_AGUA,2,0.65,0.65,0.4949747468305833,0.3,1.0
MA-7185-I-5,RIO PIRAPEMAS,10.0,TRANSPARENCIA_AGUA,1,0.3,0.3,,0.3,0.3
MA-7185-I-6,RIO ITAPECURU,7.0,TRANSPARENCIA_AGUA,2,0.6000000000000001,0.6000000000000001,0.282842712474619,0.4,0.8
MA-7185-I-6,RIO ITAPECURU,8.0,TRANSPARENCIA_AGUA,2,0.3,0.3,0.0,0.3,0.3
MA-7185-I-6,RIO ITAPECURU,9.0,TRANSPARENCIA_AGUA,2,0.25,0.25,0.07071067811865474,0.2,0.3
MA-7185-I-6,RIO ITAPECURU,10.0,TRANSPARENCIA_AGUA,2,0.22499999999999998,0.22499999999999998,0.10606601717798214,0.15,0.3
MA-7185-I-7,RIO ITAPECURU,6.0,TRANSPARENCIA_AGUA,2,0.4,0.4,0.0,0.4,0.4
MA-7185-I-7,RIO ITAPECURU,7.0,TRANSPARENCIA_AGUA,2,0.25,0.25,0.07071067811865474,0.2,0.3
MA-7185-I-7,RIO ITAPECURU,8.0,TRANSPARENCIA_AGUA,2,0.275,0.275,0.24748737341529164,0.1,0.45
MA-7185-I-7,RIO ITAPECURU,10.0,TRANSPARENCIA_AGUA,2,0.6,0.6,0.0,0.6,0.6
MA-7185-I-8,RIO ITAPECURU,5.0,TRANSPARENCIA_AGUA,2,0.6,0.6,0.0,0.6,0.6
MA-7185-I-8,RIO ITAPECURU,6.0,TRANSPARENCIA_AGUA,2,0.6,0.6,0.0,0.6,0.6
MA-7185-I-8,RIO ITAPECURU,7.0,TRANSPARENCIA_AGUA,2,0.3,0.3,0.0,0.3,0.3
MA-7185-I-8,RIO ITAPECURU,8.0,TRANSPARENCIA_AGUA,1,0.3,0.3,,0.3,0.3
MA-7185-I-8,RIO ITAPECURU,9.0,TRANSPARENCIA_AGUA,2,0.375,0.375,0.31819805153394637,0.15,0.6
MA-7185-I-8,RIO ITAPECURU,10.0,TRANSPARENCIA_AGUA,2,0.375,0.375,0.31819805153394637,0.15,0.6
MA-7185-I-9,RIO ITAPECURU,5.0,TRANSPARENCIA_AGUA,2,0.30000000000000004,0.30000000000000004,0.14142135623730953,0.2,0.4
MA-7185-I-9,RIO ITAPECURU,6.0,TRANSPARENCIA_AGUA,2,0.30000000000000004,0.30000000000000004,0.1414213562373095,0.2,0.4
MA-7187-I-11,RIO ITAPECURU,10.0,TRANSPARENCIA_AGUA,1,0.3,0.3,,0.3,0.3
MA-7187-I-2,RIO ITAPECURU,10.0,TRANSPARENCIA_AGUA,1,0.3,0.3,,0.3,0.3
MA-7187-I-4,RIO ALPERCATAS,10.0,TRANSPARENCIA_AGUA,1,0.6,0.6,,0.6,0.6
MA-7189-I-4,RIO ITAPECURU,10.0,TRANSPARENCIA_AGUA,1,0.3,0.3,,0.3,0.3
MA-7191-IE-4,RIO ITAPECURU,5.0,TRANSPARENCIA_AGUA,2,0.2,0.2,0.0,0.2,0.2
MA-7191-IE-4,RIO ITAPECURU,6.0,TRANSPARENCIA_AGUA,1,0.2,0.2,,0.2,0.2
MA-7191-IE-4,RIO ITAPECURU,7.0,TRANSPARENCIA_AGUA,2,0.2,0.2,0.0,0.2,0.2
MA-7191-IE-4,RIO ITAPECURU,8.0,TRANSPARENCIA_AGUA,2,0.35,0.35,0.21213203435596423,0.2,0.5
MA-7191-IE-4,RIO ITAPECURU,9.0,TRANSPARENCIA_AGUA,2,0.22499999999999998,0.22499999999999998,0.10606601717798211,0.15,0.3
MA-7191-IE-4,RIO ITAPECURU,10.0,TRANSPARENCIA_AGUA,2,0.3,0.3,0.0,0.3,0.3
MA-7199-I-1,RIO ITAPECURU,10.0,TRANSPARENCIA_AGUA,1,0.6,0.6,,0.6,0.6
MA-7164-I-19,RIO ITAPECURU,6.0,SOLIDOS_DISSOLVIDOS,1,360.0,360.0,,360.0,360.0
MA-7164-I-19,RIO ITAPECURU,7.0,SOLIDOS_DISSOLVIDOS,2,150.0,150.0,127.27922061357856,60.0,240.0
MA-7164-I-19,RIO ITAPECURU,8.0,SOLIDOS_DISSOLVIDOS,2,70.0,70.0,42.42640687119285,40.0,100.0
MA-7164-I-19,RIO ITAPECURU,9.0,SOLIDOS_DISSOLVIDOS,2,900.0,900.0,1074.8023074035523,140.0,1660.0
MA-7164-I-19,RIO ITAPECURU,10.0,SOLIDOS_DISSOLVIDOS,2,59.43000000000001,59.43000000000001,8.046875169902915,53.74,65.12
MA-7181-I-1,RIO ITAPECURU,5.0,SOLIDOS_DISSOLVIDOS,1,89940.0,89940.0,,89940.0,89940.0
MA-7181-I-1,RIO ITAPECURU,6.0,SOLIDOS_DISSOLVIDOS,1,140.0,140.0,,140.0,140.0
MA-7181-I-1,RIO ITAPECURU,7.0,SOLIDOS_DISSOLVIDOS,2,50.370000000000005,50.370000000000005,14.665394641808994,40.0,60.74
MA-7181-I-1,RIO ITAPECURU,8.0,SOLIDOS_DISSOLVIDOS,2,210.0,210.0,268.70057685088807,20.0,400.0
MA-7181-I-1,RIO ITAPECURU,9.0,SOLIDOS_DISSOLVIDOS,2,200.0,200.0,197.9898987322333,60.0,340.0
MA-7181-I-1,RIO ITAPECURU,10.0,SOLIDOS_DISSOLVIDOS,2,58.33,58.33,6.222539674441617,53.93,62.73
MA-7181-I-2,RIO ITAPECURU,5.0,SOLIDOS_DISSOLVIDOS,1,180.0,180.0,,180.0,180.0
MA-7181-I-2,RIO ITAPECURU,6.0,SOLIDOS_DISSOLVIDOS,1,320.0,320.0,,320.0,320.0
MA-7181-I-2,RIO ITAPECURU,7.0,SOLIDOS_DISSOLVIDOS,2,49.685,49.685,13.696658351583421,40.0,59.37
MA-7181-I-2,RIO ITAPECURU,8.0,SOLIDOS_DISSOLVIDOS,2,1180.0,1180.0,1612.2034611053284,40.0,2320.0
MA-7181-I-2,RIO ITAPECURU,9.0,SOLIDOS_DISSOLVIDOS,2,10900.0,10900.0,14368.409793710645,740.0,21060.0
MA-7181-I-2,RIO ITAPECURU,10.0,SOLIDOS_DISSOLVIDOS,2,58.995,58.995,0.12020815280171429,58.91,59.08
MA-7181-I-3,RIO ITAPECURU,5.0,SOLIDOS_DISSOLVIDOS,1,96060.0,96060.0,,96060.0,96060.0
MA-7181-I-3,RIO ITAPECURU,6.0,SOLIDOS_DISSOLVIDOS,1,160.0,160.0,,160.0,160.0
MA-7181-I-3,RIO ITAPECURU,7.0,SOLIDOS_DISSOLVIDOS,2,61.65,61.65,2.333452377915605,60.0,63.3
MA-7181-I-3,RIO ITAPECURU,8.0,SOLIDOS_DISSOLVIDOS,2,170.0,170.0,183.84776310850236,40.0,300.0
MA-7181-I-3,RIO ITAPECURU,9.0,SOLIDOS_DISSOLVIDOS,2,11220.0,11220.0,15499.780643609121,260.0,22180.0
MA-7181-I-3,RIO ITAPECURU,10.0,SOLIDOS_DISSOLVIDOS,2,59.695,59.695,8.690342340782674,53.55,65.84
MA-7181-I-4,RIO ITAPECURU,5.0,SOLIDOS_DISSOLVIDOS,1,95240.0,95240.0,,95240.0,95240.0
MA-7181-I-4,RIO ITAPECURU,6.0,SOLIDOS_DISSOLVIDOS,1,200.0,200.0,,200.0,200.0
MA-7181-I-4,RIO ITAPECURU,7.0,SOLIDOS_DISSOLVIDOS,2,48.019999999999996,48.019999999999996,11.341992770232224,40.0,56.04
MA-7181-I-4,RIO ITAPECURU,8.0,SOLIDOS_DISSOLVIDOS,2,223.27,223.27,306.50250537312087,6.54,440.0
MA-7181-I-4,RIO ITAPECURU,9.0,SOLIDOS_DISSOLVIDOS,2,15750.0,15750.0,20548.52306128107,1220.0,30280.0
MA-7181-I-4,RIO ITAPECURU,10.0,SOLIDOS_DISSOLVIDOS,2,54.055,54.055,0.5020458146424444,53.7,54.41
MA-7182-I-2,RIO PERITORO,5.0,SOLIDOS_DISSOLVIDOS,1,100.0,100.0,,100.0,100.0
MA-7182-I-2,RIO PERITORO,6.0,SOLIDOS_DISSOLVIDOS,2,220.0,220.0,0.0,220.0,220.0
MA-7182-I-2,RIO PERITORO,7.0,SOLIDOS_DISSOLVIDOS,2,140.0,140.0,28.284271247461902,120.0,160.0
MA-7182-I-2,RIO PERITORO,8.0,SOLIDOS_DISSOLVIDOS,2,320.0,320.0,282.842712474619,120.0,520.0
MA-7182-I-2,RIO PERITORO,9.0,SOLIDOS_DISSOLVIDOS,2,1070.0,1070.0,1032.3759005323593,340.0,1800.0
MA-7182-I-2,RIO PERITORO,10.0,SOLIDOS_DISSOLVIDOS,2,262.65,262.65,110.35108427197262,184.62,340.68
MA-7182-I-3,RIO PERITORO,6.0,SOLIDOS_DISSOLVIDOS,2,240.0,240.0,28.284271247461902,220.0,260.0
MA-7182-I-3,RIO PERITORO,7.0,SOLIDOS_DISSOLVIDOS,2,240.0,240.0,169.7056274847714,120.0,360.0
MA-7182-I-3,RIO PERITORO,8.0,SOLIDOS_DISSOLVIDOS,2,1260.0,1260.0,1555.6349186104046,160.0,2360.0
MA-7182-I-3,RIO PERITORO,9.0,SOLIDOS_DISSOLVIDOS,2,860.0,860.0,707.1067811865476,360.0,1360.0
MA-7182-I-3,RIO PERITORO,10.0,SOLIDOS_DISSOLVIDOS,2,276.655,276.655,88.50855580112018,214.07,339.24
MA-7183-I-3,RIO ITAPECURU,6.0,SOLIDOS_DISSOLVIDOS,2,130.0,130.0,14.142135623730951,120.0,140.0
MA-7183-I-3,RIO ITAPECURU,7.0,SOLIDOS_DISSOLVIDOS,2,96.205,96.205,33.651211716667795,72.41,120.0
MA-7183-I-3,RIO ITAPECURU,8.0,SOLIDOS_DISSOLVIDOS,2,120.0,120.0,56.568542494923804,80.0,160.0
MA-7183-I-3,RIO ITAPECURU,9.0,SOLIDOS_DISSOLVIDOS,2,640.0,640.0,707.1067811865476,140.0,1140.0
MA-7183-I-3,RIO ITAPECURU,10.0,SOLIDOS_DISSOLVIDOS,2,58.135000000000005,58.135000000000005,10.062129496284571,51.02,65.25
MA-7183-I-4,RIO ITAPECURU,5.0,SOLIDOS_DISSOLVIDOS,1,1380.0,1380.0,,1380.0,1380.0
MA-7183-I-4,RIO ITAPECURU,6.0,SOLIDOS_DISSOLVIDOS,2,120.0,120.0,56.568542494923804,80.0,160.0
MA-7183-I-4,RIO ITAPECURU,7.0,SOLIDOS_DISSOLVIDOS,2,130.0,130.0,70.71067811865476,80.0,180.0
MA-7183-I-4,RIO ITAPECURU,8.0,SOLIDOS_DISSOLVIDOS,2,140.0,140.0,56.568542494923804,100.0,180.0
MA-7183-I-4,RIO ITAPECURU,9.0,SOLIDOS_DISSOLVIDOS,2,870.0,870.0,1230.3657992645926,0.0,1740.0
MA-7183-I-4,RIO ITAPECURU,10.0,SOLIDOS_DISSOLVIDOS,2,59.215,59.215,5.720493859799169,55.17,63.26
MA-7184-I-1,RIO CODOZINHO,7.0,SOLIDOS_DISSOLVIDOS,2,110.0,110.0,98.99494936611666,40.0,180.0
MA-7184-I-1,RIO CODOZINHO,8.0,SOLIDOS_DISSOLVIDOS,2,160.0,160.0,56.568542494923804,120.0,200.0
MA-7184-I-1,RIO CODOZINHO,9.0,SOLIDOS_DISSOLVIDOS,1,920.0,920.0,,920.0,920.0
MA-7184-I-1,RIO CODOZINHO,10.0,SOLIDOS_DISSOLVIDOS,1,140.22,140.22,,140.22,140.22
MA-7185-I-1,RIACHO PERITORO,6.0,SOLIDOS_DISSOLVIDOS,2,210.0,210.0,42.42640687119285,180.0,240.0
MA-7185-I-1,RIACHO PERITORO,7.0,SOLIDOS_DISSOLVIDOS,2,210.0,210.0,70.71067811865476,160.0,260.0
MA-7185-I-1,RIACHO PERITORO,8.0,SOLIDOS_DISSOLVIDOS,2,200.0,200.0,197.9898987322333,60.0,340.0
MA-7185-I-1,RIACHO PERITORO,9.0,SOLIDOS_DISSOLVIDOS,2,700.0,700.0,622.2539674441618,260.0,1140.0
MA-7185-I-1,RIACHO PERITORO,10.0,SOLIDOS_DISSOLVIDOS,1,165.74,165.74,,165.74,165.74
MA-7185-I-10,RIO ITAPECURU,6.0,SOLIDOS_DISSOLVIDOS,2,90.0,90.0,70.71067811865476,40.0,140.0
MA-7185-I-10,RIO ITAPECURU,7.0,SOLIDOS_DISSOLVIDOS,2,170.0,170.0,127.27922061357856,80.0,260.0
MA-7185-I-10,RIO ITAPECURU,8.0,SOLIDOS_DISSOLVIDOS,2,60.0,60.0,56.568542494923804,20.0,100.0
MA-7185-I-10,RIO ITAPECURU,9.0,SOLIDOS_DISSOLVIDOS,2,260.0,260.0,282.842712474619,60.0,460.0
MA-7185-I-10,RIO ITAPECURU,10.0,SOLIDOS_DISSOLVIDOS,2,45.53,45.53,6.561950929411162,40.89,50.17
MA-7185-I-11,RIO ITAPECURU,5.0,SOLIDOS_DISSOLVIDOS,1,2880.0,2880.0,,2880.0,2880.0
MA-7185-I-11,RIO ITAPECURU,6.0,SOLIDOS_DISSOLVIDOS,2,130.0,130.0,14.142135623730951,120.0,140.0
MA-7185-I-11,RIO ITAPECURU,7.0,SOLIDOS_DISSOLVIDOS,2,100.0,100.0,113.13708498984761,20.0,180.0
MA-7185-I-11,RIO ITAPECURU,8.0,SOLIDOS_DISSOLVIDOS,2,120.0,120.0,84.8528137423857,60.0,180.0
MA-7185-I-11,RIO ITAPECURU,9.0,SOLIDOS_DISSOLVIDOS,2,720.0,720.0,848.5281374238571,120.0,1320.0
MA-7185-I-11,RIO ITAPECURU,10.0,SOLIDOS_DISSOLVIDOS,2,43.65,43.65,5.642712113868652,39.66,47.64
MA-7185-I-12,RIO ITAPECURU,5.0,SOLIDOS_DISSOLVIDOS,1,1340.0,1340.0,,1340.0,1340.0
MA-7185-I-12,RIO ITAPECURU,6.0,SOLIDOS_DISSOLVIDOS,2,70.0,70.0,14.142135623730951,60.0,80.0
MA-7185-I-12,RIO ITAPECURU,7.0,SOLIDOS_DISSOLVIDOS,2,60.0,60.0,28.284271247461902,40.0,80.0
MA-7185-I-12,RIO ITAPECURU,8.0,SOLIDOS_DISSOLVIDOS,2,110.0,110.0,127.27922061357856,20.0,200.0
MA-7185-I-12,RIO ITAPECURU,9.0,SOLIDOS_DISSOLVIDOS,2,780.0,780.0,1074.8023074035523,20.0,1540.0
MA-7185-I-12,RIO ITAPECURU,10.0,SOLIDOS_DISSOLVIDOS,2,38.66,38.66,10.804591616530443,31.02,46.3
MA-7185-I-3,RIO TAPUIO,5.0,SOLIDOS_DISSOLVIDOS,1,260.0,260.0,,260.0,260.0
MA-7185-I-3,RIO TAPUIO,6.0,SOLIDOS_DISSOLVIDOS,2,138.07,138.07,31.013703422841978,116.14,160.0
MA-7185-I-3,RIO TAPUIO,7.0,SOLIDOS_DISSOLVIDOS,1,119.55,119.55,,119.55,119.55
MA-7185-I-3,RIO TAPUIO,8.0,SOLIDOS_DISSOLVIDOS,1,1040.0,1040.0,,1040.0,1040.0
MA-7185-I-3,RIO TAPUIO,9.0,SOLIDOS_DISSOLVIDOS,2,390.0,390.0,296.98484809834997,180.0,600.0
MA-7185-I-3,RIO TAPUIO,10.0,SOLIDOS_DISSOLVIDOS,2,178.115,178.115,7.558971490884192,172.77,183.46
MA-7185-I-5,RIO PIRAPEMAS,5.0,SOLIDOS_DISSOLVIDOS,1,120.0,120.0,,120.0,120.0
MA-7185-I-5,RIO PIRAPEMAS,6.0,SOLIDOS_DISSOLVIDOS,2,200.0,200.0,28.284271247461902,180.0,220.0
MA-7185-I-5,RIO PIRAPEMAS,7.0,SOLIDOS_DISSOLVIDOS,2,170.0,170.0,70.71067811865476,120.0,220.0
MA-7185-I-5,RIO PIRAPEMAS,8.0,SOLIDOS_DISSOLVIDOS,2,150.0,150.0,42.42640687119285,120.0,180.0
MA-7185-I-5,RIO PIRAPEMAS,9.0,SOLIDOS_DISSOLVIDOS,2,380.0,380.0,424.26406871192853,80.0,680.0
MA-7185-I-5,RIO PIRAPEMAS,10.0,SOLIDOS_DISSOLVIDOS,2,165.25,165.25,0.6363961030678768,164.8,165.7
MA-7185-I-6,RIO ITAPECURU,7.0,SOLIDOS_DISSOLVIDOS,2,120.0,120.0,84.8528137423857,60.0,180.0
MA-7185-I-6,RIO ITAPECURU,8.0,SOLIDOS_DISSOLVIDOS,2,90.0,90.0,98.99494936611666,20.0,160.0
MA-7185-I-6,RIO ITAPECURU,9.0,SOLIDOS_DISSOLVIDOS,2,500.0,500.0,622.2539674441618,60.0,940.0
MA-7185-I-6,RIO ITAPECURU,10.0,SOLIDOS_DISSOLVIDOS,2,31.950000000000003,31.950000000000003,8.1317279836453,26.2,37.7
MA-7185-I-7,RIO ITAPECURU,6.0,SOLIDOS_DISSOLVIDOS,2,40.0,40.0,56.568542494923804,0.0,80.0
MA-7185-I-7,RIO ITAPECURU,7.0,SOLIDOS_DISSOLVIDOS,2,100.0,100.0,141.4213562373095,0.0,200.0
MA-7185-I-7,RIO ITAPECURU,8.0,SOLIDOS_DISSOLVIDOS,2,150.0,150.0,127.27922061357856,60.0,240.0
MA-7185-I-7,RIO ITAPECURU,9.0,SOLIDOS_DISSOLVIDOS,1,1000.0,1000.0,,1000.0,1000.0
MA-7185-I-7,RIO ITAPECURU,10.0,SOLIDOS_DISSOLVIDOS,2,48.864999999999995,48.864999999999995,7.120565286548532,43.83,53.9
MA-7185-I-8,RIO ITAPECURU,5.0,SOLIDOS_DISSOLVIDOS,2,100.0,100.0,0.0,100.0,100.0
MA-7185-I-8,RIO ITAPECURU,6.0,SOLIDOS_DISSOLVIDOS,2,50.0,50.0,14.142135623730951,40.0,60.0
MA-7185-I-8,RIO ITAPECURU,7.0,SOLIDOS_DISSOLVIDOS,2,130.0,130.0,155.56349186104046,20.0,240.0
MA-7185-I-8,RIO ITAPECURU,8.0,SOLIDOS_DISSOLVIDOS,2,110.0,110.0,70.71067811865476,60.0,160.0
MA-7185-I-8,RIO ITAPECURU,9.0,SOLIDOS_DISSOLVIDOS,2,29260.0,29260.0,40305.08652763321,760.0,57760.0
MA-7185-I-8,RIO ITAPECURU,10.0,SOLIDOS_DISSOLVIDOS,2,42.56,42.56,6.7175144212722016,37.81,47.31
MA-7185-I-9,RIO ITAPECURU,5.0,SOLIDOS_DISSOLVIDOS,1,1380.0,1380.0,,1380.0,1380.0
MA-7185-I-9,RIO ITAPECURU,6.0,SOLIDOS_DISSOLVIDOS,2,200.0,200.0,56.568542494923804,160.0,240.0
MA-7187-I-11,RIO ITAPECURU,10.0,SOLIDOS_DISSOLVIDOS,1,10.54,10.54,,10.54,10.54
MA-7187-I-2,RIO ITAPECURU,10.0,SOLIDOS_DISSOLVIDOS,1,11.89,11.89,,11.89,11.89
MA-7187-I-4,RIO ALPERCATAS,10.0,SOLIDOS_DISSOLVIDOS,1,8.99,8.99,,8.99,8.99
MA-7189-I-4,RIO ITAPECURU,10.0,SOLIDOS_DISSOLVIDOS,1,7.0,7.0,,7.0,7.0
MA-7191-IE-4,RIO ITAPECURU,5.0,SOLIDOS_DISSOLVIDOS,1,92440.0,92440.0,,92440.0,92440.0
MA-7191-IE-4,RIO ITAPECURU,6.0,SOLIDOS_DISSOLVIDOS,1,160.0,160.0,,160.0,160.0
MA-7191-IE-4,RIO ITAPECURU,7.0,SOLIDOS_DISSOLVIDOS,2,100.34,100.34,56.08770988371695,60.68,140.0
MA-7191-IE-4,RIO ITAPECURU,8.0,SOLIDOS_DISSOLVIDOS,2,290.0,290.0,325.2691193458119,60.0,520.0
MA-7191-IE-4,RIO ITAPECURU,9.0,SOLIDOS_DISSOLVIDOS,2,680.0,680.0,707.1067811865476,180.0,1180.0
MA-7191-IE-4,RIO ITAPECURU,10.0,SOLIDOS_DISSOLVIDOS,2,730.5300000000001,730.5300000000001,948.7675947248621,59.65,1401.41
MA-7199-I-1,RIO ITAPECURU,10.0,SOLIDOS_DISSOLVIDOS,1,6.69,6.69,,6.69,6.69
MA-7164-I-19,RIO ITAPECURU,6.0,SOLIDOS_SUSPENSOS,1,54.5,54.5,,54.5,54.5
MA-7164-I-19,RIO ITAPECURU,7.0,SOLIDOS_SUSPENSOS,2,21.115,21.115,22.790051557642425,5.0,37.23
MA-7164-I-19,RIO ITAPECURU,8.0,SOLIDOS_SUSPENSOS,2,45.0,45.0,41.012193308819754,16.0,74.0
MA-7164-I-19,RIO ITAPECURU,9.0,SOLIDOS_SUSPENSOS,2,36.89,36.89,32.682475426442224,13.78,60.0
MA-7181-I-1,RIO ITAPECURU,5.0,SOLIDOS_SUSPENSOS,2,420.2,420.2,577.2819761606974,12.0,828.4
MA-7181-I-1,RIO ITAPECURU,6.0,SOLIDOS_SUSPENSOS,1,47.42,47.42,,47.42,47.42
MA-7181-I-1,RIO ITAPECURU,7.0,SOLIDOS_SUSPENSOS,2,20.7,20.7,16.54629867976521,9.0,32.4
MA-7181-I-1,RIO ITAPECURU,8.0,SOLIDOS_SUSPENSOS,2,51.95,51.95,49.56818536117698,16.9,87.0
MA-7181-I-1,RIO ITAPECURU,9.0,SOLIDOS_SUSPENSOS,2,14.805,14.805,12.056170619230635,6.28,23.33
MA-7181-I-2,RIO ITAPECURU,5.0,SOLIDOS_SUSPENSOS,2,32.78,32.78,39.99395954391113,4.5,61.06
MA-7181-I-2,RIO ITAPECURU,6.0,SOLIDOS_SUSPENSOS,1,51.0,51.0,,51.0,51.0
MA-7181-I-2,RIO ITAPECURU,7.0,SOLIDOS_SUSPENSOS,2,14.415,14.415,15.43614103330233,3.5,25.33
MA-7181-I-2,RIO ITAPECURU,8.0,SOLIDOS_SUSPENSOS,2,27.5,27.5,37.476659402887016,1.0,54.0
MA-7181-I-2,RIO ITAPECURU,9.0,SOLIDOS_SUSPENSOS,2,73.66499999999999,73.66499999999999,13.668374080335967,64.0,83.33
MA-7181-I-3,RIO ITAPECURU,5.0,SOLIDOS_SUSPENSOS,2,1958.1,1958.1,2750.786800171907,13.0,3903.2
MA-7181-I-3,RIO ITAPECURU,6.0,SOLIDOS_SUSPENSOS,1,39.6,39.6,,39.6,39.6
MA-7181-I-3,RIO ITAPECURU,7.0,SOLIDOS_SUSPENSOS,2,16.3,16.3,18.809040379562166,3.0,29.6
MA-7181-I-3,RIO ITAPECURU,8.0,SOLIDOS_SUSPENSOS,2,8.65,8.65,6.576093065034892,4.0,13.3
MA-7181-I-3,RIO ITAPECURU,9.0,SOLIDOS_SUSPENSOS,2,142.78,142.78,173.6371411881686,20.0,265.56
MA-7181-I-4,RIO ITAPECURU,5.0,SOLIDOS_SUSPENSOS,2,2128.2,2128.2,2941.847052448512,48.0,4208.4
MA-7181-I-4,RIO ITAPECURU,6.0,SOLIDOS_SUSPENSOS,1,80.66,80.66,,80.66,80.66
MA-7181-I-4,RIO ITAPECURU,7.0,SOLIDOS_SUSPENSOS,2,16.75,16.75,18.738329701443508,3.5,30.0
MA-7181-I-4,RIO ITAPECURU,8.0,SOLIDOS_SUSPENSOS,2,28.05,28.05,1.3435028842544392,27.1,29.0
MA-7181-I-4,RIO ITAPECURU,9.0,SOLIDOS_SUSPENSOS,2,50.0,50.0,4.709331162702404,46.67,53.33
MA-7182-I-2,RIO PERITORO,5.0,SOLIDOS_SUSPENSOS,2,33.2,33.2,6.2225396744416175,28.8,37.6
MA-7182-I-2,RIO PERITORO,6.0,SOLIDOS_SUSPENSOS,2,30.9,30.9,28.42569260369921,10.8,51.0
MA-7182-I-2,RIO PERITORO,7.0,SOLIDOS_SUSPENSOS,2,20.85,20.85,19.30401512639275,7.2,34.5
MA-7182-I-2,RIO PERITORO,8.0,SOLIDOS_SUSPENSOS,2,53.0,53.0,14.142135623730951,43.0,63.0
MA-7182-I-2,RIO PERITORO,9.0,SOLIDOS_SUSPENSOS,2,25.375,25.375,10.076271631908302,18.25,32.5
MA-7182-I-3,RIO PERITORO,5.0,SOLIDOS_SUSPENSOS,1,38.0,38.0,,38.0,38.0
MA-7182-I-3,RIO PERITORO,6.0,SOLIDOS_SUSPENSOS,2,24.4,24.4,16.404877323527902,12.8,36.0
MA-7182-I-3,RIO PERITORO,7.0,SOLIDOS_SUSPENSOS,2,21.6,21.6,17.53624817342638,9.2,34.0
MA-7182-I-3,RIO PERITORO,8.0,SOLIDOS_SUSPENSOS,2,49.5,49.5,20.506096654409877,35.0,64.0
MA-7182-I-3,RIO PERITORO,9.0,SOLIDOS_SUSPENSOS,2,35.875,35.875,15.026019100214135,25.25,46.5
MA-7183-I-3,RIO ITAPECURU,6.0,SOLIDOS_SUSPENSOS,2,18.5,18.5,14.849242404917497,8.0,29.0
MA-7183-I-3,RIO ITAPECURU,7.0,SOLIDOS_SUSPENSOS,2,47.2,47.2,20.364675298172568,32.8,61.6
MA-7183-I-3,RIO ITAPECURU,8.0,SOLIDOS_SUSPENSOS,2,36.0,36.0,0.0,36.0,36.0
MA-7183-I-3,RIO ITAPECURU,9.0,SOLIDOS_SUSPENSOS,2,84.5,84.5,64.34671708797582,39.0,130.0
MA-7183-I-4,RIO ITAPECURU,5.0,SOLIDOS_SUSPENSOS,2,149.6,149.6,207.6065509563703,2.8,296.4
MA-7183-I-4,RIO ITAPECURU,6.0,SOLIDOS_SUSPENSOS,2,26.0,26.0,28.284271247461902,6.0,46.0
MA-7183-I-4,RIO ITAPECURU,7.0,SOLIDOS_SUSPENSOS,2,10.5,10.5,8.061017305526642,4.8,16.2
MA-7183-I-4,RIO ITAPECURU,8.0,SOLIDOS_SUSPENSOS,2,48.0,48.0,36.76955262170047,22.0,74.0
MA-7183-I-4,RIO ITAPECURU,9.0,SOLIDOS_SUSPENSOS,2,29.45,29.45,20.57680733252853,14.9,44.0
MA-7184-I-1,RIO CODOZINHO,7.0,SOLIDOS_SUSPENSOS,2,22.299999999999997,22.299999999999997,12.869343417595163,13.2,31.4
MA-7184-I-1,RIO CODOZINHO,8.0,SOLIDOS_SUSPENSOS,2,55.5,55.5,31.81980515339464,33.0,78.0
MA-7184-I-1,RIO CODOZINHO,9.0,SOLIDOS_SUSPENSOS,1,120.0,120.0,,120.0,120.0
MA-7185-I-1,RIACHO PERITORO,6.0,SOLIDOS_SUSPENSOS,2,17.4,17.4,1.979898987322335,16.0,18.8
MA-7185-I-1,RIACHO PERITORO,7.0,SOLIDOS_SUSPENSOS,2,25.799999999999997,25.799999999999997,12.162236636408617,17.2,34.4
MA-7185-I-1,RIACHO PERITORO,8.0,SOLIDOS_SUSPENSOS,2,27.0,27.0,35.35533905932738,2.0,52.0
MA-7185-I-1,RIACHO PERITORO,9.0,SOLIDOS_SUSPENSOS,2,39.0,39.0,27.577164466275352,19.5,58.5
MA-7185-I-10,RIO ITAPECURU,6.0,SOLIDOS_SUSPENSOS,2,10.1,10.1,1.272792206135786,9.2,11.0
MA-7185-I-10,RIO ITAPECURU,7.0,SOLIDOS_SUSPENSOS,2,33.5,33.5,0.14142135623731153,33.4,33.6
MA-7185-I-10,RIO ITAPECURU,8.0,SOLIDOS_SUSPENSOS,2,56.0,56.0,25.45584412271571,38.0,74.0
MA-7185-I-10,RIO ITAPECURU,9.0,SOLIDOS_SUSPENSOS,2,41.519999999999996,41.519999999999996,18.356492039602774,28.54,54.5
MA-7185-I-11,RIO ITAPECURU,5.0,SOLIDOS_SUSPENSOS,2,35.8,35.8,10.46518036156091,28.4,43.2
MA-7185-I-11,RIO ITAPECURU,6.0,SOLIDOS_SUSPENSOS,2,12.8,12.8,7.353910524340095,7.6,18.0
MA-7185-I-11,RIO ITAPECURU,7.0,SOLIDOS_SUSPENSOS,2,10.9,10.9,10.323759005323593,3.6,18.2
MA-7185-I-11,RIO ITAPECURU,8.0,SOLIDOS_SUSPENSOS,2,24.0,24.0,29.698484809834994,3.0,45.0
MA-7185-I-11,RIO ITAPECURU,9.0,SOLIDOS_SUSPENSOS,2,47.28,47.28,0.3959797974644682,47.0,47.56
MA-7185-I-12,RIO ITAPECURU,5.0,SOLIDOS_SUSPENSOS,2,27.200000000000003,27.200000000000003,11.879393923934,18.8,35.6
MA-7185-I-12,RIO ITAPECURU,6.0,SOLIDOS_SUSPENSOS,2,12.2,12.2,0.2828427124746199,12.0,12.4
MA-7185-I-12,RIO ITAPECURU,7.0,SOLIDOS_SUSPENSOS,2,10.5,10.5,2.4041630560342604,8.8,12.2
MA-7185-I-12,RIO ITAPECURU,8.0,SOLIDOS_SUSPENSOS,2,25.5,25.5,27.577164466275352,6.0,45.0
MA-7185-I-12,RIO ITAPECURU,9.0,SOLIDOS_SUSPENSOS,2,30.125,30.125,6.187184335382291,25.75,34.5
MA-7185-I-3,RIO TAPUIO,5.0,SOLIDOS_SUSPENSOS,2,19.0,19.0,8.202438661763953,13.2,24.8
MA-7185-I-3,RIO TAPUIO,6.0,SOLIDOS_SUSPENSOS,2,11.129999999999999,11.129999999999999,4.992173875177026,7.6,14.66
MA-7185-I-3,RIO TAPUIO,7.0,SOLIDOS_SUSPENSOS,1,11.33,11.33,,11.33,11.33
MA-7185-I-3,RIO TAPUIO,8.0,SOLIDOS_SUSPENSOS,1,24.5,24.5,,24.5,24.5
MA-7185-I-3,RIO TAPUIO,9.0,SOLIDOS_SUSPENSOS,2,15.085,15.085,0.82731493398826,14.5,15.67
MA-7185-I-5,RIO PIRAPEMAS,5.0,SOLIDOS_SUSPENSOS,2,15.0,15.0,5.374011537017762,11.2,18.8
MA-7185-I-5,RIO PIRAPEMAS,6.0,SOLIDOS_SUSPENSOS,2,14.8,14.8,10.182337649086286,7.6,22.0
MA-7185-I-5,RIO PIRAPEMAS,7.0,SOLIDOS_SUSPENSOS,2,5.0,5.0,1.9798989873223334,3.6,6.4
MA-7185-I-5,RIO PIRAPEMAS,8.0,SOLIDOS_SUSPENSOS,2,21.5,21.5,19.091883092036785,8.0,35.0
MA-7185-I-5,RIO PIRAPEMAS,9.0,SOLIDOS_SUSPENSOS,2,29.375,29.375,20.682873349706515,14.75,44.0
MA-7185-I-6,RIO ITAPECURU,7.0,SOLIDOS_SUSPENSOS,2,8.6,8.6,0.8485281374238566,8.0,9.2
MA-7185-I-6,RIO ITAPECURU,8.0,SOLIDOS_SUSPENSOS,2,23.0,23.0,29.698484809834994,2.0,44.0
MA-7185-I-6,RIO ITAPECURU,9.0,SOLIDOS_SUSPENSOS,2,7.7,7.7,6.646803743153547,3.0,12.4
MA-7185-I-7,RIO ITAPECURU,6.0,SOLIDOS_SUSPENSOS,2,21.2,21.2,18.667619023324853,8.0,34.4
MA-7185-I-7,RIO ITAPECURU,7.0,SOLIDOS_SUSPENSOS,2,46.55,46.55,0.21213203435596475,46.4,46.7
MA-7185-I-7,RIO ITAPECURU,8.0,SOLIDOS_SUSPENSOS,2,46.5,46.5,45.96194077712559,14.0,79.0
MA-7185-I-7,RIO ITAPECURU,9.0,SOLIDOS_SUSPENSOS,1,49.5,49.5,,49.5,49.5
MA-7185-I-8,RIO ITAPECURU,5.0,SOLIDOS_SUSPENSOS,2,15.6,15.6,0.0,15.6,15.6
MA-7185-I-8,RIO ITAPECURU,6.0,SOLIDOS_SUSPENSOS,2,20.0,20.0,14.142135623730951,10.0,30.0
MA-7185-I-8,RIO ITAPECURU,7.0,SOLIDOS_SUSPENSOS,2,14.5,14.5,0.4242640687119295,14.2,14.8
MA-7185-I-8,RIO ITAPECURU,8.0,SOLIDOS_SUSPENSOS,2,143.0,143.0,197.9898987322333,3.0,283.0
MA-7185-I-8,RIO ITAPECURU,9.0,SOLIDOS_SUSPENSOS,2,14.4,14.4,7.636753236814714,9.0,19.8
MA-7185-I-9,RIO ITAPECURU,5.0,SOLIDOS_SUSPENSOS,2,37.8,37.8,22.344574285494904,22.0,53.6
MA-7185-I-9,RIO ITAPECURU,6.0,SOLIDOS_SUSPENSOS,2,13.6,13.6,9.050966799187808,7.2,20.0
MA-7191-IE-4,RIO ITAPECURU,5.0,SOLIDOS_SUSPENSOS,1,4043.2,4043.2,,4043.2,4043.2
MA-7191-IE-4,RIO ITAPECURU,6.0,SOLIDOS_SUSPENSOS,1,64.0,64.0,,64.0,64.0
MA-7191-IE-4,RIO ITAPECURU,7.0,SOLIDOS_SUSPENSOS,2,29.5,29.5,34.64823227814083,5.0,54.0
MA-7191-IE-4,RIO ITAPECURU,8.0,SOLIDOS_SUSPENSOS,2,50.5,50.5,12.020815280171307,42.0,59.0
MA-7191-IE-4,RIO ITAPECURU,9.0,SOLIDOS_SUSPENSOS,2,60.335,60.335,41.95264532779786,30.67,90.0
MA-7164-I-19,RIO ITAPECURU,7.0,CLORETO_TOTAL,2,18.39,18.39,3.379970414071698,16.0,20.78
MA-7164-I-19,RIO ITAPECURU,8.0,CLORETO_TOTAL,1,7.97,7.97,,7.97,7.97
MA-7181-I-1,RIO ITAPECURU,5.0,CLORETO_TOTAL,1,0.0005,0.0005,,0.0005,0.0005
MA-7181-I-1,RIO ITAPECURU,7.0,CLORETO_TOTAL,2,12.955,12.955,5.720493859799169,8.91,17.0
MA-7181-I-1,RIO ITAPECURU,8.0,CLORETO_TOTAL,1,10.46,10.46,,10.46,10.46
MA-7181-I-2,RIO ITAPECURU,5.0,CLORETO_TOTAL,1,0.0005,0.0005,,0.0005,0.0005
MA-7181-I-2,RIO ITAPECURU,7.0,CLORETO_TOTAL,2,71.47,71.47,96.87362902255701,2.97,139.97
MA-7181-I-2,RIO ITAPECURU,8.0,CLORETO_TOTAL,1,7.68,7.68,,7.68,7.68
MA-7181-I-3,RIO ITAPECURU,5.0,CLORETO_TOTAL,1,0.0015,0.0015,,0.0015,0.0015
MA-7181-I-3,RIO ITAPECURU,7.0,CLORETO_TOTAL,2,9.48,9.48,7.806458864299484,3.96,15.0
MA-7181-I-3,RIO ITAPECURU,8.0,CLORETO_TOTAL,1,51.62,51.62,,51.62,51.62
MA-7181-I-4,RIO ITAPECURU,5.0,CLORETO_TOTAL,1,0.0005,0.0005,,0.0005,0.0005
MA-7181-I-4,RIO ITAPECURU,7.0,CLORETO_TOTAL,2,179.21,179.21,232.22800907728595,15.0,343.42
MA-7181-I-4,RIO ITAPECURU,8.0,CLORETO_TOTAL,1,54.13,54.13,,54.13,54.13
MA-7182-I-2,RIO PERITORO,5.0,CLORETO_TOTAL,1,0.099,0.099,,0.099,0.099
MA-7182-I-2,RIO PERITORO,7.0,CLORETO_TOTAL,2,23.26,23.26,11.89353605955773,14.85,31.67
MA-7182-I-2,RIO PERITORO,8.0,CLORETO_TOTAL,1,118.26,118.26,,118.26,118.26
MA-7182-I-3,RIO PERITORO,5.0,CLORETO_TOTAL,1,0.101,0.101,,0.101,0.101
MA-7182-I-3,RIO PERITORO,7.0,CLORETO_TOTAL,2,21.775,21.775,9.793428919433682,14.85,28.7
MA-7182-I-3,RIO PERITORO,8.0,CLORETO_TOTAL,1,120.57,120.57,,120.57,120.57
MA-7183-I-3,RIO ITAPECURU,7.0,CLORETO_TOTAL,2,16.33,16.33,2.093036072312181,14.85,17.81
MA-7183-I-3,RIO ITAPECURU,8.0,CLORETO_TOTAL,1,9.39,9.39,,9.39,9.39
MA-7183-I-4,RIO ITAPECURU,5.0,CLORETO_TOTAL,1,0.008,0.008,,0.008,0.008
MA-7183-I-4,RIO ITAPECURU,7.0,CLORETO_TOTAL,2,15.835,15.835,1.3930003589374984,14.85,16.82
MA-7183-I-4,RIO ITAPECURU,8.0,CLORETO_TOTAL,1,9.2,9.2,,9.2,9.2
MA-7184-I-1,RIO CODOZINHO,7.0,CLORETO_TOTAL,2,35.285,35.285,30.29952557384356,13.86,56.71
MA-7184-I-1,RIO CODOZINHO,8.0,CLORETO_TOTAL,1,6.15,6.15,,6.15,6.15
MA-7185-I-1,RIACHO PERITORO,7.0,CLORETO_TOTAL,2,22.765,22.765,18.19385747992987,9.9,35.63
MA-7185-I-1,RIACHO PERITORO,8.0,CLORETO_TOTAL,1,48.69,48.69,,48.69,48.69
MA-7185-I-10,RIO ITAPECURU,7.0,CLORETO_TOTAL,2,16.33,16.33,2.093036072312181,14.85,17.81
MA-7185-I-10,RIO ITAPECURU,8.0,CLORETO_TOTAL,1,5.82,5.82,,5.82,5.82
MA-7185-I-11,RIO ITAPECURU,5.0,CLORETO_TOTAL,1,0.002,0.002,,0.002,0.002
MA-7185-I-11,RIO ITAPECURU,7.0,CLORETO_TOTAL,2,14.355,14.355,0.7000357133746828,13.86,14.85
MA-7185-I-11,RIO ITAPECURU,8.0,CLORETO_TOTAL,1,5.8,5.8,,5.8,5.8
MA-7185-I-12,RIO ITAPECURU,5.0,CLORETO_TOTAL,1,0.002,0.002,,0.002,0.002
MA-7185-I-12,RIO ITAPECURU,7.0,CLORETO_TOTAL,2,16.33,16.33,0.6929646455628157,15.84,16.82
MA-7185-I-12,RIO ITAPECURU,8.0,CLORETO_TOTAL,1,5.14,5.14,,5.14,5.14
MA-7185-I-3,RIO TAPUIO,5.0,CLORETO_TOTAL,1,0.044,0.044,,0.044,0.044
MA-7185-I-3,RIO TAPUIO,7.0,CLORETO_TOTAL,1,19.8,19.8,,19.8,19.8
MA-7185-I-3,RIO TAPUIO,8.0,CLORETO_TOTAL,1,24.24,24.24,,24.24,24.24
MA-7185-I-5,RIO PIRAPEMAS,5.0,CLORETO_TOTAL,1,0.046,0.046,,0.046,0.046
MA-7185-I-5,RIO PIRAPEMAS,7.0,CLORETO_TOTAL,2,40.575,40.575,26.594286040426052,21.77,59.38
MA-7185-I-5,RIO PIRAPEMAS,8.0,CLORETO_TOTAL,1,44.73,44.73,,44.73,44.73
MA-7185-I-6,RIO ITAPECURU,7.0,CLORETO_TOTAL,2,20.285,20.285,4.900249993622774,16.82,23.75
MA-7185-I-6,RIO ITAPECURU,8.0,CLORETO_TOTAL,1,73.32,73.32,,73.32,73.32
MA-7185-I-7,RIO ITAPECURU,7.0,CLORETO_TOTAL,2,15.34,15.34,4.8931789258109095,11.88,18.8
MA-7185-I-7,RIO ITAPECURU,8.0,CLORETO_TOTAL,1,6.83,6.83,,6.83,6.83
MA-7185-I-8,RIO ITAPECURU,7.0,CLORETO_TOTAL,2,21.285,21.285,7.68625071149777,15.85,26.72
MA-7185-I-8,RIO ITAPECURU,8.0,CLORETO_TOTAL,1,5.74,5.74,,5.74,5.74
MA-7185-I-9,RIO ITAPECURU,5.0,CLORETO_TOTAL,1,0.002,0.002,,0.002,0.002
MA-7191-IE-4,RIO ITAPECURU,7.0,CLORETO_TOTAL,2,11.95,11.95,2.8991378028648453,9.9,14.0
MA-7191-IE-4,RIO ITAPECURU,8.0,CLORETO_TOTAL,1,298.13,298.13,,298.13,298.13
MA-7164-I-19,RIO ITAPECURU,8.0,FLUORETO_TOTAL,1,0.05,0.05,,0.05,0.05
MA-7181-I-1,RIO ITAPECURU,8.0,FLUORETO_TOTAL,1,0.05,0.05,,0.05,0.05
MA-7181-I-2,RIO ITAPECURU,8.0,FLUORETO_TOTAL,1,0.05,0.05,,0.05,0.05
MA-7181-I-3,RIO ITAPECURU,8.0,FLUORETO_TOTAL,1,0.05,0.05,,0.05,0.05
MA-7181-I-4,RIO ITAPECURU,8.0,FLUORETO_TOTAL,1,0.05,0.05,,0.05,0.05
MA-7182-I-2,RIO PERITORO,8.0,FLUORETO_TOTAL,1,0.1,0.1,,0.1,0.1
MA-7182-I-3,RIO PERITORO,8.0,FLUORETO_TOTAL,1,0.1,0.1,,0.1,0.1
MA-7183-I-3,RIO ITAPECURU,8.0,FLUORETO_TOTAL,1,0.1,0.1,,0.1,0.1
MA-7183-I-4,RIO ITAPECURU,8.0,FLUORETO_TOTAL,1,0.1,0.1,,0.1,0.1
MA-7184-I-1,RIO CODOZINHO,8.0,FLUORETO_TOTAL,1,0.1,0.1,,0.1,0.1
MA-7185-I-1,RIACHO PERITORO,8.0,FLUORETO_TOTAL,1,0.1,0.1,,0.1,0.1
MA-7185-I-10,RIO ITAPECURU,8.0,FLUORETO_TOTAL,1,0.1,0.1,,0.1,0.1
MA-7185-I-11,RIO ITAPECURU,8.0,FLUORETO_TOTAL,1,0.1,0.1,,0.1,0.1
MA-7185-I-12,RIO ITAPECURU,8.0,FLUORETO_TOTAL,1,0.1,0.1,,0.1,0.1
MA-7185-I-3,RIO TAPUIO,8.0,FLUORETO_TOTAL,1,0.05,0.05,,0.05,0.05
MA-7185-I-5,RIO PIRAPEMAS,8.0,FLUORETO_TOTAL,1,0.1,0.1,,0.1,0.1
MA-7185-I-6,RIO ITAPECURU,8.0,FLUORETO_TOTAL,1,0.1,0.1,,0.1,0.1
MA-7185-I-7,RIO ITAPECURU,8.0,FLUORETO_TOTAL,1,0.1,0.1,,0.1,0.1
MA-7185-I-8,RIO ITAPECURU,8.0,FLUORETO_TOTAL,1,0.1,0.1,,0.1,0.1
MA-7191-IE-4,RIO ITAPECURU,8.0,FLUORETO_TOTAL,1,0.05,0.05,,0.05,0.05
MA-7164-I-19,RIO ITAPECURU,8.0,BROMETO_TOTAL,1,0.05,0.05,,0.05,0.05
MA-7181-I-1,RIO ITAPECURU,8.0,BROMETO_TOTAL,1,0.05,0.05,,0.05,0.05
MA-7181-I-2,RIO ITAPECURU,8.0,BROMETO_TOTAL,1,0.05,0.05,,0.05,0.05
MA-7181-I-3,RIO ITAPECURU,8.0,BROMETO_TOTAL,1,0.05,0.05,,0.05,0.05
MA-7181-I-4,RIO ITAPECURU,8.0,BROMETO_TOTAL,1,0.05,0.05,,0.05,0.05
MA-7182-I-2,RIO PERITORO,8.0,BROMETO_TOTAL,1,0.18,0.18,,0.18,0.18
MA-7182-I-3,RIO PERITORO,8.0,BROMETO_TOTAL,1,0.19,0.19,,0.19,0.19
MA-7183-I-3,RIO ITAPECURU,8.0,BROMETO_TOTAL,1,0.1,0.1,,0.1,0.1
MA-7183-I-4,RIO ITAPECURU,8.0,BROMETO_TOTAL,1,0.1,0.1,,0.1,0.1
MA-7184-I-1,RIO CODOZINHO,8.0,BROMETO_TOTAL,1,0.1,0.1,,0.1,0.1
MA-7185-I-1,RIACHO PERITORO,8.0,BROMETO_TOTAL,1,0.1,0.1,,0.1,0.1
MA-7185-I-10,RIO ITAPECURU,8.0,BROMETO_TOTAL,1,0.1,0.1,,0.1,0.1
MA-7185-I-11,RIO ITAPECURU,8.0,BROMETO_TOTAL,1,0.1,0.1,,0.1,0.1
MA-7185-I-12,RIO ITAPECURU,8.0,BROMETO_TOTAL,1,0.1,0.1,,0.1,0.1
MA-7185-I-3,RIO TAPUIO,8.0,BROMETO_TOTAL,1,0.05,0.05,,0.05,0.05
MA-7185-I-5,RIO PIRAPEMAS,8.0,BROMETO_TOTAL,1,0.06,0.06,,0.06,0.06
MA-7185-I-6,RIO ITAPECURU,8.0,BROMETO_TOTAL,1,0.18,0.18,,0.18,0.18
MA-7185-I-7,RIO ITAPECURU,8.0,BROMETO_TOTAL,1,0.1,0.1,,0.1,0.1
MA-7185-I-8,RIO ITAPECURU,8.0,BROMETO_TOTAL,1,0.1,0.1,,0.1,0.1
MA-7191-IE-4,RIO ITAPECURU,8.0,BROMETO_TOTAL,1,0.83,0.83,,0.83,0.83
MA-7164-I-19,RIO ITAPECURU,7.0,NITRATO,2,11.379999999999999,11.379999999999999,3.5638181771801998,8.86,13.9
MA-7164-I-19,RIO ITAPECURU,8.0,NITRATO,1,0.05,0.05,,0.05,0.05
MA-7181-I-1,RIO ITAPECURU,7.0,NITRATO,2,5.515,5.515,1.534421715174808,4.43,6.6
MA-7181-I-1,RIO ITAPECURU,8.0,NITRATO,1,0.05,0.05,,0.05,0.05
MA-7181-I-2,RIO ITAPECURU,7.0,NITRATO,2,1.84,1.84,2.602152954766495,0.0,3.68
MA-7181-I-2,RIO ITAPECURU,8.0,NITRATO,1,0.05,0.05,,0.05,0.05
MA-7181-I-3,RIO ITAPECURU,7.0,NITRATO,2,6.53,6.53,9.234814562296311,0.0,13.06
MA-7181-I-3,RIO ITAPECURU,8.0,NITRATO,1,0.05,0.05,,0.05,0.05
MA-7181-I-4,RIO ITAPECURU,7.0,NITRATO,2,2.37,2.37,3.3516861428242355,0.0,4.74
MA-7181-I-4,RIO ITAPECURU,8.0,NITRATO,1,0.05,0.05,,0.05,0.05
MA-7182-I-2,RIO PERITORO,7.0,NITRATO,2,2.965,2.965,3.8820162287141455,0.22,5.71
MA-7182-I-2,RIO PERITORO,8.0,NITRATO,1,0.1,0.1,,0.1,0.1
MA-7182-I-3,RIO PERITORO,7.0,NITRATO,2,0.5800000000000001,0.5800000000000001,0.4384062043356595,0.27,0.89
MA-7182-I-3,RIO PERITORO,8.0,NITRATO,1,0.1,0.1,,0.1,0.1
MA-7183-I-3,RIO ITAPECURU,7.0,NITRATO,2,0.665,0.665,0.5020458146424487,0.31,1.02
MA-7183-I-3,RIO ITAPECURU,8.0,NITRATO,1,0.58,0.58,,0.58,0.58
MA-7183-I-4,RIO ITAPECURU,7.0,NITRATO,2,9.365,9.365,12.989551570396879,0.18,18.55
MA-7183-I-4,RIO ITAPECURU,8.0,NITRATO,1,0.91,0.91,,0.91,0.91
MA-7184-I-1,RIO CODOZINHO,7.0,NITRATO,2,0.175,0.175,0.24748737341529162,0.0,0.35
MA-7184-I-1,RIO CODOZINHO,8.0,NITRATO,1,0.3,0.3,,0.3,0.3
MA-7185-I-1,RIACHO PERITORO,7.0,NITRATO,2,4.8500000000000005,4.8500000000000005,6.293250352560273,0.4,9.3
MA-7185-I-1,RIACHO PERITORO,8.0,NITRATO,1,0.05,0.05,,0.05,0.05
MA-7185-I-10,RIO ITAPECURU,7.0,NITRATO,2,0.11,0.11,0.15556349186104046,0.0,0.22
MA-7185-I-10,RIO ITAPECURU,8.0,NITRATO,1,0.21,0.21,,0.21,0.21
MA-7185-I-11,RIO ITAPECURU,7.0,NITRATO,2,0.865,0.865,1.2232947314527272,0.0,1.73
MA-7185-I-11,RIO ITAPECURU,8.0,NITRATO,1,0.31,0.31,,0.31,0.31
MA-7185-I-12,RIO ITAPECURU,7.0,NITRATO,2,3.1,3.1,4.200214280248093,0.13,6.07
MA-7185-I-12,RIO ITAPECURU,8.0,NITRATO,1,0.08,0.08,,0.08,0.08
MA-7185-I-3,RIO TAPUIO,7.0,NITRATO,1,2.21,2.21,,2.21,2.21
MA-7185-I-3,RIO TAPUIO,8.0,NITRATO,1,0.05,0.05,,0.05,0.05
MA-7185-I-5,RIO PIRAPEMAS,7.0,NITRATO,2,0.2,0.2,0.28284271247461906,0.0,0.4
MA-7185-I-5,RIO PIRAPEMAS,8.0,NITRATO,1,0.1,0.1,,0.1,0.1
MA-7185-I-6,RIO ITAPECURU,7.0,NITRATO,2,0.2,0.2,0.28284271247461906,0.0,0.4
MA-7185-I-6,RIO ITAPECURU,8.0,NITRATO,1,0.1,0.1,,0.1,0.1
MA-7185-I-7,RIO ITAPECURU,7.0,NITRATO,2,9.61,9.61,13.208754672564707,0.27,18.95
MA-7185-I-7,RIO ITAPECURU,8.0,NITRATO,1,0.12,0.12,,0.12,0.12
MA-7185-I-8,RIO ITAPECURU,7.0,NITRATO,2,1.615,1.615,2.100107140124046,0.13,3.1
MA-7185-I-8,RIO ITAPECURU,8.0,NITRATO,1,0.38,0.38,,0.38,0.38
MA-7191-IE-4,RIO ITAPECURU,7.0,NITRATO,2,5.16,5.16,5.232590180780451,1.46,8.86
MA-7191-IE-4,RIO ITAPECURU,8.0,NITRATO,1,0.05,0.05,,0.05,0.05
MA-7164-I-19,RIO ITAPECURU,8.0,NITRITO,1,0.05,0.05,,0.05,0.05
MA-7181-I-1,RIO ITAPECURU,8.0,NITRITO,1,0.05,0.05,,0.05,0.05
MA-7181-I-2,RIO ITAPECURU,8.0,NITRITO,1,0.05,0.05,,0.05,0.05
MA-7181-I-3,RIO ITAPECURU,8.0,NITRITO,1,0.05,0.05,,0.05,0.05
MA-7181-I-4,RIO ITAPECURU,8.0,NITRITO,1,0.05,0.05,,0.05,0.05
MA-7182-I-2,RIO PERITORO,8.0,NITRITO,1,0.1,0.1,,0.1,0.1
MA-7182-I-3,RIO PERITORO,8.0,NITRITO,1,0.1,0.1,,0.1,0.1
MA-7183-I-3,RIO ITAPECURU,8.0,NITRITO,1,0.1,0.1,,0.1,0.1
MA-7183-I-4,RIO ITAPECURU,8.0,NITRITO,1,0.1,0.1,,0.1,0.1
MA-7184-I-1,RIO CODOZINHO,8.0,NITRITO,1,0.1,0.1,,0.1,0.1
MA-7185-I-1,RIACHO PERITORO,8.0,NITRITO,1,0.1,0.1,,0.1,0.1
MA-7185-I-10,RIO ITAPECURU,8.0,NITRITO,1,0.1,0.1,,0.1,0.1
MA-7185-I-11,RIO ITAPECURU,8.0,NITRITO,1,0.1,0.1,,0.1,0.1
MA-7185-I-12,RIO ITAPECURU,8.0,NITRITO,1,0.1,0.1,,0.1,0.1
MA-7185-I-3,RIO TAPUIO,8.0,NITRITO,1,0.05,0.05,,0.05,0.05
MA-7185-I-5,RIO PIRAPEMAS,8.0,NITRITO,1,0.1,0.1,,0.1,0.1
MA-7185-I-6,RIO ITAPECURU,8.0,NITRITO,1,0.1,0.1,,0.1,0.1
MA-7185-I-7,RIO ITAPECURU,8.0,NITRITO,1,0.1,0.1,,0.1,0.1
MA-7185-I-8,RIO ITAPECURU,8.0,NITRITO,1,0.1,0.1,,0.1,0.1
MA-7191-IE-4,RIO ITAPECURU,8.0,NITRITO,1,0.05,0.05,,0.05,0.05
MA-7164-I-19,RIO ITAPECURU,8.0,SULFATO,1,3.66,3.66,,3.66,3.66
MA-7181-I-1,RIO ITAPECURU,8.0,SULFATO,1,3.89,3.89,,3.89,3.89
MA-7181-I-2,RIO ITAPECURU,8.0,SULFATO,1,3.53,3.53,,3.53,3.53
MA-7181-I-3,RIO ITAPECURU,8.0,SULFATO,1,9.18,9.18,,9.18,9.18
MA-7181-I-4,RIO ITAPECURU,8.0,SULFATO,1,9.52,9.52,,9.52,9.52
MA-7182-I-2,RIO PERITORO,8.0,SULFATO,1,1.95,1.95,,1.95,1.95
MA-7182-I-3,RIO PERITORO,8.0,SULFATO,1,1.92,1.92,,1.92,1.92
MA-7183-I-3,RIO ITAPECURU,8.0,SULFATO,1,4.27,4.27,,4.27,4.27
MA-7183-I-4,RIO ITAPECURU,8.0,SULFATO,1,4.04,4.04,,4.04,4.04
MA-7184-I-1,RIO CODOZINHO,8.0,SULFATO,1,2.2,2.2,,2.2,2.2
MA-7185-I-1,RIACHO PERITORO,8.0,SULFATO,1,1.22,1.22,,1.22,1.22
MA-7185-I-10,RIO ITAPECURU,8.0,SULFATO,1,1.61,1.61,,1.61,1.61
MA-7185-I-11,RIO ITAPECURU,8.0,SULFATO,1,2.13,2.13,,2.13,2.13
MA-7185-I-12,RIO ITAPECURU,8.0,SULFATO,1,0.6,0.6,,0.6,0.6
MA-7185-I-3,RIO TAPUIO,8.0,SULFATO,1,0.05,0.05,,0.05,0.05
MA-7185-I-5,RIO PIRAPEMAS,8.0,SULFATO,1,0.18,0.18,,0.18,0.18
MA-7185-I-6,RIO ITAPECURU,8.0,SULFATO,1,0.1,0.1,,0.1,0.1
MA-7185-I-7,RIO ITAPECURU,8.0,SULFATO,1,1.99,1.99,,1.99,1.99
MA-7185-I-8,RIO ITAPECURU,8.0,SULFATO,1,1.74,1.74,,1.74,1.74
MA-7191-IE-4,RIO ITAPECURU,8.0,SULFATO,1,41.93,41.93,,41.93,41.93
MA-7164-I-19,RIO ITAPECURU,8.0,FOSFATO_TOTAL,1,0.05,0.05,,0.05,0.05
MA-7181-I-1,RIO ITAPECURU,8.0,FOSFATO_TOTAL,1,0.05,0.05,,0.05,0.05
MA-7181-I-2,RIO ITAPECURU,8.0,FOSFATO_TOTAL,1,0.05,0.05,,0.05,0.05
MA-7181-I-3,RIO ITAPECURU,8.0,FOSFATO_TOTAL,1,0.05,0.05,,0.05,0.05
MA-7181-I-4,RIO ITAPECURU,8.0,FOSFATO_TOTAL,1,0.05,0.05,,0.05,0.05
MA-7182-I-2,RIO PERITORO,8.0,FOSFATO_TOTAL,1,0.1,0.1,,0.1,0.1
MA-7182-I-3,RIO PERITORO,8.0,FOSFATO_TOTAL,1,0.1,0.1,,0.1,0.1
MA-7183-I-3,RIO ITAPECURU,8.0,FOSFATO_TOTAL,1,0.1,0.1,,0.1,0.1
MA-7183-I-4,RIO ITAPECURU,8.0,FOSFATO_TOTAL,1,0.1,0.1,,0.1,0.1
MA-7184-I-1,RIO CODOZINHO,8.0,FOSFATO_TOTAL,1,0.1,0.1,,0.1,0.1
MA-7185-I-1,RIACHO PERITORO,8.0,FOSFATO_TOTAL,1,0.1,0.1,,0.1,0.1
MA-7185-I-10,RIO ITAPECURU,8.0,FOSFATO_TOTAL,1,0.1,0.1,,0.1,0.1
MA-7185-I-11,RIO ITAPECURU,8.0,FOSFATO_TOTAL,1,0.1,0.1,,0.1,0.1
MA-7185-I-12,RIO ITAPECURU,8.0,FOSFATO_TOTAL,1,0.1,0.1,,0.1,0.1
MA-7185-I-3,RIO TAPUIO,8.0,FOSFATO_TOTAL,1,0.05,0.05,,0.05,0.05
MA-7185-I-5,RIO PIRAPEMAS,8.0,FOSFATO_TOTAL,1,0.1,0.1,,0.1,0.1
MA-7185-I-6,RIO ITAPECURU,8.0,FOSFATO_TOTAL,1,0.1,0.1,,0.1,0.1
MA-7185-I-7,RIO ITAPECURU,8.0,FOSFATO_TOTAL,1,0.1,0.1,,0.1,0.1
MA-7185-I-8,RIO ITAPECURU,8.0,FOSFATO_TOTAL,1,0.1,0.1,,0.1,0.1
MA-7191-IE-4,RIO ITAPECURU,8.0,FOSFATO_TOTAL,1,0.05,0.05,,0.05,0.05
MA-7164-I-19,RIO ITAPECURU,7.0,ORTOFOSFATO,2,0.0,0.0,0.0,0.0,0.0
MA-7181-I-1,RIO ITAPECURU,7.0,ORTOFOSFATO,2,1.075,1.075,0.4596194077712558,0.75,1.4
MA-7181-I-2,RIO ITAPECURU,7.0,ORTOFOSFATO,2,0.0,0.0,0.0,0.0,0.0
MA-7181-I-3,RIO ITAPECURU,7.0,ORTOFOSFATO,2,0.0,0.0,0.0,0.0,0.0
MA-7181-I-4,RIO ITAPECURU,7.0,ORTOFOSFATO,2,0.0,0.0,0.0,0.0,0.0
MA-7182-I-2,RIO PERITORO,7.0,ORTOFOSFATO,2,0.91,0.91,0.8202438661763952,0.33,1.49
MA-7182-I-3,RIO PERITORO,7.0,ORTOFOSFATO,2,9.34,9.34,13.208754672564707,0.0,18.68
MA-7183-I-3,RIO ITAPECURU,7.0,ORTOFOSFATO,2,0.655,0.655,0.9263098833543773,0.0,1.31
MA-7183-I-4,RIO ITAPECURU,7.0,ORTOFOSFATO,2,0.785,0.785,1.1101576464628797,0.0,1.57
MA-7184-I-1,RIO CODOZINHO,7.0,ORTOFOSFATO,2,9.49,9.49,12.996622638208743,0.3,18.68
MA-7185-I-1,RIACHO PERITORO,7.0,ORTOFOSFATO,2,0.805,0.805,1.1384419177103415,0.0,1.61
MA-7185-I-10,RIO ITAPECURU,7.0,ORTOFOSFATO,2,0.745,0.745,1.053589103967956,0.0,1.49
MA-7185-I-11,RIO ITAPECURU,7.0,ORTOFOSFATO,2,0.48,0.48,0.6788225099390857,0.0,0.96
MA-7185-I-12,RIO ITAPECURU,7.0,ORTOFOSFATO,2,1.025,1.025,1.4495689014324225,0.0,2.05
MA-7185-I-3,RIO TAPUIO,7.0,ORTOFOSFATO,1,0.0,0.0,,0.0,0.0
MA-7185-I-5,RIO PIRAPEMAS,7.0,ORTOFOSFATO,2,1.56,1.56,2.1213203435596424,0.06,3.06
MA-7185-I-6,RIO ITAPECURU,7.0,ORTOFOSFATO,2,1.495,1.495,2.114249275747777,0.0,2.99
MA-7185-I-7,RIO ITAPECURU,7.0,ORTOFOSFATO,2,0.33,0.33,0.4666904755831214,0.0,0.66
MA-7185-I-8,RIO ITAPECURU,7.0,ORTOFOSFATO,2,0.0,0.0,0.0,0.0,0.0
MA-7191-IE-4,RIO ITAPECURU,7.0,ORTOFOSFATO,2,0.635,0.635,0.8980256121069153,0.0,1.27
MA-7164-I-19,RIO ITAPECURU,7.0,FOSFORO_TOTAL,2,0.0,0.0,0.0,0.0,0.0
MA-7181-I-1,RIO ITAPECURU,7.0,FOSFORO_TOTAL,2,0.025,0.025,0.03535533905932738,0.0,0.05
MA-7181-I-2,RIO ITAPECURU,7.0,FOSFORO_TOTAL,2,0.51,0.51,0.7212489168102785,0.0,1.02
MA-7181-I-3,RIO ITAPECURU,7.0,FOSFORO_TOTAL,2,0.51,0.51,0.7212489168102785,0.0,1.02
MA-7181-I-4,RIO ITAPECURU,7.0,FOSFORO_TOTAL,2,0.76,0.76,1.0748023074035522,0.0,1.52
MA-7182-I-2,RIO PERITORO,7.0,FOSFORO_TOTAL,2,0.755,0.755,0.6717514421272202,0.28,1.23
MA-7182-I-3,RIO PERITORO,7.0,FOSFORO_TOTAL,2,0.32,0.32,0.4525483399593904,0.0,0.64
MA-7183-I-3,RIO ITAPECURU,7.0,FOSFORO_TOTAL,2,0.46,0.46,0.6505382386916237,0.0,0.92
MA-7183-I-4,RIO ITAPECURU,7.0,FOSFORO_TOTAL,2,0.245,0.245,0.3464823227814083,0.0,0.49
MA-7184-I-1,RIO CODOZINHO,7.0,FOSFORO_TOTAL,2,0.73,0.73,0.33941125496954283,0.49,0.97
MA-7185-I-1,RIACHO PERITORO,7.0,FOSFORO_TOTAL,2,0.68,0.68,0.9616652224137048,0.0,1.36
MA-7185-I-10,RIO ITAPECURU,7.0,FOSFORO_TOTAL,2,0.44,0.44,0.28284271247461906,0.24,0.64
MA-7185-I-11,RIO ITAPECURU,7.0,FOSFORO_TOTAL,2,1.005,1.005,1.4212846301849604,0.0,2.01
MA-7185-I-12,RIO ITAPECURU,7.0,FOSFORO_TOTAL,2,0.0,0.0,0.0,0.0,0.0
MA-7185-I-3,RIO TAPUIO,7.0,FOSFORO_TOTAL,1,0.22,0.22,,0.22,0.22
MA-7185-I-5,RIO PIRAPEMAS,7.0,FOSFORO_TOTAL,2,0.44,0.44,0.3959797974644666,0.16,0.72
MA-7185-I-6,RIO ITAPECURU,7.0,FOSFORO_TOTAL,2,0.595,0.595,0.3747665940288702,0.33,0.86
MA-7185-I-7,RIO ITAPECURU,7.0,FOSFORO_TOTAL,2,0.325,0.325,0.45961940777125593,0.0,0.65
MA-7185-I-8,RIO ITAPECURU,7.0,FOSFORO_TOTAL,2,0.915,0.915,1.294005409571382,0.0,1.83
MA-7191-IE-4,RIO ITAPECURU,7.0,FOSFORO_TOTAL,2,0.27,0.27,0.15556349186104046,0.16,0.38
MA-7164-I-19,RIO ITAPECURU,7.0,NITROGENIO_AMONIACAL,2,0.08,0.08,0.1131370849898476,0.0,0.16
MA-7181-I-1,RIO ITAPECURU,7.0,NITROGENIO_AMONIACAL,2,0.01,0.01,0.01414213562373095,0.0,0.02
MA-7181-I-2,RIO ITAPECURU,7.0,NITROGENIO_AMONIACAL,2,0.09999999999999999,0.09999999999999999,0.1131370849898476,0.02,0.18
MA-7181-I-3,RIO ITAPECURU,7.0,NITROGENIO_AMONIACAL,2,0.15,0.15,0.21213203435596426,0.0,0.3
MA-7181-I-4,RIO ITAPECURU,7.0,NITROGENIO_AMONIACAL,2,0.1,0.1,0.02828427124746189,0.08,0.12
MA-7182-I-2,RIO PERITORO,7.0,NITROGENIO_AMONIACAL,2,0.10500000000000001,0.10500000000000001,0.007071067811865467,0.1,0.11
MA-7182-I-3,RIO PERITORO,7.0,NITROGENIO_AMONIACAL,2,0.06,0.06,0.028284271247461905,0.04,0.08
MA-7183-I-3,RIO ITAPECURU,7.0,NITROGENIO_AMONIACAL,2,0.21500000000000002,0.21500000000000002,0.07778174593052024,0.16,0.27
MA-7183-I-4,RIO ITAPECURU,7.0,NITROGENIO_AMONIACAL,2,0.185,0.185,0.09192388155425119,0.12,0.25
MA-7184-I-1,RIO CODOZINHO,7.0,NITROGENIO_AMONIACAL,2,0.185,0.185,0.04949747468305833,0.15,0.22
MA-7185-I-1,RIACHO PERITORO,7.0,NITROGENIO_AMONIACAL,2,0.06,0.06,0.08485281374238571,0.0,0.12
MA-7185-I-10,RIO ITAPECURU,7.0,NITROGENIO_AMONIACAL,2,0.0,0.0,0.0,0.0,0.0
MA-7185-I-11,RIO ITAPECURU,7.0,NITROGENIO_AMONIACAL,2,0.06,0.06,0.08485281374238571,0.0,0.12
MA-7185-I-12,RIO ITAPECURU,7.0,NITROGENIO_AMONIACAL,2,0.0,0.0,0.0,0.0,0.0
MA-7185-I-3,RIO TAPUIO,7.0,NITROGENIO_AMONIACAL,1,0.4,0.4,,0.4,0.4
MA-7185-I-5,RIO PIRAPEMAS,7.0,NITROGENIO_AMONIACAL,2,0.05,0.05,0.014142135623730945,0.04,0.06
MA-7185-I-6,RIO ITAPECURU,7.0,NITROGENIO_AMONIACAL,2,0.21,0.21,0.042426406871192854,0.18,0.24
MA-7185-I-7,RIO ITAPECURU,7.0,NITROGENIO_AMONIACAL,2,0.225,0.225,0.14849242404917498,0.12,0.33
MA-7185-I-8,RIO ITAPECURU,7.0,NITROGENIO_AMONIACAL,2,0.12,0.12,0.16970562748477142,0.0,0.24
MA-7191-IE-4,RIO ITAPECURU,7.0,NITROGENIO_AMONIACAL,2,0.21,0.21,0.12727922061357855,0.12,0.3
